"Artist","Title"
"""Weird Al"" Yankovic","Canadian Idiot"
"""Weird Al"" Yankovic","Ebay"
"""Weird Al"" Yankovic","Men In Brown"
"(G)I-DLE","Queencard"
"101 Dalmatians (Disney)","Cruella De Vil"
"10cc","Donna"
"10cc","Dreadlock Holiday"
"10cc","I'm Mandy Fly Me"
"10cc","I'm Not In Love"
"10cc","Rubber Bullets"
"10cc","The Things We Do For Love"
"1910 Fruitgum Company","Simon Says"
"1927","If I Could"
"2 States","Locha_E_Ulfat"
"2 States","Mast Magan"
"2 Unlimited","No Limit"
"21 Savage","redrum"
"220 Kid & Gracey","Don't Need Love"
"24kGoldn & Iann Dior","Mood"
"2Pac","Changes"
"2Pac","Dear Mama"
"2Pac & Notorious B.I.G.","Runnin' (Dying To Live)"
"2Pac Feat. Dr. Dre ","California Love"
"3 Doors Down","Here Without You"
"3 Doors Down","Kryptonite"
"3 of Hearts","Christmas Shoes"
"30 Seconds To Mars","From Yesterday"
"30 Seconds To Mars","Kings And Queens"
"30 Seconds To Mars","Rescue Me"
"30 Seconds To Mars","The Kill"
"3Oh!3 feat. Katy Perry","Starstrukk"
"3T","Anything"
"4 Non Blondes","What's Up"
"5 Seconds of Summer","Amnesia"
"5 Seconds of Summer","Don't Stop"
"5 Seconds of Summer","Fly Away"
"5 Seconds of Summer","Girls Talk Boys"
"5 Seconds of Summer","Good Girls"
"5 Seconds of Summer","Hey Everybody"
"5 Seconds of Summer","She Looks So Perfect"
"5 Seconds of Summer","She's Kinda Hot"
"5 Seconds of Summer","Youngblood"
"5 Seconds of Summer (Feat. Julia Michaels)","Lie to Me"
"50 Cent","Candy Shop"
"50 Cent","In Da Club"
"50 Cent","Just A Lil Bit"
"50 Cent Feat. Eminem & Adam Levine","My Life"
"50 Cent feat. Nate Dogg","21 Questions"
"50 Cent Feat. Snoop Dogg and Young Jeezy","Major Distribution"
"5ive","Everybody Get Up"
"5ive","Got The Feelin'"
"5ive","If Ya Getting Down"
"5ive","Keep On Movin'"
"5ive","Let's Dance"
"5ive","We Will Rock You"
"5ive","When The Lights Go Out"
"6ix9ine & Nicki Minaj","Trollz"
"6ix9ine, Anuel AA","BEBE"
"6LACK Feat. J Cole","Pretty Little Fears"
"7Б","Молодые ветра"
"883","Nord Sud Ovest Est"
"911","A Little Bit More"
"9ice","Gongo Aso"
"A Bugs Life","The Time Of Your Life"
"A Chorus Line (Musical)","Nothing "
"A Chorus Line (Musical)","One"
"A Chorus Line (Musical)","What I Did For Love"
"A Goofy Movie","After Today"
"A Great Big World Feat. Christina Aguillera","Say Something"
"A Taste Of Honey","Boogie Oogie Oogie"
"A Tribe Called Quest","Can I Kick It"
"A$AP Rocky","Goldie"
"A$AP Rocky","Punk Rocky"
"A$AP Rocky Feat. Rod Stewart, Miguel and Mark Ronson","Everyday"
"A.R. Rahman & Pussycat Dolls","Jai Ho (You Are My Destiny)"
"A.R. Rahman, Javed Ali, Kirti Sagathia & Pooja AV","Tum Tak"
"A1","Caught In The Middle"
"A1","Like A Rose"
"A1","Same Old Brand New You"
"A1","Take On Me"
"Aaliyah","More Than A Woman"
"Aaliyah","Try Again"
"Aaliyah Feat. Timbaland","We Need A Resolution"
"Aashiqui","Dheere Dheere Se"
"Aashiqui 2","Chahun Main Ya Na"
"Aashiqui 2","Meri Aashiqui"
"Aashiqui 2","Piya Aaye Na"
"ABBA","Abba Medley"
"ABBA","Angel Eyes"
"ABBA","Bang-A-Boomerang"
"ABBA","Chiquitita"
"ABBA","Dancing Queen"
"ABBA","Does Your Mother Know"
"ABBA","Don't Shut Me Down"
"ABBA","Fernando"
"ABBA","Gimme Gimme Gimme"
"ABBA","Happy New Year"
"ABBA","Hasta Manana"
"ABBA","Head Over Heels"
"ABBA","Honey Honey"
"ABBA","I Have A Dream"
"ABBA","I Still Have Faith In You"
"ABBA","Just A Notion"
"ABBA","Knowing Me Knowing You"
"ABBA","Lay All Your Love On Me"
"ABBA","Mamma Mia"
"ABBA","Money Money Money"
"ABBA","One Of Us"
"ABBA","Our Last Summer"
"ABBA","Ring Ring"
"ABBA","Rock Me"
"ABBA","S.O.S."
"ABBA","Slipping Through My Fingers"
"ABBA","So Long"
"ABBA","Summer Night City"
"ABBA","Super Trouper"
"ABBA","Take A Chance On Me"
"ABBA","Thank You For The Music"
"ABBA","The Winner Takes It All"
"ABBA","Voulez-Vous"
"ABBA","Waterloo"
"ABC","All Of My Heart"
"ABC","Poison Arrow"
"ABC","The Flames Of Desire"
"ABC","The Look Of Love"
"ABC","When Smokey Sings"
"Abd El Fattah Grini & Jamila","Jabara Fan"
"Abdul Majeed Abdullah","Ensan Aktar"
"Abdul Majeed Abdullah","Ya Taib El Galb"
"Abu feat. Yosra","3 Daqat"
"AC/DC","Back In Black"
"AC/DC","Big Gun"
"AC/DC","For Those About To Rock"
"AC/DC","Heatseeker"
"AC/DC","Hell's Bells"
"AC/DC","Highway To Hell"
"AC/DC","It's A Long Way To The Top (If You Wanna Rock 'N'  Roll)"
"AC/DC","Jailbreak"
"AC/DC","Let There Be Rock"
"AC/DC","Play Ball"
"AC/DC","Rock N Roll Train"
"AC/DC","Rocker"
"AC/DC","Shot In The Dark"
"AC/DC","Stiff Upper Lip"
"AC/DC","T.N.T"
"AC/DC","The Jack"
"AC/DC","Thunderstruck"
"AC/DC","You Shook Me All Night Long"
"Accept","Balls To The Wall"
"Ace","How Long"
"Ace Of Base","All That She Wants"
"Ace Of Base","Beautiful Life"
"Ace Of Base","Don't Turn Around"
"Ace Of Base","Life Is A Flower"
"Ace Of Base","The Sign"
"Acraze","Do It To It"
"Adam & The Ants","Ant Music"
"Adam & The Ants","Goody Two Shoes"
"Adam & The Ants","Prince Charming"
"Adam & The Ants","Stand & Deliver"
"Adam Faith","Lonely Pup (In A Christmas Shop)"
"Adam Faith","What Do You Want"
"Adam Lambert","Better Than I Know Myself"
"Adam Lambert","Ghost Town"
"Adam Lambert","Never Close Our Eyes"
"Adam Lambert","Time For Miracles"
"Adam Lambert","Whataya Want From Me"
"Adam Levine","Go Now"
"Adam Levine","Lost Stars"
"Adam Port, Stryv, Keinemusik, Orso & Malachiii","Move"
"Adamski","Killer"
"Addison Rae","Aquamarine"
"Addison Rae","Diet Pepsi"
"Addison Rae","Headphones On"
"Addison Rae","High Fashion"
"Adele","All I Ask"
"Adele","Best For Last"
"Adele","Chasing Pavements"
"Adele","Cold Shoulder"
"Adele","Don't You Remember"
"Adele","Easy On Me"
"Adele","He Won't Go"
"Adele","Hello"
"Adele","Hiding My Heart"
"Adele","Hold On"
"Adele","Hometown Glory"
"Adele","I Drink Wine"
"Adele","I'll Be Waiting"
"Adele","Lovesong"
"Adele","Make You Feel My Love"
"Adele","Melt My Heart To Stone"
"Adele","Million Years Ago"
"Adele","Oh My God"
"Adele","One And Only"
"Adele","Promise This"
"Adele","Remedy"
"Adele","Right As Rain"
"Adele","Rolling In The Deep"
"Adele","Rumour Has It"
"Adele","Send My Love (To Your New Lover)"
"Adele","Set Fire To The Rain"
"Adele","Skyfall"
"Adele","Someone Like You"
"Adele","Take It All"
"Adele","To Be Loved"
"Adele","Turning Tables"
"Adele","Water Under The Bridge"
"Adele","When We Were Young"
"A-Dessa","Женщина, я не танцую"
"Adham Nabulsi","Ossetna Kholset"
"Adina Howard","Freak Like Me"
"Adriano Celentano","Azzurro"
"Adriano Celentano","Il Ragazzo Della Via Gluck"
"Adriano Celentano","Il Tempo Se Ne Va"
"Adriano Celentano","L'emozione non ha voce"
"Adriano Celentano","Preghero (Stand By Me)"
"Adriano Celentano","Svalutation"
"Adriano Celentano","Una Festa Sui Prati"
"Adventures Of Stevie V","Dirty Cash"
"Ae Dil Hai Mushkil","Bulleya"
"Ae Dil Hai Mushkil","Channa Mereya"
"Ae Dil Hai Mushkil","Cutiepie"
"Aerosmith","Angel"
"Aerosmith","Back In The Saddle"
"Aerosmith","Crazy"
"Aerosmith","Cryin'"
"Aerosmith","Dream On"
"Aerosmith","Dude (Looks Like A Lady)"
"Aerosmith","Eat The Rich"
"Aerosmith","I Don't Want To Miss A Thing"
"Aerosmith","Love In An Elevator"
"Aerosmith","Pink"
"Aerosmith","Rag Doll"
"Aerosmith","Same Old Song And Dance"
"Aerosmith","Sweet Emotion"
"Aerosmith","Walk This Way"
"Aerosmith & Run DMC","Walk This Way"
"Aespa","Drama"
"Aespa","Supernova"
"Aespa","Whiplash"
"Afrojack, David Guetta","Hero"
"Afroman","Because I Got High"
"Agent Vinod","Pungi"
"Agent Vinod","Raabta"
"Aggro Santos Feat. Kimberly Wyatt","Candy"
"Agneepath","Chikni chameli"
"Agnes","Release Me"
"Agnetha Falstkog","Dance Your Pain Away"
"A-Ha","Hunting High & Low"
"A-Ha","Take On Me"
"A-Ha","The Living Daylights"
"A-Ha","The Sun Always Shines On TV"
"A-Ha","Under the Makeup"
"Ahmed Gamal","Akher Meaad"
"Ahmed Saad","Aleky Eyoun"
"Air","All I Need"
"Air Supply","All Out Of Love"
"Air Supply","Chances Are"
"Air Supply","Just As I Am"
"Air Supply","Making Love Out Of Nothing At All"
"Aitana","En el Coche"
"Aitana","Superestrella"
"Aitch","Taste (Make It Shake)"
"Aitch feat. Ed Sheeran","My G"
"Aitch, Ashanti","Baby"
"AJ Mitchell Feat. Ava Max","Slow Dance"
"AJR","I'm Ready"
"Akon","Bananza (Belly Dancer)"
"Akon","Don't Matter"
"Akon","Locked Up"
"Akon","Lonely"
"Akon","Right Now (Na Na Na)"
"Akon","Sorry, Blame It On Me"
"Akon","We Don't Care"
"Akon Feat. Kardinal Offishall & Colby O'Donis","Beautiful"
"Al Bano & Romina Power","Ci Sarà"
"Al Bano & Romina Power","Felicità"
"Al Bano & Romina Power","Sempre Sempre"
"Al Bano & Romina Power","Sharazan"
"Al Green","Let's Stay Together"
"Al Green","Tired Of Being Alone"
"Al Jarreau","Roof Garden"
"Al Martino","Here In My Heart"
"Al Martino","Spanish Eyes"
"Al Stewart","Time Passages"
"Al Stewart","Year Of The Cat"
"Al Wilson","The Snake"
"Alabama","Close Enough To Perfect"
"Alabama","Mountain Music"
"Alabama","Song Of The South"
"Alabama","Take Me Down"
"Aladdin","Ce rêve bleu"
"Aladdin (Disney)","A Whole New World"
"Aladdin (Disney)","Arabian Nights"
"Aladdin (Disney)","Friend Like Me"
"Aladdin (Disney)","One Jump Ahead"
"Aladdin (Disney)","Prince Ali"
"Alan Jackson","Chasin' That Neon Rainbow"
"Alan Jackson","Chattahoochee"
"Alan Jackson","Dallas"
"Alan Jackson","Don't Rock The Jukebox"
"Alan Jackson","Gone Country"
"Alan Jackson","I Only Want You For Christmas"
"Alan Jackson","I'd Love You All Over Again"
"Alan Jackson","Love's Got A Hold On You"
"Alan Jackson","Remember When"
"Alan Jackson","Ring Of Fire"
"Alan Jackson","She's Got The Rhythm (And I Got The Blues)"
"Alan Jackson","Someday"
"Alan Jackson","Wanted"
"Alan Jackson & Jimmy Buffet","It's Five O Clock Somewhere"
"Alan Price","Jarrow Song"
"Alan Price Set","Don't Stop The Carnival"
"Alan Price Set","Simon Smith & His Amazing Dancing Bear"
"Alan Sorrenti","Tu sei l'unica donna per me"
"Alan Walker","Faded"
"Alan Walker Feat. Sophia Somajo","Diamond Heart"
"Alanis Morissette","All I Really Want"
"Alanis Morissette","Crazy"
"Alanis Morissette","Everything"
"Alanis Morissette","Hand In My Pocket"
"Alanis Morissette","Hands Clean"
"Alanis Morissette","Head Over Feet"
"Alanis Morissette","I See Right Through You"
"Alanis Morissette","Ironic"
"Alanis Morissette","Joining You"
"Alanis Morissette","Not The Doctor"
"Alanis Morissette","Thank U"
"Alanis Morissette","That I Would Be Good"
"Alanis Morissette","Underneath"
"Alanis Morissette","Uninvited"
"Alanis Morissette","You Learn"
"Alanis Morissette","You Oughta Know"
"Alannah Myles","Black Velvet"
"Alaska Y Dinarama","Bailando"
"Alcazar","Crying At The Discoteque"
"Aled Jones","Walking In The Air ('The Snowman')"
"Alejandro Fernandez ft. Christina Aguilera","Hoy Tengo Ganas De Ti"
"Alejandro Sanz","Amiga Mia"
"Alejandro Sanz","Corazón partío"
"Alejandro Sanz Y Alicia Keys","Looking For Paradise"
"Alesha Dixon","Breathe Slow"
"Alesha Dixon","Drummer Boy"
"Alesha Dixon","The Boy Does Nothing"
"Alesha Dixon","The Way We Are"
"Alessia Cara","Here"
"Alessia Cara","Scars To Your Beautiful"
"Alessia Cara","Wild Things"
"Alesso","Remedy"
"Alesso Feat. Roy English","Cool"
"Alesso Feat. Sirena","Sweet Escape"
"Alesso Feat. Tove Lo","Heroes"
"Alesso feat. Zara Larsson","Words"
"Alesso, Katy Perry","When I'm Gone"
"Alex Adair","Make Me Feel Better"
"Alex Clare","Too Close"
"Alex Day","Forever Yours"
"Alex Day","Lady Godiva"
"Alex Gaudino Feat. Kelly Rowland","What A Feeling"
"Alex Hosking","Just For Tonight"
"Alex Party","Don't Give Me Your Life"
"Alex Warren","Burning Down"
"Alex Warren","Carry You Home"
"Alex Warren","Eternity"
"Alex Warren","Fever Dream"
"Alex Warren","Fine Place To Die"
"Alex Warren","Ordinary"
"Alex Warren","Rescuer"
"Alex Warren & Jelly Roll","Bloodline"
"Alexa Goddard","We Broke The Sky"
"Alexander Brothers","Flower Of Scotland"
"Alexander O'Neal","Criticize"
"Alexander O'Neal","If You Were Here Tonight"
"Alexander Rybak","Fairytale"
"Alexandra Burke","All Night Long"
"Alexandra Burke","Broken Heels"
"Alexandra Burke","Hallelujah"
"Alexandra Burke","Start Without You"
"Alexandra Burke","The Silence"
"Alexandra Burke Feat. Erick Morillo","Elephant"
"Alexandra Burke Feat. Flo Rida","Bad Boys"
"Alexandra Stan","Mr Saxobeat"
"Alexis Jordan","Good Girl"
"Alexis Jordan","Happiness"
"Alexis Jordan","Hush Hush"
"Alexis y Fido","Una En Un Millón"
"Alice & Franco Battiato","I Treni di Tozeur"
"Alice Cooper","Feed My Frankenstein"
"Alice Cooper","No More Mr. Nice Guy"
"Alice Cooper","Poison"
"Alice Cooper","School's Out"
"Alice In Chains","Rooster"
"Alice In Chains","Them Bones"
"Alice Merton","No Roots"
"Alicia Keys","A Woman's Worth"
"Alicia Keys","Brand New Me"
"Alicia Keys","Butterflyz"
"Alicia Keys","Doesn't Mean Anything"
"Alicia Keys","Empire State Of Mind (Part 2)"
"Alicia Keys","Fallin'"
"Alicia Keys","Girl On Fire"
"Alicia Keys","Golden Child"
"Alicia Keys","How Come You Don't Call Me"
"Alicia Keys","If I Ain't Got You"
"Alicia Keys","Jane Doe"
"Alicia Keys","Kaleidoscope"
"Alicia Keys","Karma"
"Alicia Keys","Like You'll Never See Me Again"
"Alicia Keys","Lovin' U"
"Alicia Keys","No One"
"Alicia Keys","Piano & I"
"Alicia Keys","Superwoman"
"Alicia Keys","Try Sleeping With A Broken Heart"
"Alicia Keys","Un-Thinkable (I'm Ready)"
"Alicia Keys","Wait 'Till You See My Smile"
"Alicia Keys","You Don't Know My Name"
"Alicia Keys & John Mayer","Lesson Learned"
"Alicia Keys Feat. A$AP Rocky","Blended Family"
"Alicia Keys Feat. Tony! Toni! Tone!","Diary"
"Alien Ant Farm","Smooth Criminal"
"Aline Khalaf","Wayed Wayed"
"Aline Khalaf","Ya Sababin El Shay"
"Aliotta Haynes Jeremiah","Lake Shore Drive"
"Alisha's Attic","I Am I Feel"
"Alison Krauss","Losing You"
"Alison Krauss & Union Station","When You Say Nothing At All"
"Alison Moyet","All Cried Out"
"Alison Moyet","Is This Love"
"Alison Moyet","Love Letters"
"Alison Moyet","Love Resurrection"
"Alison Moyet","That Old Devil Called Love"
"Alison Moyet","Weak In The Presence Of Beauty"
"Alison Moyet","When I Was Your Girl"
"Alithia & Donna","Uptown Top Ranking"
"Alka Yagnik, Amit Kumar, Kavita Krishnamurthy, Sonu Nigam and Udit Narayan","Bole Chudiya"
"All 4 One","I Swear"
"All About Eve","Martha's Harbour"
"All Is Well","Nachan Farrate"
"All Saints","All Hooked Up"
"All Saints","Black Coffee"
"All Saints","Bootie Call"
"All Saints","I Know Where It's At"
"All Saints","Never Ever"
"All Saints","One Woman Man"
"All Saints","Pure Shores"
"All Saints","Under The Bridge"
"All Seeing I Feat. Tony Christie","Walk Like A Panther"
"All Time Low","Dear Maria, Count Me In"
"Alle Farben Feat. Graham Candy","She Moves (Far Away)"
"Allman Brothers Band","Soulshine"
"Alma","Chasing Highs"
"Aloe Blacc","I Need A Dollar"
"Aloe Blacc","Loving You Is Killing Me"
"Aloe Blacc","The Man"
"Alok & Jess Glynne","Love Has Gone"
"Alok & Kylie Minogue","Last Night I Dreamt I Fell In Love"
"Alphabeat","10,000 Nights"
"Alphabeat","Boyfriend"
"Alphabeat","Fascination"
"Alphaville","Big In Japan"
"Altered Images","Happy Birthday"
"alt-J","Every Other Freckle"
"alt-J","Matilda"
"alt-J","Something Good"
"Aluna George & DJ Snake","You Know You Like It"
"AlunaGeorge","Attracting Flies"
"AlunaGeorge","Diver"
"AlunaGeorge Feat. Popcaan","I'm In Control"
"Alvaro Soler","El mismo sol"
"Alvaro Soler","Sofía"
"Alvin & The Chipmunks","Bad Day"
"Alvin Stardust","Jealous Mind"
"Alvin Stardust","My Coo Ca Choo"
"Alvin Stardust","Red Dress"
"Alvin Stardust","You You You"
"Alyosha","Безоружная"
"Amanda Miguel","El Me Mintió"
"Amelia Lily","Party Over"
"Amelia Lily","You Bring Me Joy"
"Amen Corner","(If Paradise Is) Half As Nice"
"Amen Corner","Bend Me Shape Me"
"Amen Corner","High In The Sky"
"America","Horse With No Name"
"America","Ventura Highway"
"American Authors","Best Day of My Life"
"Amerie","1 Thing"
"Amii Stewart","Knock On Wood"
"Amr Diab","Amarain"
"Amr Diab","Mahma Kibirt Sugheir"
"Amr Diab","Nour El Ain"
"Amr Diab","Tamally Maak"
"Amy Grant","Big Yellow Taxi"
"Amy Macdonald","Mr Rock & Roll"
"Amy Macdonald","Poison Prince"
"Amy Macdonald","This Is The Life"
"Amy Winehouse","A Song For You"
"Amy Winehouse","Addicted"
"Amy Winehouse","Back To Black"
"Amy Winehouse","Best Friends, Right?"
"Amy Winehouse","Cupid"
"Amy Winehouse","F**k Me Pumps"
"Amy Winehouse","Half Time"
"Amy Winehouse","He Can Only Hold Her"
"Amy Winehouse","Help Yourself"
"Amy Winehouse","I Heard Love Is Blind"
"Amy Winehouse","Just Friends"
"Amy Winehouse","Love Is A Losing Game"
"Amy Winehouse","Me And Mr Jones"
"Amy Winehouse","Our Day Will Come"
"Amy Winehouse","Rehab"
"Amy Winehouse","Some Unholy War"
"Amy Winehouse","Stronger Than Me"
"Amy Winehouse","Take The Box"
"Amy Winehouse","Tears Dry (Original Version)"
"Amy Winehouse","Tears Dry On Their Own"
"Amy Winehouse","The Girl From Ipanema"
"Amy Winehouse","Valerie ('68 Version)"
"Amy Winehouse","Wake Up Alone"
"Amy Winehouse","What Is It About Men"
"Amy Winehouse","Will You Still Love Me Tomorrow"
"Amy Winehouse","You Know I'm No Good"
"Amy Winehouse With Tony Bennett","Body And Soul"
"Amy Winehouse, Paul Weller","Don't Go To Strangers"
"Amy Yon","Eyes Of A Stranger"
"Ana Mena","Música Ligera"
"Ananya Bhat","Mehbooba"
"Anas Kareem","El Talaa El Russye"
"Anastacia","I'm Outta Love"
"Anastacia","Left Outside Alone"
"Anastacia","Not That Kind"
"Anastacia","One Day In Your Life"
"Anastacia","One More Chance"
"Anastacia","Paid My Dues"
"Anastacia","Who's Gonna Stop the Rain"
"Anderson .Paak & Aespa","Keychain"
"Andra Day","Rise Up"
"Andrea Bocelli","Besame Mucho"
"Andrea Bocelli","Con te partiro"
"Andrea Bocelli","Il mare calmo della sera"
"Andrea Bocelli","La voce del silenzio"
"Andrea Bocelli","Panis angelicus"
"Andrea Bocelli","Quizás, Quizás, Quizás"
"Andrea Bocelli","Time To Say Goodbye"
"Andrea Bocelli Feat. Giorgia","Vivo per Lei"
"Andrea Bocelli y Marta Sanchez","Vivo Por Ella"
"Andrea True Connection","More More More"
"Andreas Johnson","Glorious"
"Andrew Gold","Never Let Her Slip Away"
"Andrew Gold","Thank You For Being A Friend (Golden Girls Theme)"
"Andy Fairweather-Low","Wide Eyed And Legless"
"Andy Gibb","(Our Love) Don't Throw It All Away"
"Andy Gibb","An Everlasting Love"
"Andy Gibb","Andy Gibb Medley"
"Andy Gibb","Flowing Rivers"
"Andy Gibb","I Just Want To Be Your Everything"
"Andy Gibb","Shadow Dancing"
"Andy Grammer","Fresh Eyes"
"Andy Grammer","Honey I'm Good"
"Andy Griggs","If Heaven"
"Andy Kim","Rock Me Gently"
"Andy Stewart","Donald Where's Yer Troosers"
"Andy Williams","Born Free"
"Andy Williams","Can't Get Used To Losing You"
"Andy Williams","Can't Help Falling In Love"
"Andy Williams","Can't Take My Eyes Off You"
"Andy Williams","It's The Most Wonderful Time of The Year"
"Andy Williams","Moon River"
"Andy Williams","Music To Watch Girls By"
"Andy Williams","On The Street Where You Live"
"Andy Williams","Solitaire"
"Andy Williams","The Impossible Dream"
"Angel","Time After Time"
"Angel","Wonderful"
"Ángela Aguilar feat. Yuridia","Qué Agonía"
"Angela Lansbury","Beauty And The Beast"
"Angham","Ahy Gat"
"Angry Anderson","Suddenly"
"Angus and Julia Stone","And The Boys"
"Anika Noni Rose","Almost There"
"Anita Baker","Caught Up In The Rapture"
"Anita Baker","Sweet Love"
"Anita Ward","Ring My Bell"
"Anitta","Envolver"
"Anitta","Meiga E Abusada"
"Anitta","Não Para"
"Anitta","Proposta"
"Anitta","Show das Poderosas"
"Ankit Tiwari (Aashiqui 2)","Sun Raha Hai Na Tu"
"Anna Calvi","Blackout"
"Anna Kendrick","Cups (Pitch Perfect's ""When I'm Gone"")"
"Anna Naklab Feat. Alle Farben & Younotus","Supergirl"
"Anne Murray","It Only Hurts For A Little While"
"Anne-Marie","2002"
"Anne-Marie","Birthday"
"Anne-Marie","Ciao Adios"
"Anne-Marie","Perfect To Me"
"Anne-Marie","Then"
"Anne-Marie","Trainwreck"
"Anne-Marie & Aitch","Psycho"
"Anne-Marie & Shania Twain","Unhealthy"
"Anne-Marie David","Tu Te Reconnaitras"
"Anne-Marie, KSI, Digital Farm Animals","Don't Play"
"Anne-Marie, Little Mix","Kiss My (Uh Oh)"
"Anne-Marie, Niall Horan","Our Song"
"Annie (Musical)","It's The Hard-Knock Life"
"Annie (Musical)","Little Girls"
"Annie (Musical)","Tomorrow"
"Annie Get Your Gun (Musical)","Anything You Can Do I Can Do Better"
"Annie Get Your Gun (Musical)","There's No Business Like Show Business "
"Annie Lennox","A Whiter Shade Of Pale"
"Annie Lennox","Little Bird"
"Annie Lennox","No More I Love You's"
"Annie Lennox","Walking On Broken Glass"
"Annie Lennox","Why"
"Annie Lennox & Aretha Franklin","Sisters Are Doing It"
"Another Level","Bomb Diggy"
"Another Level","Freak Me"
"Ant & Dec","On The Ball"
"Anthony Callea","The Prayer"
"Anthony Newley","Why"
"Anthony Touma & Mohamed Attia","Kol Leila"
"Antonello Venditti","Notte Prima Degli Esami"
"Antonio Banderas","Canción Del Mariachi (Morena De Mi Corazón)"
"Antony & The Johnsons","Hope There's Someone"
"Anuel AA","Ella Quiere Beber"
"Anuel AA, Daddy Yankee, Ozuna, J Balvin & Karol G","China"
"Anuradha Paudwal, Udit Narayan","Mujhe Neend Na Aaye"
"Apache Indian","Boom Shak-a-Lak"
"Appleton","Falling Into You"
"Aqua","Barbie Girl"
"Aqua","Candy Man"
"Aqua","Cartoon Heroes"
"Aqua","Doctor Jones"
"Aqua","Turn Back Time"
"Arcade Fire","Everything Now"
"Arcade Fire","No Cars Go"
"Arcade Fire","Ready To Start"
"Arcade Fire","Reflektor"
"Arcade Fire","Speaking In Tongues"
"Arcade Fire","We Used To Wait"
"Architects","Heartburn"
"Arctic Monkeys","505"
"Arctic Monkeys","Arabella"
"Arctic Monkeys","Brianstorm"
"Arctic Monkeys","Brick By Brick"
"Arctic Monkeys","Crying Lightning"
"Arctic Monkeys","Dancing Shoes"
"Arctic Monkeys","Do I Wanna Know"
"Arctic Monkeys","Don't Sit Down 'Cause I've Moved Your Chair"
"Arctic Monkeys","Fluorescent Adolescent"
"Arctic Monkeys","Four Out Of Five"
"Arctic Monkeys","From The Ritz To The Rubble"
"Arctic Monkeys","I Bet You Look Good On The Dancefloor"
"Arctic Monkeys","Leave Before The Lights Come On"
"Arctic Monkeys","Mardy Bum"
"Arctic Monkeys","Opening Night"
"Arctic Monkeys","R U Mine"
"Arctic Monkeys","Red Light Indicates Doors Are Secure"
"Arctic Monkeys","Riot Van"
"Arctic Monkeys","Snap Out of It"
"Arctic Monkeys","Suck It And See"
"Arctic Monkeys","Teddy Picker"
"Arctic Monkeys","There’d Better Be a Mirrorball"
"Arctic Monkeys","When The Sun Goes Down (Scummy)"
"Arctic Monkeys","Why'd You Only Call Me When You're High"
"Aretha Franklin","(You Make Me Feel Like) A Natural Woman"
"Aretha Franklin","A Deeper Love"
"Aretha Franklin","A Rose Is Still A Rose"
"Aretha Franklin","Baby, I Love You"
"Aretha Franklin","Don't Play That Song"
"Aretha Franklin","I Never Loved a Man (the Way I Love You)"
"Aretha Franklin","I Say A Little Prayer"
"Aretha Franklin","Respect"
"Aretha Franklin","Think"
"Aretha Franklin","Willing To Forgive"
"Ariana Grande","7 Rings"
"Ariana Grande","Break Up With Ur Girlfriend, I'm Bored"
"Ariana Grande","Breathin"
"Ariana Grande","Dangerous Woman"
"Ariana Grande","Focus"
"Ariana Grande","God Is A Woman"
"Ariana Grande","Hampstead"
"Ariana Grande","Hate That I Made You Love Me"
"Ariana Grande","Imagine"
"Ariana Grande","Into You"
"Ariana Grande","Monopoly"
"Ariana Grande","Needy"
"Ariana Grande","No Tears Left To Cry"
"Ariana Grande","One Last Time"
"Ariana Grande","Past Life"
"Ariana Grande","Petal"
"Ariana Grande","Positions"
"Ariana Grande","Santa Tell Me"
"Ariana Grande","Thank U, Next"
"Ariana Grande","The Girl In The Bubble (Wicked: For Good)"
"Ariana Grande","Twilight Zone"
"Ariana Grande","We Can't Be Friends"
"Ariana Grande","Yes, and?"
"Ariana Grande & John Legend","Beauty & The Beast (Disney)"
"Ariana Grande & Justin Bieber","Stuck With U"
"Ariana Grande & Social House","Boyfriend"
"Ariana Grande Feat. Big Sean","Best Mistake"
"Ariana Grande Feat. Iggy Azalea","Problem"
"Ariana Grande Feat. Nathan Sykes","Almost Is Never Enough"
"Ariana Grande Feat. Nicki Minaj","Side To Side"
"Ariana Grande feat. Nicki Minaj","The Light Is Coming"
"Ariana Grande Feat. The Weeknd","Love Me Harder"
"Ariana Grande Feat. Zedd","Break Free"
"Ariana Grande, Kid Cudi","Just Look Up (From Don't Look Up)"
"Ariana Grande, Miley Cyrus & Lana Del Rey","Don't Call Me Angel (Charlie's Angels)"
"Arielle Dombasle","Perfidia"
"Arijit Singh","Aasan Nahi Yahan"
"Arijit Singh","Ae Dil Hai Mushkil"
"Arijit Singh (Aashiqui 2)","Tum Hi Ho"
"Arijit Singh, Tanishk Bagchi & Asees Kaur","Bolna"
"Arisa","Controvento"
"Arisa","La notte"
"Arizona Zervas","Roxanne"
"Armaan Malik","Bol Do Na Zara"
"AronChupa","I'm an Albatraoz"
"ArrDee","Flowers (Say My Name)"
"Arrested Development","Mr. Wendel"
"Arrested Development","People Everyday"
"Arrows","Hot Hot Hot"
"Art Garfunkel","Bright Eyes"
"Artemas","I Like The Way You Kiss Me"
"Artful Dodger","Re-Wind (When The Crowd Say Bo-Selecta)"
"Artful Dodger","Woman Trouble"
"Arthur Askey","The Bee Song (Busy Bee)"
"Arthur Conley","Sweet Soul Music"
"Artik feat.Asti","Больше, чем любовь"
"Artik feat.Asti","Держи меня крепче"
"Artik feat.Asti","Моя последняя надежда"
"Asake & DJ Snake","Worship"
"Ash","Girl From Mars"
"Asha Bhosle","Ye Mera Dil Yaar Ka Diwana"
"Ashanti","Foolish"
"Ashford and Simpson","Solid"
"Ashlee Simpson","Pieces Of Me"
"Asma Lmnawar","Safi"
"Asma Lmnawar & Saad Lamjarred","Wana Maak"
"Asrar","Afghan Jalebi"
"Assala Nasri","60 Dqiqa Haiah"
"Assala Nasri","Aisha Ala Elly Fat"
"Assala Nasri","Law Alf Ahebbak"
"Assala Nasri","Ya Magnoun"
"Assi El Helani","Wani Marek Marret"
"Assi El Helani","Weynak Habibi"
"Aston Merrygold","Get Stupid"
"A'STUDIO","Fashion girl"
"A'STUDIO","Папа, мама"
"A'STUDIO","Улетаю"
"Aswad","Don't Turn Around"
"Aswad","Shine"
"ATB, Topic, A7S","Your Love (9PM)"
"Athlete","El Salvador"
"Athlete","Half Light"
"Athlete","Wires"
"Atif Aslam, Pritam & Sunidhi Chauhan","Be Intehaan"
"Atlantic Starr","Always"
"Atlas Fury","Blood on your Hands"
"Atomic Kitten","Eternal Flame"
"Atomic Kitten","It's Ok!"
"Atomic Kitten","Ladies Night"
"Atomic Kitten","Southgate You're The One"
"Atomic Kitten","The Tide Is High"
"Atomic Kitten","Whole Again"
"Audience","I Had A Dream"
"Audioslave","Cochise"
"Auliʻi Cravalho","Beyond (Moana 2)"
"Aurora","Half The World Away"
"Ava Max","1 Wish"
"Ava Max","Everytime I Cry"
"Ava Max","Kill It Queen"
"Ava Max","Kings & Queens"
"Ava Max","Lost Your Faith"
"Ava Max","Maybe You're The Problem"
"Ava Max","My Head & My Heart"
"Ava Max","So Am I"
"Ava Max","Spot A Fake"
"Ava Max","Sweet But Psycho"
"Ava Max","Wet, Hot American Dream"
"Ava Max & Alan Walker","Alone, Pt. II"
"Aventura","El Malo"
"Aventura","Por un Segundo"
"Aventura","Princesita"
"Aventura","Tu Jueguito"
"Avicii","Addicted To You"
"Avicii","Hey Brother"
"Avicii","The Nights"
"Avicii","Waiting For Love"
"Avicii Feat. Aloe Blacc","SOS"
"Avicii Feat. Aloe Blacc","Wake Me Up!"
"Avicii Feat. Rita Ora","Lonely Together"
"Avicii Feat. Robbie Williams","The Days"
"Avicii Feat. Sandro Cavazza","Without You"
"Avicii vs. Nicky Romero","I Could Be The One"
"Avril Lavigne","Alice"
"Avril Lavigne","Anything But Ordinary"
"Avril Lavigne","Complicated"
"Avril Lavigne","Contagious"
"Avril Lavigne","Don't Tell Me"
"Avril Lavigne","Everything Back But You"
"Avril Lavigne","Fall To Pieces"
"Avril Lavigne","Forgotten"
"Avril Lavigne","Freak Out"
"Avril Lavigne","Girlfriend"
"Avril Lavigne","He Wasn't"
"Avril Lavigne","Hot"
"Avril Lavigne","How Does It Feel"
"Avril Lavigne","I Always Get What I Want"
"Avril Lavigne","I Can Do Better"
"Avril Lavigne","I Don't Have To Try"
"Avril Lavigne","I'm With You"
"Avril Lavigne","Innocence"
"Avril Lavigne","Keep Holding On"
"Avril Lavigne","Knockin' On Heaven's Door"
"Avril Lavigne","Losing Grip"
"Avril Lavigne","My Happy Ending"
"Avril Lavigne","Nobody's Fool"
"Avril Lavigne","Nobody's Home"
"Avril Lavigne","One Of Those Girls"
"Avril Lavigne","Sk8er Boi"
"Avril Lavigne","Slipped Away"
"Avril Lavigne","Smile"
"Avril Lavigne","Take Me Away"
"Avril Lavigne","Tell Me It's Over"
"Avril Lavigne","The Best Damn Thing"
"Avril Lavigne","Things I'll Never Say"
"Avril Lavigne","Tomorrow"
"Avril Lavigne","When You're Gone"
"Avril Lavigne","Who Knows"
"Avril Lavigne feat. Chad Kroeger","Let Me Go"
"Aya Nakamura","Jolie Nana"
"Ayed","Sagi il Aatash"
"Aylin Prandi","L'Italiana"
"Ayra Starr","Rush"
"Ayra Starr & Rema","Tornado"
"Ayushmann Khurrana","Pani Da Rang"
"Azhar","Oye Oye"
"Aztec Camera","Somewhere In My Heart"
"Azucar Moreno","Solo Se Vive Una Vez"
"B Young","079ME"
"B*Witched","Blame It On The Weatherman"
"B*Witched","C'est La Vie"
"B*Witched","Rollercoaster"
"B. J. Thomas","Hooked On A Feeling"
"B. J. Thomas","Raindrops Keep Fallin' On My Head"
"B.B. King","How Blue Can You Get?"
"B.o.B","I'll Be In The Sky"
"B.o.B","So Good"
"B.o.B Feat. Bruno Mars","Nothin' On You"
"B.o.B Feat. Hayley Williams","Airplanes"
"B2K & P. Diddy","Bump Bump Bump"
"B-52's","(Meet) The Flintstones"
"B-52's","Love Shack"
"B-52's","Rock Lobster"
"Baadshaho","Mere Rashke Qamar"
"Baar Baar Dekho","Kala Chashma"
"Baar Baar Dekho","Nachde Ne Saare"
"Baby D","Let Me Be Your Fantasy"
"Baby K","Roma Bangkok"
"Babybird","You're Gorgeous"
"Babylon Zoo","Spaceman"
"Babylone","Zina"
"BabyMonster","Batter Up"
"BabyMonster","Drip"
"BabyMonster","Sheesh"
"Baccara","Yes Sir I Can Boogie"
"Bachelor Girl","Buses And Trains"
"Bachman-Turner Overdrive","You Ain't Seen Nothing Yet"
"Bacilos","Caraluna"
"Back To The Future (Musical)","Back In Time"
"Back To The Future (Musical)","Put Your Mind To It"
"Back To The Future (Musical)","Wherever We're Going"
"Backstreet Boys","All I Have To Give"
"Backstreet Boys","Anywhere For You"
"Backstreet Boys","As Long As You Love Me"
"Backstreet Boys","Don't Go Breaking My Heart"
"Backstreet Boys","Drowning"
"Backstreet Boys","Everybody (Backstreet's Back)"
"Backstreet Boys","I Want It That Way"
"Backstreet Boys","Incomplete"
"Backstreet Boys","Larger Than Life"
"Backstreet Boys","More Than That"
"Backstreet Boys","No Place"
"Backstreet Boys","Quit Playing Games (With My Heart)"
"Backstreet Boys","Shape Of My Heart"
"Backstreet Boys","Show Me The Meaning Of Being Lonely"
"Backstreet Boys","The Call"
"Backstreet Boys","The One"
"Bad Bunny","Chambea"
"Bad Bunny","Estamos Bien"
"Bad Bunny","Nuevayol"
"Bad Bunny","Solo De Mi"
"Bad Bunny","Voy A Llevarte Pa Pr"
"Bad Bunny & Drake","Mia"
"Bad Bunny feat. Chencho Corleone","Me Porto Bonito"
"Bad Company","Can't Get Enough (Of Your Love)"
"Bad Company","Feel Like Makin' Love"
"Bad Company","Movin' On"
"Bad English","When I See You Smile"
"Bad Manners","Lip Up Fatty"
"Bad Manners","Special Brew"
"Bad Meets Evil Feat. Bruno Mars","Lighters"
"Badfinger","Baby Blue"
"Badrinath Ki Dulhania","Humsafar"
"Badrinath Ki Dulhania","Tamma Tamma Again"
"Badshah Feat. Aastha Gill","DJ Waley Babu"
"BAEKHYUN","UN Village"
"Baha Men (Shrek Soundtrack)","Best Years Of Our Lives"
"Balqees","Hawa"
"Baltimora","Tarzan Boy"
"Bambi (Disney)","Little April Showers"
"Bananarama","Cruel Summer"
"Bananarama","Help!"
"Bananarama","I Heard A Rumour"
"Bananarama","I Want You Back"
"Bananarama","It Ain't What You Do It's The Way That You Do It"
"Bananarama","Love In The First Degree"
"Bananarama","Na Na Hey Hey Kiss Him Goodbye"
"Bananarama","Nathan Jones"
"Bananarama","Really Saying Something"
"Bananarama","Robert DeNiro's Waiting"
"Bananarama","The Bananarama Medley"
"Bananarama","Venus"
"Band Aid","Do They Know It's Christmas?"
"Band Aid 30","Do They Know It's Christmas 2014"
"Band Baaja Baaraat","Dum Dum"
"Banx & Ranx Feat. Ella Eyre","Answerphone"
"Barbara Dickson","Caravan Song"
"Barbra Straisand and Barry Gibb","Guilty"
"Barbra Streisand","All I Ask Of You"
"Barbra Streisand","Evergreen"
"Barbra Streisand","Memory"
"Barbra Streisand","My Man"
"Barbra Streisand","People"
"Barbra Streisand","Somewhere"
"Barbra Streisand","The Way We Were"
"Barbra Streisand","What Kind Of Fool"
"Barbra Streisand","Woman In Love"
"Barbra Streisand & Neil Diamond","You Don't Bring Me Flowers"
"Barbra Tucker","Everybody Dance (The Horn Song)"
"Bardo","One Step Further"
"Barenaked Ladies","Hello City"
"Barenaked Ladies","One Week"
"Barenaked Ladies","Passcode"
"Barenaked Ladies","Take It Back"
"Barenaked Ladies","The Big Bang Theory"
"Barenaked Ladies","The Humour Of The Situation"
"Barfi","Ala Barfi"
"Barfi","Main Kya Karoon"
"Bari Siddiqui","Pubali Batashe"
"Barns Courtney","Glitter & Gold"
"Barry Biggs","Side Show"
"Barry Blue","Dancing On A Saturday Night"
"Barry Manilow","Bermuda Triangle"
"Barry Manilow","Blue Velvet"
"Barry Manilow","Can't Smile Without You"
"Barry Manilow","Copacabana"
"Barry Manilow","Could It Be Magic"
"Barry Manilow","Even Now"
"Barry Manilow","I Made It Through The Rain"
"Barry Manilow","I Wanna Do It With You"
"Barry Manilow","I Write The Songs"
"Barry Manilow","Mandy"
"Barry Manilow","One Voice"
"Barry Manilow","Somewhere In The Night"
"Barry Manilow","Weekend In New England"
"Barry Mann","Who Put The Bomp"
"Barry McGuire","Eve Of Destruction"
"Barry White","Can't Get Enough Of Your Love, Babe"
"Barry White","Just The Way You Are"
"Barry White","Let The Music Play"
"Barry White","Never Never Gonna Give You Up"
"Barry White","You're The First, The Last, My Everything"
"Bars and Melody","Keep Smiling"
"Basement Jaxx","Good Luck"
"Basement Jaxx","Red Alert"
"Basement Jaxx","Romeo"
"Bashah Feat. Aastha Gill","Abhi Toh Party Shuru Hui Hai"
"Basshunter","All I Ever Wanted"
"Basshunter","Now You're Gone"
"Bastille","Bad Blood"
"Bastille","Can't Fight This Feeling"
"Bastille","Flaws"
"Bastille","Good Grief"
"Bastille","Joy"
"Bastille","Oblivion"
"Bastille","Of The Night"
"Bastille","Pompeii"
"Bastille","Quarter Past Midnight"
"Bastille","Things We Lost in The Fire"
"Bastille","World Gone Mad"
"Bat For Lashes","Sunday Love"
"Bauhaus","Bela Lugosi's Dead"
"Baxter Dury","Miami"
"Bay City Rollers","Bye Bye Baby"
"Bay City Rollers","Give A Little Love"
"Bay City Rollers","Shang-A-Lang"
"Baywatch (TV Theme)","I'm Always Here (Baywatch Theme)"
"Beabadoobee","The Perfect Pair"
"Beady Eye","Second Bite Of The Apple"
"Bear's Den","Auld Wives"
"Beastie Boys","Fight For Your Right"
"Beastie Boys","Intergalactic"
"Beastie Boys","No Sleep Till Brooklyn"
"Beastie Boys","Right Right Now Now"
"Beastie Boys","Sabotage"
"Beatfreakz","Somebody's Watching Me"
"Beats International","Dub Be Good To Me"
"Beautiful South","A Little Time"
"Beautiful South","Blackbird On The Wire"
"Beautiful South","Don't Marry Her"
"Beautiful South","Dream A Little Dream"
"Beautiful South","Dumb"
"Beautiful South","Everybody's Talkin'"
"Beautiful South","Good As Gold"
"Beautiful South","Old Red Eyes Is Back"
"Beautiful South","One Last Love Song"
"Beautiful South","Perfect 10"
"Beautiful South","Prettiest Eyes"
"Beautiful South","Rotterdam"
"Beautiful South","Song For Whoever"
"Beautiful South","You Keep It All In"
"Beauty And The Beast (Disney)","Be Our Guest"
"Beauty And The Beast (Disney)","Gaston"
"Beauty And The Beast (Disney)","Something There"
"Bebe Rexha","Chase It (Mmm Da Da Da)"
"Bebe Rexha","Deep In Your Love"
"Bebe Rexha","I'm A Mess"
"Bebe Rexha","Last Hurrah"
"Bebe Rexha","You Can't Stop The Girl (from Maleficent: Mistress Of Evil)"
"Bebe Rexha Feat. Florida Georgia Line","Meant To Be"
"Beck","E-Pro"
"Beck","Loser"
"Beck","Up All Night"
"Beck Goldsmith","I Vow To Thee My Country"
"Becky G","Can't Stop Dancin'"
"Becky G","Shower"
"Becky G ft. Natti Natasha","Sin Pijama"
"Becky Hill","Disconnect"
"Becky Hill","Forever Young"
"Becky Hill","Hands On Me"
"Becky Hill","Losing"
"Becky Hill","Multiply"
"Becky Hill","What Do I Have To Do?"
"Becky Hill & Lewis Thompson","Side Effects"
"Becky Hill Feat. Shift K3Y","Better Off Without You"
"Becky Hill, David Guetta","Remember"
"Becky Hill, Topic","My Heart Goes (La Di Da)"
"Bee Gees","How Can You Mend A Broken Heart"
"Bee Gees","How Deep Is Your Love"
"Bee Gees","I've Gotta Get A Message To You"
"Bee Gees","Jive Talkin'"
"Bee Gees","Massachusetts"
"Bee Gees","Night Fever"
"Bee Gees","Run To Me"
"Bee Gees","Stayin' Alive"
"Bee Gees","Tragedy"
"Bee Gees","Words"
"Befikre","Nashe Si Chadh Gayi"
"Belanova","Rosa Pastel"
"Belinda Carlise","Big Big Love"
"Belinda Carlisle","(We Want) The Same Thing"
"Belinda Carlisle","Circle In The Sand"
"Belinda Carlisle","Heaven Is A Place On Earth"
"Belinda Carlisle","Leave A Light On"
"Belinda Carlisle","Live Your Life Be Free"
"Belinda Carlisle","Summer Rain"
"Bellamy Brothers","If I Said You Had A Beautiful Body"
"Bellamy Brothers","Let Your Love Flow"
"Belle Amie","Girls Up"
"Belle Stars","Sign Of The Times"
"Belle Stars","The Clapping Song"
"Belters Only","Make Me Feel Good"
"Ben E King","Stand By Me"
"Ben Folds Five","Battle Of Who Could Care Less"
"Ben Folds Five","Brick"
"Ben Haenow","Something I Need"
"Ben Haenow Feat. Kelly Clarkson","Secondhand Heart"
"Ben Howard","Burgh Island"
"Ben Howard","Keep Your Head Up"
"Ben Howard","Only Love"
"Ben Howard","The Wolves"
"Ben L'Oncle Soul","Soulman"
"Benee & Gus Dapperton","Supalonely"
"Benny Benassi Feat. Gary Go","Cinema"
"Benny Blanco, Halsey & Khalid","Eastside"
"Benny Hill","Ernie (The Fastest Milkman In The West)"
"Benny Hill","Jose's Cantina"
"Benny Hill","Older Women"
"Benny Hill","The Andalucian Gypsies"
"Benson Boone","Beautiful Things"
"Benson Boone","Death Wish Love"
"Benson Boone","Momma Song"
"Benson Boone","Mr Electric Blue"
"Benson Boone","Mystical Magical"
"Benson Boone","Pretty Slowly"
"Benson Boone","Slow It Down"
"Benson Boone","Sorry I'm Here For Someone Else"
"Benson Boone","The Time Of My Life"
"Berlin","Take My Breath Away"
"Bernard Cribbens","Right Said Fred"
"Berni Flint","I Don't Want To Put A Hold On You"
"Besharam","Besharam"
"Besharam","Dil Ka Jo Haal Hai"
"Besharam","Tere Mohalle"
"Bette Midler","Boogie Woogie Bugle Boy"
"Bette Midler","From A Distance"
"Bette Midler","The Glory Of Love"
"Bette Midler","The Rose"
"Bette Midler","The Wind Beneath My Wings"
"Betty Boo","Doin' The Do"
"Beverley Craven","Promise Me"
"Beverley Knight","Middle Of Love"
"Beverley Knight","Piece Of My Heart"
"Beverley Knight","Shoulda, Woulda, Coulda"
"Beverley Knight Feat. Jamie Cullum","Private Number"
"Beyonce","1+1 (One Plus One)"
"Beyonce","7/11"
"Beyonce","Ave Maria"
"Beyonce","Best Thing I Never Had"
"Beyonce","Break My Soul"
"Beyonce","Broken-Hearted Girl"
"Beyonce","Check On It"
"Beyonce","Countdown"
"Beyonce","Cuff It"
"Beyonce","Diva"
"Beyonce","End Of Time"
"Beyonce","Formation"
"Beyonce","Green Light (Freemasons Remix)"
"Beyonce","Halo"
"Beyonce","Hold Up"
"Beyonce","If I Were A Boy"
"Beyonce","Irreplaceable"
"Beyonce","Listen"
"Beyonce","Love On Top"
"Beyonce","Me Myself & I"
"Beyonce","My House"
"Beyonce","Naughty Girl"
"Beyonce","Partition"
"Beyonce","Ring The Alarm"
"Beyonce","Run The World (Girls)"
"Beyonce","Single Ladies (Put A Ring On It)"
"Beyonce","Spirit"
"Beyonce","Summer Renaissance"
"Beyonce","Sweet Dreams"
"Beyonce","Texas Hold 'Em"
"Beyonce","Video Phone"
"Beyonce","Work It Out"
"Beyonce","XO"
"Beyoncè","Irremplazable"
"Beyonce Feat. Andre 3000","Party"
"Beyonce Feat. Jay-Z","Crazy In Love"
"Beyonce Feat. Jay-Z","Déjà Vu"
"Beyonce Feat. Jay-Z","Drunk In Love"
"Beyonce feat. Kendrick Lamar","America Has A Problem"
"Beyond","Da di"
"Beyond","Hai Kuo Tian Kong"
"Beyond","Xi Huan Ni"
"Beyond","Zhen De Ai Ni"
"Bhaag Johnny","Daddy Mummy"
"Bhaag Milkha Bhaag","Maston Ka Jhund"
"Bhool Bhulaiya","Hare Ram Hare Ram"
"Bhool Bhulaiyaa","Mere Dholna Sun"
"Biagio Antonacci","Non vivo più senza te"
"Bic Runga","Sway"
"Biffy Clyro","Animal Style"
"Biffy Clyro","Black Chandelier"
"Biffy Clyro","Bubbles"
"Biffy Clyro","God & Satan"
"Biffy Clyro","Instant History"
"Biffy Clyro","Many Of Horror"
"Biffy Clyro","Mountains"
"Biffy Clyro","The Captain"
"Biffy Clyro","Wolves of Winter"
"Big & Rich","Save A Horse, Ride A Cowboy"
"Big Bopper","Chantilly Lace"
"Big Brovaz","Baby Boy"
"Big Mountain","Baby I Love Your Way"
"Big Shaq","Man Don't Dance"
"Big Shaq","Man's Not Hot"
"Big Time Rush Feat. Snoop Dogg","Boyfriend"
"Bill Haley And His Comets","Rock Around The Clock"
"Bill Haley And His Comets","Shake Rattle And Roll"
"Bill Withers","Ain't No Sunshine"
"Bill Withers","Grandma's Hands"
"Bill Withers","Just The Two Of Us"
"Bill Withers","Lean On Me"
"Bill Withers","Lovely Day"
"Bill Withers","Use Me"
"Billie","Because We Want To"
"Billie","Honey To The Bee"
"Billie Eilish","All The Good Girls Go To Hell"
"Billie Eilish","Bad Guy"
"Billie Eilish","Bellyache"
"Billie Eilish","Birds of a Feather"
"Billie Eilish","Bury A Friend"
"Billie Eilish","Chihiro"
"Billie Eilish","Everything I Wanted"
"Billie Eilish","Happier Than Ever"
"Billie Eilish","Idontwannabeyouanymore"
"Billie Eilish","Lost Cause"
"Billie Eilish","Lunch"
"Billie Eilish","NDA"
"Billie Eilish","No Time To Die"
"Billie Eilish","Therefore I Am"
"Billie Eilish","TV"
"Billie Eilish","What Was I Made For (Barbie The Movie)"
"Billie Eilish","When The Party's Over"
"Billie Eilish","Xanny"
"Billie Eilish","Your Power"
"Billie Holiday","Ain't Nobody's Business If I Do"
"Billie Jo Spears","57 Chevrolet"
"Billie Jo Spears","Blanket On The Ground"
"Billie Jo Spears","Sing Me An Old-Fashioned Song"
"Billie Jo Spears","What I've Got In Mind"
"Billie Myers","Kiss The Rain"
"Billie Piper","Day & Night"
"Billie Piper","Something Deep Inside"
"Billy Bragg","A New England"
"Billy Bragg","Sexuality"
"Billy Fury","A Thousand Stars"
"Billy Fury","Be Mine Tonight"
"Billy Fury","Because Of Love"
"Billy Fury","Collette"
"Billy Fury","Cross My Heart"
"Billy Fury","Do You Really Love Me Too (Fool's Errand)"
"Billy Fury","Forget Him"
"Billy Fury","Halfway To Paradise"
"Billy Fury","I Will"
"Billy Fury","I'd Never Find Another You"
"Billy Fury","I'm Lost Without You"
"Billy Fury","In Summer"
"Billy Fury","In Thoughts Of You"
"Billy Fury","It's Only Make Believe"
"Billy Fury","Last Night Was Made For Love"
"Billy Fury","Like I've Never Been Gone"
"Billy Fury","Margo, Don't Go"
"Billy Fury","Maybe Tomorrow"
"Billy Fury","Once Upon A Dream"
"Billy Fury","Run To My Lovin' Arms"
"Billy Fury","Somebody Else's Girl"
"Billy Fury","When Will You Say I Love You"
"Billy Fury","Wondrous Place"
"Billy Idol","Billy Idol Medley"
"Billy Idol","Cradle Of Love"
"Billy Idol","Dancing With Myself"
"Billy Idol","Eyes Without A Face"
"Billy Idol","Flesh For Fantasy"
"Billy Idol","Hot In The City"
"Billy Idol","L.A. Woman"
"Billy Idol","Mony Mony"
"Billy Idol","Rebel Yell"
"Billy Idol","Shock To The System"
"Billy Idol","Sweet Sixteen"
"Billy Idol","White Wedding"
"Billy J. Kramer & The Dakotas","Bad To Me"
"Billy J. Kramer & The Dakotas","Do You Want To Know A Secret"
"Billy J. Kramer & The Dakotas","Little Children"
"Billy J. Kramer & The Dakotas","Trains & Boats & Planes"
"Billy J. Kramer & The Dakotas","Trains And Boats And Planes"
"Billy Joel","A Matter Of Trust"
"Billy Joel","Allentown"
"Billy Joel","An Innocent Man"
"Billy Joel","And So It Goes"
"Billy Joel","Billy Joel Medley"
"Billy Joel","Captain Jack"
"Billy Joel","Don't Ask Me Why"
"Billy Joel","Honesty"
"Billy Joel","I Go To Extremes"
"Billy Joel","It's Still Rock & Roll"
"Billy Joel","Just The Way You Are"
"Billy Joel","Leningrad"
"Billy Joel","Lullaby"
"Billy Joel","Miami 2017 (Seen The Lights Go Out On Broadway) (Live)"
"Billy Joel","Movin' Out (Anthony's Song)"
"Billy Joel","My Life"
"Billy Joel","New York State Of Mind"
"Billy Joel","Only The Good Die Young"
"Billy Joel","Piano Man"
"Billy Joel","River Of Dreams"
"Billy Joel","Rosalinda's Eyes"
"Billy Joel","Scenes From An Italian Restaurant"
"Billy Joel","She's Always A Woman"
"Billy Joel","She's Got A Way"
"Billy Joel","Tell Her About It"
"Billy Joel","The Longest Time"
"Billy Joel","This Is The Time"
"Billy Joel","This Night"
"Billy Joel","To Make You Feel My Love"
"Billy Joel","Turn the Lights Back On"
"Billy Joel","Uptown Girl"
"Billy Joel","We Didn't Start The Fire"
"Billy Joel","You May Be Right"
"Billy Joel","You’re Only Human (Second Wind)"
"Billy Joel","Zanzibar"
"Billy Ocean","Caribbean Queen"
"Billy Ocean","Get Outta My Dreams"
"Billy Ocean","Love Is Forever"
"Billy Ocean","Love Really Hurts Without You"
"Billy Ocean","Love Zone"
"Billy Ocean","Loverboy"
"Billy Ocean","Red Light Spells Danger"
"Billy Ocean","Suddenly"
"Billy Ocean","The Color Of Love"
"Billy Ocean","The Colour Of Love"
"Billy Ocean","There'll Be Sad Songs (To Make You Cry)"
"Billy Ocean","When The Going Gets Tough"
"Billy Paul","Me & Mrs. Jones"
"Billy Preston & Syreeta","With You I'm Born Again"
"Billy Ray Cyrus","Achy Breaky Heart"
"Bing Crosby","Singing In The Rain"
"Bing Crosby","Swinging On A Star"
"Bing Crosby","White Christmas"
"Bing Crosby","Winter Wonderland"
"Birdy","1901"
"Birdy","Keeping Your Head Up"
"Birdy","Skinny Love"
"Birdy","Wings"
"Birdy","Wings (Acoustic)"
"Bjork","Army Of Me"
"Bjork","It's Oh So Quiet"
"Bjork","Violently Happy"
"Bjork & David Arnold","Play Dead"
"Bjork, Rosalía & Yves Tumor","Berghain"
"BL3SS & CamrinWatsin feat. bbyclose","Kisses"
"Black","Wonderful Life"
"Black Box","Ride On Time"
"Black Eyed Peas","Pump It"
"Black Eyed Peas, Ozuna & J. Rey Soul","Mamacita"
"Black Lace","Agadoo"
"Black Lace","Do The Conga"
"Black Lace","Gang Bang"
"Black Lace","Hokey Cokey"
"Black Lace","I Am The Music Man"
"Black Lace","Superman"
"Black M","Sur ma route"
"Black Sabbath","Black Sabbath"
"Black Sabbath","God Is Dead?"
"Black Sabbath","Iron Man"
"Black Sabbath","Paranoid"
"Black Sabbath","Sweet Leaf"
"Black Sabbath","War Pigs"
"Blackmail","Patola"
"BLACKPINK","As If It's Your Last"
"BLACKPINK","BOOMBAYAH"
"BLACKPINK","Ddu-Du Ddu-Du"
"BLACKPINK","How You Like That"
"BLACKPINK","Kill This Love"
"BLACKPINK","Lovesick Girls"
"BLACKPINK","PLAYING WITH FIRE"
"BLACKPINK","Shut Down"
"BLACKPINK & Selena Gomez","Ice Cream"
"Blackstreet","No Diggity"
"Blake McGrath","Dive In The Water"
"Blake Shelton","God's Country"
"Blake Shelton","Honey Bee"
"Blake Shelton","Mine Would Be You"
"Blake Shelton","Neon Light"
"Blake Shelton","The More I Drink"
"Blake Shelton Feat. Ashley Monroe","Lonely Tonight"
"Blancmange","Living On The Ceiling"
"Blanco Brown","The Git Up"
"Blas Cantó","Voy a Quedarme"
"Blazin' Squad","Crossroads"
"Blink 182","Adam's Song"
"Blink 182","Aliens Exist"
"Blink 182","All The Small Things"
"Blink 182","Always"
"Blink 182","Bored To Death"
"Blink 182","Dumpweed"
"Blink 182","I Miss You (Miss You)"
"Blink 182","Man Overboard"
"Blink 182","One More Time"
"Blink 182","Rock Show"
"Blink 182","Up All Night"
"Blink 182","What's My Age Again"
"Blinkie","Don't Give Up (On Love)"
"Bloc Party","Banquet"
"Bloc Party","Flux"
"Bloc Party","I Still Remember"
"Bloc Party","Pioneers"
"Blonde and Craig David","Nothing Like This"
"Blonde Feat. Alex Newell","All Cried Out"
"Blondie","Atomic"
"Blondie","Blondie Medley"
"Blondie","Call Me"
"Blondie","Denis"
"Blondie","Dreaming"
"Blondie","Hanging On The Telephone"
"Blondie","Heart Of Glass"
"Blondie","Long Time"
"Blondie","Maria"
"Blondie","One Way Or Another"
"Blondie","Picture This"
"Blondie","Rapture"
"Blondie","Sunday Girl"
"Blondie","The Tide Is High"
"Blondie","Union City Blue"
"Blood Brothers","Tell Me It's Not True"
"Bloodhound Gang","The Bad Touch"
"Bloodhound Gang","The Ballad Of Chasey Lain"
"Blossoms","I Can't Stand It"
"Blossoms","The Keeper"
"Blossoms","What Can I Say After I'm Sorry"
"Blossoms","Your Girlfriend"
"Blu Cantrell Feat. Sean Paul","Breathe"
"Blue","All Rise"
"Blue","Breathe Easy"
"Blue","Fly By"
"Blue","Guilty"
"Blue","One Love"
"Blue","Too Close"
"Blue","U Make Me Wanna"
"Blue Feat. Elton John","Sorry Seems To Be The Hardest Word"
"Blue Feat. Kool & The Gang & Lil' Kim","Get Down On It"
"Blue Feat. Stevie Wonder","Signed, Sealed, Delivered I'm Yours"
"Blue Swede","Hooked On A Feeling"
"Blur","Beetlebum"
"Blur","Charmless Man"
"Blur","Coffee & TV"
"Blur","Country House"
"Blur","End Of The Century"
"Blur","Girls & Boys"
"Blur","Go Out"
"Blur","Out Of Time"
"Blur","Parklife"
"Blur","Song 2"
"Blur","Stereotypes"
"Blur","Tender"
"Blur","The Universal"
"Blur","There's No Other Way"
"Blur","This Is A Low"
"Bo Burnham","Welcome To The Internet"
"Bob & Earl","Harlem Shuffle"
"Bob Dylan","Blowin' In The Wind"
"Bob Dylan","Forever Young"
"Bob Dylan","Gotta Serve Somebody"
"Bob Dylan","It Ain't Me Babe"
"Bob Dylan","It's All Over Now, Baby Blue"
"Bob Dylan","Just Like A Woman"
"Bob Dylan","Knockin' On Heaven's Door"
"Bob Dylan","Lay Lady Lay"
"Bob Dylan","Like A Rolling Stone"
"Bob Dylan","Maggie's Farm"
"Bob Dylan","Mr Tambourine Man"
"Bob Dylan","Positively 4th Street"
"Bob Dylan","Rainy Day Women"
"Bob Dylan","Subterranean Homesick Blues"
"Bob Dylan","The Times They Are A-Changin'"
"Bob Marley","Buffalo Soldier"
"Bob Marley","Could You Be Loved"
"Bob Marley","Get Up Stand Up"
"Bob Marley","I Shot The Sheriff"
"Bob Marley","Iron, Lion, Zion"
"Bob Marley","Is This Love"
"Bob Marley","Jamming"
"Bob Marley","No Woman, No Cry"
"Bob Marley","One Love"
"Bob Marley","Redemption Song"
"Bob Marley","Soul Rebel"
"Bob Marley","Stir It Up"
"Bob Marley","Three Little Birds"
"Bob Marley","Waiting In Vain"
"Bob Marley & The Wailers","Lively Up Yourself"
"Bob Marley vs Funkstar De Luxe","Sun Is Shining"
"Bob Monkhouse","You Rang M'Lord"
"Bob Monkhouse & Paul Shane","You Rang M'Lord"
"Bob Seger & The Silver Bullet Band","Hollywood Nights"
"Bob Seger & The Silver Bullet Band","Old Time Rock & Roll"
"Bob Sinclair Feat. Steve Edwards","World Hold On (Children Of The Sky)"
"Bob The Builder","Can We Fix It"
"Bob The Builder","Mambo No. 5"
"Bobbie Gentry","I'll Never Fall In Love Again"
"Bobbie Gentry","Ode To Billie Joe"
"Bobby ""Borris"" Picket & The Crypt Kickers","Monster Mash"
"Bobby Brown","My Prerogative"
"Bobby Brown","Two Can Play That Game"
"Bobby Darin","18 Yellow Roses"
"Bobby Darin","Don't Rain On My Parade"
"Bobby Darin","Dream Lover"
"Bobby Darin","Mack The Knife"
"Bobby Darin","Splish Splash"
"Bobby Darin","Things"
"Bobby Fuller Four","I Fought The Law"
"Bobby Goldsboro","Honey"
"Bobby Hebb","Sunny"
"Bobby Helms","Jingle Bell Rock"
"Bobby McFerrin","Don't Worry Be Happy"
"Bobby Solo","Una lacrima sul viso"
"Bobby Vee","Bobby Vee Medley 1"
"Bobby Vee","Bobby Vee Medley 2"
"Bobby Vee","Come Back When You Grow Up"
"Bobby Vee","Devil Or Angel"
"Bobby Vee","More Than I Can Say"
"Bobby Vee","Rubber Ball"
"Bobby Vee","Run To Him"
"Bobby Vee","Take Good Care Of My Baby"
"Bobby Vee","The Night Has A Thousand Eyes"
"Bobby Vinton","Blue Velvet"
"Bobby Vinton","Roses Are Red (My Love)"
"Bobbysocks","Let It Swing"
"Bodies Without Organs (BWO)","Sunshine In The Rain"
"Bodo Wartke, Marti Fischer","Barbaras Rhabarberbar"
"Bombalurina","Itsy Bitsy Teeny Weeny Yellow Polka Dot Bikini"
"Bombay Bicycle Club","Luna"
"Bon Iver","Holocene"
"Bon Jovi","Always"
"Bon Jovi","Bed Of Roses"
"Bon Jovi","Blaze Of Glory"
"Bon Jovi","Have A Nice Day"
"Bon Jovi","In These Arms"
"Bon Jovi","It's My Life"
"Bon Jovi","Keep The Faith"
"Bon Jovi","Livin' On A Prayer"
"Bon Jovi","Never Say Goodbye"
"Bon Jovi","Saturday Night Gave Me Sunday Morning"
"Bon Jovi","Someday I'll Be Saturday Night"
"Bon Jovi","Something For The Pain"
"Bon Jovi","Thank You For Loving Me"
"Bon Jovi","This Ain't A Love Song"
"Bon Jovi","Wanted Dead Or Alive"
"Bon Jovi","We Weren't Born To Follow"
"Bon Jovi","Who Says You Can't Go Home"
"Bon Jovi","You Give Love A Bad Name"
"Bone Thugs N Harmony","1st Of Tha Month"
"Boney M","Brown Girl In The Ring"
"Boney M","Daddy Cool"
"Boney M","Hooray! Hooray! It's A Holi-Holiday"
"Boney M","Ma Baker"
"Boney M","Mary's Boy Child/Oh My Lord"
"Boney M","Rasputin"
"Boney M","Rivers Of Babylon"
"Boney M","Sunny"
"Boney M","The Boney M Megamix"
"Bonnie Raitt","Real Man"
"Bonnie Tyler","Holding Out For A Hero"
"Bonnie Tyler","It's A Heartache"
"Bonnie Tyler","Lost In France"
"Bonnie Tyler","Total Eclipse Of The Heart"
"Boomtown Rats","I Don't Like Mondays"
"Boomtown Rats","Rat Trap"
"Booty Luv","Don't Mess With My Man"
"Boris Gardiner","I Wanna Wake Up With You"
"Boris Gardiner","I Want To Wake Up With You"
"Boston","More Than A Feeling"
"Boston","Peace Of Mind"
"Bow Wow Wow","I Want Candy"
"Bowling For Soup","1985"
"Bowling For Soup","The Girl All The Bad Guys Want"
"Boxtops","The Letter"
"Boy George","Everything I Own"
"Boy Meets Girl","Waiting For A Star To Fall"
"Boyce Avenue Feat. Jennel Garcia (acoustic cover)","Demons"
"Boys Like Girls Feat. Taylor Swift","Two Is Better Than One"
"Boystown Gang","Can't Take My Eyes Off You"
"Boyz II Men","4 Seasons Of Loneliness"
"Boyz II Men","End Of The Road"
"Boyz II Men","I'll Make Love To You"
"Boyz II Men","Water Runs Dry"
"Boyzone","Baby Can I Hold You"
"Boyzone","Father And Son"
"Boyzone","Gave It All Away"
"Boyzone","I Love The Way You Love Me"
"Boyzone","Light Up The Night"
"Boyzone","Love Is A Hurricane"
"Boyzone","Love Will Save The Day"
"Boyzone","No Matter What"
"Boyzone","Picture Of You"
"Boyzone","When The Going Gets Tough"
"Boyzone","Words"
"Boyzone","You Needed Me"
"Boz Scaggs","Lido Shuffle"
"Brad Paisley Feat. Alison Krauss","Whiskey Lullaby"
"Bradley Cooper","Black Eyes (A Star Is Born)"
"Bradley Cooper","Maybe It's Time (A Star Is Born)"
"Bran Van 3000","Drinking In L.A."
"Brand New Heavies","Midnight At The Oasis"
"Brand New Heavies","You Got A Friend"
"Brandon Flowers","Crossfire"
"Brandy","Another Day In Paradise"
"Brandy","What About Us"
"Brandy & Monica","The Boy Is Mine"
"Brandy Feat. Mase","Top Of The World"
"Bread","Baby I'm A Want You"
"Bread","Everything I Own"
"Bread","Guitar Man"
"Bread","Make It With You"
"Brenda Lee","All Alone Am I"
"Brenda Lee","As Usual"
"Brenda Lee","Fool Number One"
"Brenda Lee","I'm Sorry"
"Brenda Lee","It Is True"
"Brenda Lee","Jingle Bell Rock"
"Brenda Lee","Let's Jump The Broomstick"
"Brenda Lee","Losing You"
"Brenda Lee","Rockin' Around The Christmas Tree"
"Brenda Lee","Sweet Nothin's"
"Brenda Lee","The Brenda Lee Medley"
"Brenda Russell","Piano In The Dark"
"Brian & Michael","Matchstalk Men & Matchstalk Cats &  Dogs"
"Brian Hyland","Itsy Bitsy Teenie Weenie Yellow Polka Dot Bikini"
"Brian Hyland","Sealed With A Kiss"
"Brian Kennedy","A Better Man"
"Brian McKnight","6, 8, 12"
"Brian McKnight","Anytime"
"Brian McKnight","Back At One"
"Brian McKnight","One Last Cry"
"Brian Poole & The Tremeloes","Candy Man"
"Brian Poole & The Tremeloes","Do You Love Me"
"Brian Poole & The Tremeloes","Someone Someone"
"Bridgit Mendler","Hurricane"
"Bridgit Mendler","Ready Or Not"
"Brigitte","A bouche que veux-tu"
"Brigitte Bardot, Serge Gainsbourg","Bonnie And Clyde"
"Brigitte Yaghi","Alby W Omry"
"Bring Me The Horizon","Darkside"
"Bring Me The Horizon","Follow You"
"Bring Me The Horizon","Ludens"
"Bring Me The Horizon","Mantra"
"Bring Me The Horizon","Medicine"
"Bring Me The Horizon","Mother Tongue"
"Bring Me The Horizon","Throne"
"Bring Me The Horizon","True Friends"
"Britney Spears","(You Drive Me) Crazy"
"Britney Spears","3 (Three)"
"Britney Spears","Baby One More Time"
"Britney Spears","Born To Make You Happy"
"Britney Spears","Boys"
"Britney Spears","Break The Ice"
"Britney Spears","Circus"
"Britney Spears","Criminal"
"Britney Spears","Everytime"
"Britney Spears","From The Bottom Of My Broken Heart"
"Britney Spears","Gimme More"
"Britney Spears","Hold It Against Me"
"Britney Spears","I Love Rock 'n' Roll"
"Britney Spears","If You Seek Amy"
"Britney Spears","I'm Not A Girl Not Yet A Woman"
"Britney Spears","Liar"
"Britney Spears","Lucky"
"Britney Spears","My Prerogative"
"Britney Spears","Oops!....I Did It Again"
"Britney Spears","Overprotected"
"Britney Spears","Perfume"
"Britney Spears","Piece Of Me"
"Britney Spears","Slave For U"
"Britney Spears","Sometimes"
"Britney Spears","Stronger"
"Britney Spears","Till The World Ends"
"Britney Spears","Toxic"
"Britney Spears","Womanizer"
"Britney Spears","Work Bitch"
"Britney Spears & Iggy Azalea","Pretty Girls"
"Britney Spears Feat. G-Eazy","Make Me"
"Britney Spears Feat. Madonna","Me Against The Music"
"Britney Spears Feat. Tinashe","Slumber Party"
"Britney Spears Feat. will.i.am","It Should Be Easy"
"Bronski Beat","Small Town Boy"
"Brook Benton","A House Is Not A Home"
"Brook Benton","Hither And Thither And Yon"
"Bros","When Will I Be Famous"
"Brother Beyond","The Harder I Try"
"Brotherhood Of Man","Angelo"
"Brotherhood Of Man","Figaro"
"Brotherhood Of Man","Save Your Kisses For Me"
"Bruce Hornsby & The Range","The Way It Is"
"Bruce Springsteen","Atlantic CIty"
"Bruce Springsteen","Born In The USA"
"Bruce Springsteen","Born To Run"
"Bruce Springsteen","Dancing In The Dark"
"Bruce Springsteen","Glory Days"
"Bruce Springsteen","Human Touch"
"Bruce Springsteen","I’ll See You in My Dreams"
"Bruce Springsteen","I'm On Fire"
"Bruce Springsteen","Nebraska"
"Bruce Springsteen","Sherry Darling"
"Bruce Springsteen","Streets Of Philadelphia"
"Bruce Springsteen","The Power of Prayer"
"Bruce Springsteen","Thunder Road"
"Bruce Springsteen","We Take Care Of Our Own"
"Bruno Mars","24K Magic"
"Bruno Mars","Count On Me"
"Bruno Mars","Gorilla"
"Bruno Mars","Grenade"
"Bruno Mars","It Will Rain"
"Bruno Mars","Just The Way You Are (Amazing)"
"Bruno Mars","Locked Out Of Heaven"
"Bruno Mars","Marry You"
"Bruno Mars","Moonshine"
"Bruno Mars","Risk It All"
"Bruno Mars","Runaway Baby"
"Bruno Mars","That's What I Like"
"Bruno Mars","The Lazy Song"
"Bruno Mars","Treasure"
"Bruno Mars","Versace On The Floor"
"Bruno Mars","When I Was Your Man"
"Bruno Mars","Young Girls"
"Bruno Mars Feat. Cardi B","Finesse"
"Bruno Mars, Anderson .Paak, Silk Sonic","Leave The Door Open"
"Bruno Mars, Anderson .Paak, Silk Sonic","Skate"
"Bruno Mars, Anderson .Paak, Silk Sonic","Smokin Out The Window"
"Bryan Adams","(Everything I Do) I Do It For You"
"Bryan Adams","18 Til I Die"
"Bryan Adams","Brand New Day"
"Bryan Adams","California Christmas"
"Bryan Adams","Can't Stop This Thing We've Started"
"Bryan Adams","Heaven"
"Bryan Adams","It's Only Love"
"Bryan Adams","Please Forgive Me"
"Bryan Adams","Run To You"
"Bryan Adams","Straight From The Heart"
"Bryan Adams","Summer Of '69"
"Bryan Adams","Thought I'd Died And Gone To Heaven"
"Bryan Adams & Melanie C","When You're Gone"
"Bryan Adams & Tina Turner","It's Only Love"
"Bryan Adams, Rod Stewart & Sting","All For Love"
"Bryan Ferry","A Hard Rain's Gonna Fall"
"Bryan Ferry","Driving Me Wild"
"Bryan Ferry","Let's Stick Together"
"Bryan Ferry","Slave To Love"
"Bryan Ferry","These Foolish Things"
"Bryn Fon","Rebel Wicend"
"Bryn Fon","Un Funud Fach"
"Bryson Tiller","Calypso"
"BTS","Black Swan"
"BTS","Blood Sweat and Tears"
"BTS","Burning Up (Fire)"
"BTS","Butter"
"BTS","Dionysus"
"BTS","Dope"
"BTS","Dynamite"
"BTS","Fake Love"
"BTS","Film Out"
"BTS","I Need U"
"BTS","Make It Right"
"BTS","Mic Drop (Steve Aoki remix)"
"BTS","Mikrokosmos"
"BTS","Normal"
"BTS","Not Today"
"BTS","On"
"BTS","Permission To Dance"
"BTS","Run"
"BTS","Spring Day"
"BTS","Swim"
"BTS Feat. Halsey","Boy With Luv"
"BTS Feat. Nicki Minaj","Idol"
"Bucks Fizz","Land Of Make Believe"
"Bucks Fizz","Making Your Mind Up"
"Buddy Holly","Brown Eyed Handsome Man"
"Buddy Holly","Crying, Waiting, Hoping"
"Buddy Holly","Early In The Morning"
"Buddy Holly","Everyday"
"Buddy Holly","Fools Paradise"
"Buddy Holly","Heartbeat"
"Buddy Holly","I'm Gonna Love You Too"
"Buddy Holly","It Doesn't Matter Anymore"
"Buddy Holly","It's So Easy"
"Buddy Holly","Learning The Game"
"Buddy Holly","Listen To Me"
"Buddy Holly","Look At Me"
"Buddy Holly","Love Is Strange"
"Buddy Holly","Love's Made A Fool Of You"
"Buddy Holly","Maybe Baby"
"Buddy Holly","Not Fade Away"
"Buddy Holly","Oh Boy"
"Buddy Holly","Peggy Sue"
"Buddy Holly","Peggy Sue Got Married"
"Buddy Holly","Raining In My Heart"
"Buddy Holly","Rave On"
"Buddy Holly","Reminiscing"
"Buddy Holly","Rock Around With Ollie Vee"
"Buddy Holly","Take Your Time"
"Buddy Holly","That'll Be The Day"
"Buddy Holly","The Buddy Holly Medley 1"
"Buddy Holly","The Buddy Holly Medley 2"
"Buddy Holly","The Buddy Holly Medley 3"
"Buddy Holly","The Buddy Holly Medley 4"
"Buddy Holly","The Buddy Holly Medley 5"
"Buddy Holly","The Buddy Holly Medley 6"
"Buddy Holly","Think It Over"
"Buddy Holly","True Love Ways"
"Buddy Holly","Valley Of Tears"
"Buddy Holly","Well... All Right"
"Buddy Holly","What To Do"
"Buddy Holly","Wishing"
"Buddy Holly","Words Of Love"
"Buena Vista Social Club","Chan Chan"
"Buffalo Springfield","For What It's Worth"
"Buggles","Video Killed The Radio Star"
"Bugsy Malone","Bugsy Malone"
"Bullet For My Valentine","You Want a Battle? (Here's a War)"
"Burl Ives","Big Rock Candy Mountain"
"Burl Ives","Holly Jolly Christmas"
"Burna Boy","Alone"
"Burna Boy","Don't Let Me Drown (F1 Movie)"
"Burna Boy","Last Last"
"Burna Boy","On The Low"
"Burna Boy","Ye"
"Burna Boy feat. Ed Sheeran","For My Hand"
"Bush","Glycerine"
"Busta Rhymes","Touch It"
"Busta Rhymes & Mariah Carey","I Know What You Want"
"Busted","3AM"
"Busted","Air Hostess"
"Busted","Coming Home"
"Busted","Crashed The Wedding"
"Busted","Nerdy"
"Busted","Nineties"
"Busted","On What You're On"
"Busted","Sleeping With The Light On"
"Busted","Teenage Kicks"
"Busted","That Thing You Do"
"Busted","Thunderbirds Are Go"
"Busted","What I Go To School For"
"Busted","Who's David"
"Busted","Year 3000"
"Cab Calloway","Minnie The Moocher"
"Cabaret (Musical)","Cabaret"
"Cabaret (Musical)","Maybe This Time"
"Cage The Elephant","Ain't No Rest For The Wicked"
"Cage The Elephant","Shake Me Down"
"Caity Baser","The Weight Of You"
"Calamity Jane","Secret Love"
"Callum Scott","Lighthouse"
"Calogero","Avant toi"
"Calogero","Le portrait"
"Calum Scott","Dancing On My Own"
"Calum Scott","God Knows"
"Calum Scott","Rise"
"Calum Scott","You Are The Reason"
"Calum Scott & Aitch","Unsteady"
"Calvin Harris","Acceptable In The 80s"
"Calvin Harris","Blessings"
"Calvin Harris","Feel So Close"
"Calvin Harris","I'm Not Alone"
"Calvin Harris","My Way"
"Calvin Harris","Ready For The Weekend"
"Calvin Harris","Smoke The Pain Away"
"Calvin Harris","Summer"
"Calvin Harris & Dua Lipa","One Kiss"
"Calvin Harris & Jessie Reyez","Ocean"
"Calvin Harris & Kasabian","Release The Pressure"
"Calvin Harris & The Weeknd","Over Now"
"Calvin Harris and Alesso Feat. Theo Hutchcraft","Under Control"
"Calvin Harris Feat. Ayah Marar","Thinking About You"
"Calvin Harris Feat. Big Sean","Open Wide"
"Calvin Harris Feat. Disciples","How Deep Is Your Love"
"Calvin Harris feat. Dua Lipa & Young Thug","Potion"
"Calvin Harris feat. Ellie Goulding","(When I'm With You I'm) Free"
"Calvin Harris Feat. Ellie Goulding","I Need Your Love"
"Calvin Harris Feat. Ellie Goulding","Miracle"
"Calvin Harris Feat. Ellie Goulding","Outside"
"Calvin Harris Feat. Example","We'll Be Coming Back"
"Calvin Harris Feat. Florence Welch","Sweet Nothing"
"Calvin Harris Feat. Frank Ocean & Migos","Slide"
"Calvin Harris Feat. Haim","Pray To God"
"Calvin Harris Feat. John Newman","Blame"
"Calvin Harris Feat. Kelis","Bounce"
"Calvin Harris Feat. Ne-Yo","Let's Go"
"Calvin Harris Feat. Pharrell Williams, Katy Perry & Big Sean","Feels"
"Calvin Harris feat. Rag'n'Bone Man","Giant"
"Calvin Harris feat. Rag'n'Bone Man","Lovers In A Past Life"
"Calvin Harris Feat. Rihanna","This Is What You Came For"
"Calvin Harris Feat. Sam Smith & Jessie Reyez","Promises"
"Calvin Harris Feat. Tinie Tempah","Drinking From The Bottle"
"Calvin Harris Feat. Young Thug, Pharrell Williams & Ariana Grande","Heatstroke"
"Calvin Harris, Sam Smith","Desire"
"Calvin Harris, Tom Grennan","By Your Side"
"Cameo","Candy"
"Cameo","Word Up"
"Camila","Perdón"
"Camila Cabello","Crying In The Club"
"Camila Cabello","Don't Go Yet"
"Camila Cabello","Liar"
"Camila Cabello","Never Be The Same"
"Camila Cabello","Something's Gotta Give"
"Camila Cabello Feat. DaBaby","My Oh My"
"Camila Cabello Feat. Young Thug","Havana"
"Camila Cabello, Ed Sheeran","Bam Bam"
"Camilo & Pedro Capó","Tutu"
"Candi Staton","Young Hearts Run Free"
"Canned Heat","Let's Work Together"
"Canned Heat","On The Road Again"
"Capital Cities","Safe And Sound"
"Captain & Tennille","Love Will Keep Us Together"
"Captain Sensible","Happy Talk"
"Captain Tom Moore, Michael Ball & The NHS Voices of Care Choir","You'll Never Walk Alone"
"Cardi B","Enough (Miami)"
"Cardi B Feat. J Balvin & Bad Bunny","I Like It"
"Cardi B feat. Megan Thee Stallion","Bongos"
"Cardi B feat. Megan Thee Stallion","WAP"
"Carl Douglas","Kung Fu Fighting"
"Carla Thomas","B-A-B-Y"
"Carlos Baute","Colgando en tus manos (duo)"
"Carlos Santana","Oye Como Va"
"Carlos Vives","Volvi A Nacer"
"Carlos Vives & Sebastián Yatra","Robarte un Beso"
"Carlos Vives Feat. Shakira","La Bicicleta"
"Carly Rae Jepsen","Call Me Maybe"
"Carly Rae Jepsen","Curiosity"
"Carly Rae Jepsen","I Really Like You"
"Carly Rae Jepsen","Party For One"
"Carly Rae Jepsen","Run Away With Me"
"Carly Rae Jepsen","This Kiss"
"Carly Rae Jepson feat. Rufus Wainwright","The Loneliest Time"
"Carly Simon","Coming Around Again"
"Carly Simon","Let The River Run"
"Carly Simon","Nobody Does It Better"
"Carly Simon","Why"
"Carly Simon","You're So Vain"
"Carly Simon & James Taylor","Mockingbird"
"Caro Emerald","Liquid Lunch"
"Caro Emerald","That Man"
"Carole King","Anyone At All"
"Carole King","I Feel The Earth Move"
"Carole King","It Might As Well Rain Until September"
"Carole King","It's Too Late"
"Carole King","Will You Love Me Tomorrow"
"Carole Samaha","Khallik Behalak"
"Carole Samaha","Rooh Fell"
"Carousel (Musical)","If I Loved You"
"Carousel (Musical)","You'll Never Walk Alone"
"Carpenters","(They Long To Be) Close To You"
"Carpenters","All You Get From Love Is A Love Song"
"Carpenters","Calling Occupants Of Interplanetary Craft"
"Carpenters","For All We Know"
"Carpenters","Goodbye To Love"
"Carpenters","Hurting Each Other"
"Carpenters","I Won't Last A Day Without You"
"Carpenters","Jambalaya (On The Bayou)"
"Carpenters","Merry Christmas Darling"
"Carpenters","Only Yesterday"
"Carpenters","Please Mr. Postman"
"Carpenters","Rainy Days And Mondays"
"Carpenters","Sing"
"Carpenters","Solitaire"
"Carpenters","Superstar"
"Carpenters","This Masquerade"
"Carpenters","Ticket To Ride"
"Carpenters","Top Of The World"
"Carpenters","We've Only Just Begun"
"Carpenters","Yesterday Once More"
"Carrie Underwood","All American Girl"
"Carrie Underwood","Before He Cheats"
"Carrie Underwood","Good Girl"
"Carrie Underwood","Heartbeat"
"Carrie Underwood","Jesus, Take The Wheel"
"Carrie Underwood","Last Name"
"Carrie Underwood","Smoke Break"
"Carrie Underwood","Something In The Water"
"Carrie Underwood","Temporary Home"
"Cars (Disney)","Life Is A Highway"
"Cars (Disney)","Real Gone"
"Cartoons","Witch Doctor"
"Cascada","Evacuate The Dancefloor"
"Cascada","Everytime We Touch"
"Cascada","What Hurts The Most"
"Cash Cash Feat. Bebe Rexha","Take Me Home"
"Casi Angeles","Angeles Del Mundo"
"Casper, Nio García, Darell, Nicky Jam, Bad Bunny, Ozuna","Te Bote Remix"
"Cassie","Long Way 2 Go"
"Cast","Guiding Star"
"Cast","Walk Away"
"Cat Burns","Go"
"Cat Burns","How To Be Human"
"Cat Stevens","Father And Son"
"Cat Stevens","First Cut Is The Deepest"
"Cat Stevens","Matthew & Son"
"Cat Stevens","Moonshadow"
"Cat Stevens","Morning Has Broken"
"Cat Stevens","Sad Lisa"
"Cat Stevens","The First Cut Is The Deepest"
"Cat Stevens","Wild World"
"Catatonia","Mulder & Scully"
"Catatonia","Road Rage"
"Catfish & The Bottlemen","Longshot"
"Cats (Musical)","Memory"
"CeCe Peniston","Finally"
"CeeLo Green","Anyway"
"CeeLo Green","Bright Lights Bigger City"
"CeeLo Green","Cry Baby"
"CeeLo Green","F**k You"
"CeeLo Green","Forget You"
"CeeLo Green","I Want You (Hold On To Love)"
"CeeLo Green","It's OK"
"CeeLo Green","Music To My Soul"
"CeeLo Green Feat. Phillip Bailey","Fool For You"
"Celeste","Stop This Flame"
"Celia Cruz","Celia's Oye Como Va (Oye Como Va)"
"Celia Cruz","La Vida Es Un Carnaval"
"Celine Dion","All By Myself"
"Celine Dion","Because You Loved Me"
"Celine Dion","Falling Into You"
"Celine Dion","I Drove All Night"
"Celine Dion","I'm Alive"
"Celine Dion","I'm Your Angel"
"Celine Dion","It's All Coming Back To Me Now"
"Celine Dion","Loved Me Back To Life"
"Celine Dion","Mon ami m'a quittee"
"Celine Dion","My Heart Will Go On"
"Celine Dion","Ne partez pas sans moi"
"Celine Dion","Only One Road"
"Celine Dion","Tellement j'ai d'amour pour toi"
"Celine Dion","That's The Way It Is"
"Celine Dion","The First Time Ever I Saw Your Face"
"Celine Dion","The Power Of Love"
"Celine Dion","The Reason"
"Celine Dion","Think Twice"
"Céline Dion","Parler à mon père"
"Céline Dion","The Prayer (duet)"
"Celine Dion & Barbra Streisand","Tell Him"
"Celine Dion & Clive Griffin","When I Fall In Love"
"Celine Dion & The Bee Gees","Immortality"
"Central Cee","Doja"
"Central Cee","Loading"
"Cesare Cremonini","Il comico (Sai che risate)"
"Chad Kroeger","Hero"
"Chairman Of The Board","Give Me Just A Little More Time"
"Chaka Demus And Pliers","Tease Me"
"Chaka Khan","Ain't Nobody"
"Chaka Khan","I Feel For You"
"Chaka Khan","Through The Fire"
"Chantay Savage","I Will Survive"
"Chappell Roan","Casual"
"Chappell Roan","Good Luck, Babe!"
"Chappell Roan","Hot To Go"
"Chappell Roan","Pink Pony Club"
"Chappell Roan","Red Wine Supernova"
"Chappell Roan","The Giver"
"Chappell Roan","The Subway"
"Charlene ","I've Never Been To Me"
"Charlene Soraia","Wherever You Will Go"
"Charles & Eddie","Would I Lie To You"
"Charles Aznavour","Emmenez-moi"
"Charles Aznavour","For me formidable"
"Charles Aznavour","La bohème"
"Charles Aznavour","La Mamma"
"Charles Aznavour","Mes emmerdes"
"Charles Aznavour","Mourir D'aimer"
"Charles Aznavour","She"
"Charles Aznavour","Sur Ma Vie"
"Charles Trenet","La mer"
"Charley Pride","Crystal Chandeliers"
"Charli XCX","360"
"Charli XCX","Always Everywhere"
"Charli XCX","Apple"
"Charli XCX","Baby"
"Charli XCX","Boom Clap"
"Charli XCX","Boys"
"Charli XCX","Break The Rules"
"Charli XCX","Chains Of Love"
"Charli XCX","Dying For You"
"Charli XCX","Good Ones"
"Charli XCX","Party 4 U"
"Charli XCX","Rock Music"
"Charli XCX","Speed Drive (Barbie The Movie)"
"Charli XCX","Spring Breakers"
"Charli XCX","Von Dutch"
"Charli XCX","You (Ha Ha Ha)"
"Charli XCX & Troye Sivan","1999"
"Charli XCX feat. Billie Eilish","Guess"
"Charli XCX Feat. Lil Yachty","After The Afterparty"
"Charli XCX feat. Rita Ora","Doing It"
"Charli XCX ft. Troye Sivan","Talk Talk"
"Charli XCX, Christine And The Queens, Caroline Polachek","New Shapes"
"Charli XCX, Rina Sawayama","Beg For You"
"Charlie & The Chocolate Factory (Soundtrack)","Oompa Loompa"
"Charlie Brown","On My Way"
"Charlie Daniels","The Devil Went Down To Georgia"
"Charlie Landsborough","What Colour Is The Wind"
"Charlie Puth","Attention"
"Charlie Puth","Dangerously"
"Charlie Puth","How Long"
"Charlie Puth","Light Switch"
"Charlie Puth","Lipstick"
"Charlie Puth","One Call Away"
"Charlie Puth","That's Hilarious"
"Charlie Puth feat. Jung Kook (of BTS)","Left and Right"
"Charlie Puth Feat. Meghan Trainor","Marvin Gaye"
"Charlie Puth Feat. Selena Gomez","We Don't Talk Anymore"
"Charlie Rich","Behind Closed Doors"
"Charlie Rich","The Most Beautiful Girl"
"Charlotte Church","Crazy Chick"
"Chas & Dave","Gertcha"
"Chas & Dave","In Sickness And In Health"
"Chas & Dave","Margate"
"Chas & Dave","Rabbit"
"Chas & Dave","The Sideboard Song"
"Chase & Status Feat. Delilah","Time"
"Chase & Status Feat. Liam Bailey","Blind Faith"
"Chase & Status Feat. Louis M^ttrs","Lost & Not Found"
"Chase & Status Feat. Moko","Count On Me"
"Chase & Status feat. Stormzy","Backbone"
"Chase & Status Feat. Tinie Tempah","Hitz"
"Chayanne","Madre Tierra (Oye)"
"Cheap Trick","Surrender"
"Cheap Trick ","I Want You To Want Me"
"Cheat Codes Feat. Demi Lovato","No Promises"
"Cheat Codes Feat. Little Mix","Only You"
"Cheat Codes x Kris Kross Amsterdam","Sex"
"Cheat Codes X Train","Bloom"
"Cheb Hasni","Matebkich"
"Cheb Mami","Ya Rayha"
"Chef","Chocolate Salty Balls (Ps I Love You)"
"Cher","All Or Nothing"
"Cher","Bang Bang"
"Cher","Believe"
"Cher","Dark Lady"
"Cher","Dov'e L'Amore"
"Cher","Gypsies Tramps & Thieves"
"Cher","I Found Someone"
"Cher","I Hope You Find It"
"Cher","If I Could Turn Back Time"
"Cher","Just Like Jesse James"
"Cher","Love & Understanding"
"Cher","Strong Enough"
"Cher","The Shoop Shoop Song (It's In His Kiss)"
"Cher","Walking In Memphis"
"Cher","You Haven't Seen The Last Of Me"
"Cher (Burlesque Soundtrack)","Welcome To Burlesque"
"Cher Lloyd","Green Light"
"Cher Lloyd","Swagger Jagger"
"Cher Lloyd Feat. Astro","Want U Back"
"Cher Lloyd Feat. Mike Posner","With Ur Love"
"Cher Lloyd Feat. T.I.","I wish"
"Cheryl","I Don't Care"
"Cheryl","Love Made Me Do It"
"Cheryl","Only Human"
"Cheryl Cole","Call My Name"
"Cheryl Cole","Fight For This Love"
"Cheryl Cole","Parachute"
"Cheryl Cole","Promise This"
"Cheryl Cole","The Flood"
"Cheryl Cole","Under The Sun"
"Cheryl Cole feat. Tinie Tempah","Crazy Stupid Love"
"Cheryl Cole Feat. Wretch 32","Screw You"
"Cheryl Lynn","Got To Be Real"
"Chesney Hawkes","The One And Only"
"Chevelle","The Red"
"Chic","Everybody Dance"
"Chic","Good Times"
"Chic","I Want Your Love"
"Chic","Le Freak"
"Chic","My Forbidden Lover"
"Chicago","I Don't Wanna Live Without Your Love"
"Chicago","If You Leave Me Now"
"Chicago","You're The Inspiration"
"Chicago (Musical)","All That Jazz"
"Chicago (Musical)","Cell Block Tango"
"Chicago (Musical)","Funny Honey"
"Chicago (Musical)","Hard To Say I'm Sorry"
"Chicago (Musical)","Mr. Cellophane"
"Chicago (Musical)","Nowadays"
"Chicago (Musical)","Razzle Dazzle"
"Chicago (Musical)","The Glory Of Love"
"Chicane Feat. Tom Jones","Stoned In Love"
"Chico","Chico Time"
"Chico & The Gypsies","Amor de mis amores"
"Chico & The Gypsies","Besame Mucho"
"Chico & The Gypsies","Dali Ven"
"Chico & The Gypsies","El porompompero"
"Chico & The Gypsies","Vous les femmes"
"Chicory Tip","Son Of My Father"
"Chiddy Bang","Ray Charles"
"Childish Gambino","3005"
"Childish Gambino","Feels Like Summer"
"Childish Gambino","Heartbeat"
"Childish Gambino","Redbone"
"Childish Gambino","This Is America"
"Chi-Lites","Have You Seen Her"
"Chingon","Malagueña Salerosa"
"Chinmayi Sripada and Gopi Sunder","Titli"
"Chino & Nacho","Mi Niña Bonita"
"Chino y Nacho Feat. Daddy Yankee","Andas En Mi Cabeza (Versión Acústica)"
"Chipmunk Feat. Chris Brown","Champion"
"Chitãozinho & Xororó","Hino De Reis"
"Chitãozinho e Xororó","Fio de Cabelo"
"Chitty Chitty Bang Bang Soundtrack","Chitty Chitty Bang Bang"
"Chris Andrews","Pretty Belinda"
"Chris Andrews","To Whom It Concerns"
"Chris Andrews","Yesterday Man"
"Chris Brown","Don't Judge Me"
"Chris Brown","Don't Wake Me Up"
"Chris Brown","Fine China"
"Chris Brown","Forever"
"Chris Brown","Run It"
"Chris Brown","She Ain't You"
"Chris Brown","Turn Up The Music"
"Chris Brown","Undecided"
"Chris Brown","With You"
"Chris Brown","Yeah 3x"
"Chris Brown","Zero"
"Chris Brown and Tyga","Ayo"
"Chris Brown Feat. Benny Benassi","Beautiful People"
"Chris Brown feat. Davido & Lojay","Sensational"
"Chris Brown Feat. Drake","No Guidance"
"Chris Brown Feat. Justin Bieber","Next To You"
"Chris Brown Feat. Keri Hilson","Superhuman"
"Chris Brown Feat. Usher & Rick Ross","New Flame"
"Chris Cornell","You Know My Name"
"Chris De Burgh","A Spaceman Came Travelling"
"Chris De Burgh","A Woman's Heart"
"Chris De Burgh","Don't Pay The Ferryman"
"Chris De Burgh","Lady In Red"
"Chris De Burgh","Patricia The Stripper"
"Chris Farlowe","Out Of Time"
"Chris Isaak","Blue Hotel"
"Chris Isaak","Wicked Game"
"Chris Malinchak","If U Got It"
"Chris Malinchak","So Good To Me (Radio Edit)"
"Chris Medina","What Are Words?"
"Chris Montez","Let's Dance"
"Chris Montez","The More I See You"
"Chris Rea","Auberge"
"Chris Rea","Driving Home For Christmas"
"Chris Rea","Fool If You Think It's Over"
"Chris Rea","Josephine"
"Chris Rea","Julia"
"Chris Rea","Let's Dance"
"Chris Rea","On The Beach"
"Chris Rea","Road To Hell"
"Chris Rea","Stainsby Girls"
"Chris Stapleton","Tennessee Whiskey"
"Chris Young","Voices"
"Christie","San Bernadino"
"Christie","Yellow River"
"Christina Aguilera","Ain't No Other Man"
"Christina Aguilera","At Last"
"Christina Aguilera","Beautiful"
"Christina Aguilera","Candy Man"
"Christina Aguilera","Can't Hold Us Down"
"Christina Aguilera","Come On Over (All I Want Is You)"
"Christina Aguilera","Dirrty"
"Christina Aguilera","Fighter"
"Christina Aguilera","Genie In A Bottle"
"Christina Aguilera","Hurt"
"Christina Aguilera","I Turn To You"
"Christina Aguilera","Learning To Fly (PAW Patrol)"
"Christina Aguilera","The Voice Within"
"Christina Aguilera","What A Girl Wants"
"Christina Aguilera","Your Body"
"Christina Aguilera Feat. Missy Elliott","Car Wash"
"Christina Aguilera, Pink, Mya & Lil' Kim","Lady Marmalade"
"Christina Milian","AM-PM"
"Christina Milian","Dip It Low"
"Christina Milian Feat. Young Jezzy","Say I"
"Christina Perri","A Thousand Years"
"Christina Perri","Human"
"Christina Perri","Jar Of Hearts"
"Christine And The Queens","5 Dollars"
"Christine And The Queens","Christine"
"Christine And The Queens","Tilted"
"Christine And The Queens Feat. Dam-Funk","Girlfriend"
"Christmas Carol","Ave Maria (Spanish)"
"Christophe","Aline"
"Christophe","Les Mots Bleus"
"Christopher Cross","Arthur's Theme"
"Christopher Cross","Ride Like The Wind"
"Christopher Cross","Sailing"
"Christopher Cross","Think Of Laura"
"Christy Moore","Ride On"
"Chubby Checker","Let's Twist Again"
"Chubby Checker","The Twist"
"Chuck Berry","Johnny B. Goode"
"Chuck Berry","Memphis Tennessee"
"Chuck Berry","My Ding-A-Ling"
"Chuck Berry","Nadine"
"Chuck Berry","No Particular Place To Go"
"Chuck Berry","Reelin' And Rockin'"
"Chuck Berry","Rock & Roll Music"
"Chuck Berry","Roll Over Beethoven"
"Chuck Berry","Run Rudolph Run"
"Chuck Berry","School Days"
"Chuck Berry","Sweet Little Sixteen"
"Chuck Berry","You Never Can Tell"
"Chumbawamba","Tubthumping"
"CHVRCHES","Get Out"
"CHVRCHES","Graffiti"
"Chvrches","Leave a Trace"
"Cian Ducrot","Everyone Who Falls In Love"
"Cian Ducrot","Here It Is"
"Cian Ducrot & Ella Henderson","All For You"
"Ciara","I Bet"
"Ciara","Level Up"
"Ciara Feat. Justin Timberlake","Love, Sex, Magic"
"Ciara Feat. Missy Elliott","1, 2 Step"
"Ciara Feat. Petey Pablo","Goodies"
"Cigarettes After Sex","Apocalypse"
"Cigarettes After Sex","K"
"Cigarettes After Sex","Pistol"
"Cigarettes After Sex","Sunsetz"
"Cigarettes After Sex","X's"
"Cilla Black","Alfie"
"Cilla Black","Anyone Who Had A Heart"
"Cilla Black","Something Tells Me"
"Cilla Black","Step Inside Love"
"Cilla Black","You're My World"
"Cinderella (Disney)","So This Is Love"
"Cirque du Soleil","Alegria"
"CKay feat. DJ Yo! & AX'EL","love nwantiti (ah ah ah)"
"Clarence ""Frogman"" Henry","But I Do"
"Clauda Chemali","Ya Habib El Rouh"
"Claude François","Alexandrie Alexandra"
"Claude François","Cette année-là"
"Claude François","Comme d'habitude"
"Claude Nougaro","Armstrong"
"Claudio Capeo","Ca va ca va"
"Clean Bandit","Believe"
"Clean Bandit","Stronger"
"Clean Bandit & Mabel Feat. 24kGoldn","Tick Tock"
"Clean Bandit & Topic feat. Wes Nelson","Drive"
"Clean Bandit Feat. Demi Lovato","Solo"
"Clean Bandit Feat. Ellie Goulding","Mama"
"Clean Bandit Feat. Jess Glynne","Rather Be"
"Clean Bandit Feat. Jess Glynne","Real Love"
"Clean Bandit Feat. Julia Michaels","I Miss You"
"Clean Bandit Feat. Louisa Johnson","Tears"
"Clean Bandit Feat. Marina & Luis Fonsi","Baby"
"Clean Bandit Feat. Sean Paul & Anne-Marie","Rockabye"
"Clean Bandit feat. Sharma Bass","Extraordinary"
"Clean Bandit Feat. Zara Larsson","Symphony"
"Clean Bandit, A7S","Everything But You"
"Cliff Bennett & The Rebel Rousers","Got To Get You Into My Life"
"Cliff Richard","A Voice In The Wilderness"
"Cliff Richard","Angel"
"Cliff Richard","Bachelor Boy"
"Cliff Richard","Cliff Richard Medley 1"
"Cliff Richard","Cliff Richard Medley 2"
"Cliff Richard","Congratulations"
"Cliff Richard","'D' In Love"
"Cliff Richard","Devil Woman"
"Cliff Richard","Do You Wanna Dance"
"Cliff Richard","Don't Talk To Him"
"Cliff Richard","Fall In Love With You"
"Cliff Richard","Gee Whiz It's You"
"Cliff Richard","Golden"
"Cliff Richard","Goodbye Sam, Hello Samantha"
"Cliff Richard","High Class Baby"
"Cliff Richard","I Could Easily Fall (In Love With You)"
"Cliff Richard","In The Country"
"Cliff Richard","It'll Be Me"
"Cliff Richard","It's All In The Game"
"Cliff Richard","Lessons In Love"
"Cliff Richard","Livin' Lovin' Doll"
"Cliff Richard","Living Doll"
"Cliff Richard","Lucky Lips"
"Cliff Richard","Miss You Nights"
"Cliff Richard","Mistletoe & Wine"
"Cliff Richard","Move It"
"Cliff Richard","Please Don't Tease"
"Cliff Richard","Power To All Our Friends"
"Cliff Richard","Rise Up"
"Cliff Richard","Saviours Day"
"Cliff Richard","Some People"
"Cliff Richard","Summer Holiday"
"Cliff Richard","Thank You For A Lifetime"
"Cliff Richard","The Cliff Richard Medley 3"
"Cliff Richard","The Cliff Richard Medley 4"
"Cliff Richard","The Day I Met Marie"
"Cliff Richard","The Next Time"
"Cliff Richard","The Young Ones"
"Cliff Richard","Theme For A Dream"
"Cliff Richard","Travellin' Light"
"Cliff Richard","We Don't Talk Anymore"
"Cliff Richard","What A Wonderful World / Somewhere Over"
"Cliff Richard","Willie And The Hand Jive"
"Cliff Richard","Wired For Sound"
"Cliff Richard & Sarah Brightman","All I Ask Of You"
"Climax Blues Band","Couldn't Get It Right"
"Climie Fisher","Love Changes Everything"
"Clive Dunn","Grandad"
"Clodagh Rodgers","Jack In The Box"
"Clout","Substitute"
"CNCO Feat. Little Mix","Reggaeton Lento (Remix)"
"Coast to Coast","Do The Hucklebuck"
"Cocktail","Daaru Desi"
"Cocktail","Second Hand Jawaani"
"Cocktail","Tumhi Ho Bandhu"
"Coco","Un Poco Loco"
"Coco (Disney)","Remember Me"
"Coco (Disney)","Un Poco Loco"
"Coco (Michel Lerousseau)","Ne m'oublie pas"
"Coeur de pirate","Mistral gagnant"
"Colbie Caillat","Bubbly"
"Colbie Caillat","Fallin' For You"
"Colbie Caillat","Try"
"Cold Chisel","Cheap Wine"
"Cold Chisel","Flame Trees"
"Cold Chisel","Khe Sanh"
"Cold Chisel","Saturday Night"
"Coldplay","A Sky Full Of Stars"
"Coldplay","Adventure Of A Lifetime"
"Coldplay","All My Love"
"Coldplay","Atlas"
"Coldplay","Charlie Brown"
"Coldplay","Christmas Lights"
"Coldplay","Clocks"
"Coldplay","Don't Panic"
"Coldplay","Everglow"
"Coldplay","Every Teardrop Is A Waterfall"
"Coldplay","feelslikeimfallinginlove"
"Coldplay","Fix You"
"Coldplay","God Put A Smile Upon Your Face"
"Coldplay","Higher Power"
"Coldplay","Humankind"
"Coldplay","Hymn For The Weekend"
"Coldplay","Hypnotised"
"Coldplay","In My Place"
"Coldplay","Lost"
"Coldplay","Magic"
"Coldplay","Paradise"
"Coldplay","Shiver"
"Coldplay","Speed Of Sound"
"Coldplay","The Hardest Part"
"Coldplay","The Karate Kid"
"Coldplay","The Scientist"
"Coldplay","Trouble"
"Coldplay","True Love"
"Coldplay","Violet Hill"
"Coldplay","Viva La Vida"
"Coldplay","Yellow"
"Coldplay Feat. Rihanna","Princess Of China"
"Cole Swindell","Chillin' It"
"Colin Graham","Horse Outside"
"Color Me Bad","I Wanna Sex You Up"
"Common & John Legend","Glory (From The Motion Picture 'Selma')"
"Conchita Wurst - (Austria Eurovision Entry 2014)","Rise Like A Phoenix"
"Confidence Man","Holiday"
"Conkarah & Shaggy","Banana"
"Connie Francis","Carolina Moon"
"Connie Francis","Everybody's Somebody's Fool"
"Connie Francis","Lipstick On Your Collar"
"Connie Francis","My Happiness"
"Connie Francis","My Heart Has A Mind Of Its Own"
"Connie Francis","Robot Man"
"Connie Francis","Stupid Cupid"
"Connie Francis","Together"
"Connie Francis","Where The Boys Are"
"Connie Francis","Who's Sorry Now"
"Connie Talbot","Never Give Up On Us"
"Conor Maynard","Can't Say No"
"Conor Maynard","R U Crazy"
"Conor Maynard","R U Crazy?"
"Conor Maynard","Vegas Girl"
"Conor Maynard Feat. Ne-Yo","Turn Around"
"Conor Maynard Feat. Wiley","Animal"
"Conway Twitty","It's Only Make Believe"
"Cookie Dingler","Femme libérée"
"Coolio","1 2 3 4 (Sumpin' New)"
"Coolio Feat. LV","Gangsta's Paradise"
"Corinne Bailey Rae","Put Your Records On"
"Corinne Bailey Rae","Trouble Sleeping"
"Corinne Hermes","Si La Vie Est Cadeau"
"Cornershop","Brimful Of Asha"
"Corona","Rhythm Of The Night"
"Counting Crows","Big Yellow Taxi"
"Counting Crows","Hard Candy"
"Counting Crows","Holiday In Spain"
"Counting Crows","Mr. Jones"
"Counting Crows (Shrek 2 Sountrack)","Accidentally In Love"
"Cover Drive","Twilight"
"Craig David","7 Days"
"Craig David","Don't Love You No More (I'm Sorry)"
"Craig David","Fill Me In"
"Craig David","Heartline"
"Craig David","One More Time"
"Craig David","Rendezvous"
"Craig David","Walking Away"
"Craig David","What's Your Flava"
"Craig David & Big Narstie","When the Bassline Drops"
"Craig David & Galantis","DNA"
"Craig David & Sigala","Ain't Giving Up On You"
"Craig David Feat. Bastille","I Know You"
"Craig David Feat. Sting","Rise & Fall"
"Craig Douglas","Only Sixteen"
"Craig Douglas","Pretty Blue Eyes"
"Crash Test Dummies","Mmm Mmm Mmm Mmm"
"Crazy Town","Butterfly"
"Crazy World Of Arthur Brown","Fire"
"Cream","Sunshine Of Your Love"
"Cream","White Room"
"Creed","Are You Ready?"
"Creed","Higher"
"Creed","My Own Prison"
"Creed","My Sacrifice"
"Creed","One"
"Creed","One Last Breath"
"Creed","Rain"
"Creed","What's This Life For"
"Creed","With Arms Wide Open"
"Creedence Clearwater Revival","Bad Moon Rising"
"Creedence Clearwater Revival","Proud Mary"
"Creedence Clearwater Revival","Suzie Q"
"Creedence Clearwater Revival","Up Around The Bend"
"Crispian St. Peters","You Were On My Mind"
"Crosby, Stills, Nash & Young","Our House"
"Crowded House","Better Be Home Soon"
"Crowded House","Distant Sun"
"Crowded House","Don't Dream It's Over"
"Crowded House","Fall At Your Feet"
"Crowded House","Four Seasons In One Day"
"Crowded House","It's Only Natural"
"Crowded House","Weather With You"
"Crystal Gayle","Don't It Make My Brown Eyes Blue"
"Crystal Gayle","Talking In Your Sleep"
"Crystal Gayle & Don McClean","Crying In The Rain"
"Crystal Waters","Gypsy Woman (La Da Dee)"
"Culture Beat","Mr. Vain"
"Culture Club","Church Of The Poison Mind"
"Culture Club","Do You Really Want To Hurt Me"
"Culture Club","It's A Miracle"
"Culture Club","Karma Chameleon"
"Culture Club","Time"
"Culture Club","Victims"
"Cumbia Ninja","Ojos En La Espalda"
"Curiosity Killed The Cat","Down To Earth"
"Curtis Mayfield","Move On Up"
"Curtis Mayfield","Superfly"
"Curtis Stigers","I Wonder Why"
"Curtis Stigers","You're All That Matters To Me"
"Cutting Crew","I Just Died In Your Arms Tonight"
"Cyndi Lauper","Girls Just Want To Have Fun"
"Cyndi Lauper","I Drove All Night"
"Cyndi Lauper","The Goonies R Good Enough"
"Cyndi Lauper","Time After Time"
"Cyndi Lauper","True Colours"
"Cypress Hill","Insane In The Brain"
"Cyrine Abdel Nour","Aadi"
"Cyrus","Stone"
"D:Ream","Things Can Only Get Better"
"D-12","My Band"
"D-12","Purple Hills"
"D4L","Laffy Taffy"
"DaBaby & Roddy Rich","Rockstar"
"Dabangg 2","Fevicol Se"
"Daddy Yankee","RUMBATÓN"
"Daddy Yankee, Snow","Con Calma"
"Daft Punk","One More Time"
"Daft Punk Feat. Pharrell Williams","Get Lucky"
"Daft Punk Feat. Pharrell Williams","Lose Yourself To Dance"
"Dafydd Iwan","Yma O Hyd"
"Dalida","Aghany Aghany"
"Dalida","Come prima"
"Dalida","Paroles, paroles"
"Dalton Harris Feat. James Arthur","The Power of Love"
"Damian ""Jr. Gong"" Marley","Welcome To Jamrock"
"Damiano David","Born With A Broken Heart"
"Damien Rice","9 Crimes"
"Damien Rice","Cannonball"
"Damien Rice","I Don't Want To Change You"
"Damien Rice","The Blower's Daughter"
"Dan & Shay Feat. Justin Bieber","10,000 Hours"
"Dan Hartman","Relight My Fire"
"Dan Hill & Vonda Shepard","Can't We Try"
"Dana","All Kinds Of Everything"
"Dana","Fairytale"
"D'Angelo","Brown Sugar"
"Daniel Balavoine","Le chanteur"
"Daniel Balavoine","Tous les cris, les SOS"
"Daniel Bedingfield","Gotta Get Through This"
"Daniel Bedingfield","If I'm Not Made For You (If You're Not The One)"
"Daniel Boone","Beautiful Sunday"
"Daniel Caesar feat. H.E.R.","Best Part"
"Daniel Merriweather","Red"
"Daniel O'Donnell","Danny Boy"
"Daniel O'Donnell","Forty Shades Of Green"
"Daniel O'Donnell","Isle Of Innisfree"
"Daniel Powter","Bad Day"
"Daniele Silvestri","Saliro"
"Dannii Minogue","All I Wanna Do"
"Dannii Minogue","I Begin To Wonder"
"Dannii Minogue","Put The Needle On It"
"Dannii Minogue","Thinking 'Bout Us"
"Dannii Minogue","We Could Be The One"
"Dannii Minogue & The Soul Seekerz","Perfection"
"Danny & The Juniors","At The Hop"
"Danny Wilson","Mary's Prayer"
"Dany Brillant","Suzette"
"Dany Brillant","Tu vuo' fa l'Americano"
"Danzig","Mother"
"Dappy","Beautiful Me"
"Dappy","Good Intentions"
"Dappy","No Regrets"
"Dappy","Yin Yang"
"Dappy Feat. Brian May","Rock Star"
"Darius","Colour Blind"
"Darius Rucker","Come Back Song"
"Darius Rucker","History In The Making"
"Darius Rucker","Wagon Wheel"
"Darlene Love","All Alone On Christmas"
"Darlene Love","Winter Wonderland"
"Daryl Braithwaite","The Horses"
"Dashboard Confessional","Stolen"
"Daughtry","Crashed"
"Daughtry","What About Now"
"Dave","Starlight"
"Dave & Fredo","Funky Friday"
"Dave & Tems","Raindance"
"Dave Berry","Little Things"
"Dave Berry","The Crying Game"
"Dave Clark Five","Bit's & Pieces"
"Dave Clark Five","Catch Us If You Can"
"Dave Clark Five","Glad All Over"
"Dave Davies","Death Of A Clown"
"Dave Dee, Dozy, Beaky, Mick & Tich","Hold Tight"
"Dave Dee, Dozy, Beaky, Mick & Tich","Legend Of Xanadu"
"Dave Dee, Dozy, Beaky, Mick & Tich","Save Me"
"Dave Edmunds","Girls Talk"
"Dave feat. Burna Boy","Location"
"Dave feat. Stormzy","Clash"
"Dave Grohl & Paul McCartney","Cut me some Slack"
"Dave Stewart & Barbara Gaskin","It's My Party"
"David Bowie","1984"
"David Bowie","Andy Warhol"
"David Bowie","Ashes To Ashes"
"David Bowie","Blackstar"
"David Bowie","Boys Keep Swinging"
"David Bowie","Changes"
"David Bowie","China Girl"
"David Bowie","Fame"
"David Bowie","Fashion"
"David Bowie","Golden Years"
"David Bowie","Hallo Spaceboy"
"David Bowie","Heroes"
"David Bowie","I'm Afraid Of Americans"
"David Bowie","Jean Genie"
"David Bowie","Lazarus"
"David Bowie","Let's Dance"
"David Bowie","Life On Mars"
"David Bowie","Magic Dance"
"David Bowie","Modern Love"
"David Bowie","No Plan"
"David Bowie","Queen Bitch"
"David Bowie","Rebel Rebel"
"David Bowie","Scary Monsters (and Super Creeps)"
"David Bowie","Sorrow"
"David Bowie","Sound And Vision"
"David Bowie","Space Oddity"
"David Bowie","Starman"
"David Bowie","The Man Who Sold The World"
"David Bowie","This Is Not America"
"David Bowie","Time"
"David Bowie","Valentine's Day"
"David Bowie","Where Are We Now"
"David Bowie","Young Americans"
"David Bowie","Ziggy Stardust"
"David Bowie & Bing Crosby","(Peace On Earth) Little Drummer Boy"
"David Bowie & Mick Jagger","Dancing In The Street"
"David Brent and Foregone Conclusion","Lady Gypsy"
"David Cassidy","Could It Be Forever"
"David Cassidy","Daydreamer"
"David Cassidy","How Can I Be Sure"
"David Cassidy","I Am A Clown"
"David Cassidy","Some Kind Of Summer"
"David Cassidy","Walking In The Rain"
"David Dundas ","Jeans On"
"David Essex","A Winter's Tale"
"David Essex","Gonna Make You A Star"
"David Essex","Hold Me Close"
"David Gilmour","Rattle That Lock"
"David Gray","Babylon"
"David Gray","Hospital Food"
"David Gray","Please Forgive Me"
"David Gray","Sail Away"
"David Gray","Say Hello Wave Goodbye"
"David Gray","The One I Love"
"David Gray","This Year's Love"
"David Guetta & Alesso feat. Madison Love","Never Going Home Tonight"
"David Guetta & Sia","Beautiful People"
"David Guetta Feat. Akon","Sexy Bitch"
"David Guetta Feat. Anne-Marie","Don't Leave Me Alone"
"David Guetta feat. Anne-Marie & Coi Leray","Baby Don't Hurt Me"
"David Guetta feat. Bebe Rexha","I'm Good (Blue)"
"David Guetta Feat. Charli XCX & French Montana","Dirty Sexy Money"
"David Guetta Feat. Chris Brown & Lil Wayne","I Can Only Imagine"
"David Guetta Feat. Emeli Sande","What I Did For Love"
"David Guetta Feat. Flo Rida & Nicki Minaj","Where Them Girls At"
"David Guetta Feat. Justin Bieber","2U"
"David Guetta Feat. Kelly Rowland","When Love Takes Over"
"David Guetta Feat. Kid Cudi","Memories"
"David Guetta feat. Morten & RAYE","You Can't Change Me"
"David Guetta Feat. Ne-Yo & Akon","Play Hard"
"David Guetta Feat. Nicki Minaj and Afrojack","Hey Mama"
"David Guetta feat. OneRepublic","I Don't Wanna Wait"
"David Guetta Feat. Rihanna","Who's That Chick"
"David Guetta Feat. Sam Martin","Dangerous"
"David Guetta Feat. Sam Martin","Lovers On The Sun"
"David Guetta Feat. Sia","Flames"
"David Guetta Feat. Sia","Titanium"
"David Guetta Feat. Sia ","She Wolf (Falling To Pieces)"
"David Guetta Feat. Sia and Fetty Wap","Bang My Head"
"David Guetta Feat. Taio Cruz & Ludacris","Little Bad Girl"
"David Guetta Feat. Taped Rai","Just One Last Time"
"David Guetta Feat. Usher","Without You"
"David Guetta Feat. Zara Larsson","This One's For You"
"David Guetta Vs. Snoop Dogg","Sweat"
"David Guetta, Kim Petras","When We Were Young (The Logical Song)"
"David Guetta, Teddy Swims, Tones and I","Gone Gone Gone"
"David Hasselhoff","Jump In My Car"
"David Hasselhoff","True Survivor (From Kung Fury)"
"David Lee Roth","Just A Gigolo"
"David Nail","Whatever She's Got"
"David Soul","Don't Give Up On Us"
"David Soul","Silver Lady"
"David Whitfield","Answer Me"
"David Zowie","House Every Weekend"
"Davido","Fall"
"Davido","Unavailable"
"Dawin Feat. Silento","Dessert (Remix)"
"Dawn","Candida"
"Dawn","Knock Three Times"
"Dawn Pen","You Don't Love Me"
"Dawson's Creek (TV Theme)","I Don't Want To Wait"
"D'Banj","Oliver Twist"
"DC Madana","Teri Aankhya Ka Kajal"
"De Danann With Mary Black","Song For Ireland"
"De La Soul","Me, Myself and I"
"Deacon Blue","Chocolate Girl"
"Deacon Blue","City Of Love"
"Deacon Blue","Dignity"
"Deacon Blue","Fergus Sings The Blues"
"Deacon Blue","I'll Never Fall In Love Again"
"Deacon Blue","Real Gone Kid"
"Deacon Blue","Wages Day"
"Dead Or Alive","You Spin Me Around"
"Dean Friedman","Lucky Stars"
"Dean Lewis","With You"
"Dean Martin","Ain't That A Kick In The Head"
"Dean Martin","Bumming Around"
"Dean Martin","Buona Sera"
"Dean Martin","Everybody Loves Somebody"
"Dean Martin","Gentle On My Mind"
"Dean Martin","It's Beginning To Look A Lot Like Christmas"
"Dean Martin","Let Me Go Lover"
"Dean Martin","Little Ole Wine Drinker Me"
"Dean Martin","Memories Are Made Of This"
"Dean Martin","Return To Me"
"Dean Martin","Rudolph The Red-Nosed Reindeer"
"Dean Martin","Sam's Song"
"Dean Martin","Standing On The Corner"
"Dean Martin","Sway"
"Dean Martin","That's Amore"
"Dean Martin","Under The Bridges Of Paris"
"Dean Martin","Volare"
"Dean Martin","You're Nobody Till Somebody Loves You"
"Dean Martin & Helen O'Connell","How D'Ya Like Your Eggs In The Morning"
"Dear Evan Hansen (Musical)","Waving Through A Window"
"Dear Evan Hansen (Musical)","You Will Be Found"
"Death Cab For Cutie","I Will Follow You Into The Dark"
"Debarge","Rhythm Of The Night"
"Debbie Harry","French Kissin' In The USA"
"Debbie Harry","I Want That Man"
"Début de soirée","Nuit de folie"
"Declan O'Rourke","Arrivals"
"Deee-Lite","Groove Is In The Heart"
"Deep Blue Something","Breakfast At Tiffany's"
"Deep Purple","Black Night"
"Deep Purple","Fireball"
"Deep Purple","Highway Star"
"Deep Purple","Hush"
"Deep Purple","Smoke On The Water"
"Deep Purple","Strange Kind Of Woman"
"Def Leppard","Let's Get Rocked"
"Def Leppard","Love Bites"
"Def Leppard","Pour Some Sugar On Me"
"Def Leppard","Rock Of Ages"
"Deftones","Digital Bath"
"Dekha Hazaro Dafaa","Rustom"
"Del Amitri","Always The Last To Know"
"Del Amitri","Driving With The Brakes On"
"Del Amitri","Nothing Ever Happens"
"Del Amitri","Roll To Me"
"Del Amitri","Spit In The Rain"
"Del Shannon","Hats Off To Larry"
"Del Shannon","Keep Searching (We'll Follow The Sun)"
"Del Shannon","Little Town Flirt"
"Del Shannon","Runaway"
"Del Shannon","Swiss Maid"
"Del Shannon","The Answer To Everything"
"Del Shannon","Two Kinds Of Teardrops"
"Delta Goodrem","Born To Try"
"Delta Goodrem","In This Life"
"Delta Goodrem","Lost Without You"
"Delta Goodrem","Not Me Not I"
"Delta Goodrem","Wings"
"Delta Goodrem & Brian McFadden","Almost Here"
"Demi Lovato","Anyone"
"Demi Lovato","Body Say"
"Demi Lovato","Confident"
"Demi Lovato","Cool for the Summer"
"Demi Lovato","Fast"
"Demi Lovato","Heart Attack"
"Demi Lovato","Here All Night"
"Demi Lovato","I Love Me"
"Demi Lovato","Joshua Tree"
"Demi Lovato","Kiss"
"Demi Lovato","La La Land"
"Demi Lovato","Made In The USA"
"Demi Lovato","Neon Lights"
"Demi Lovato","Skyscraper"
"Demi Lovato","Sorry Not Sorry"
"Demi Lovato","Still Alive"
"Demi Lovato","Stone Cold"
"Demi Lovato & Joe Jonas","This Is Me (From Camp Rock)"
"Deng Li Jun","Tian Mi Mi"
"Deng Li Jun","Xiao Cheng Gu Shi"
"Deniece Williams","Let's Hear It For The Boy"
"Dennis Waterman","I Could Be So Good For You"
"Depeche Mode","A Question Of Lust"
"Depeche Mode","Enjoy The Silence"
"Depeche Mode","Everything Counts"
"Depeche Mode","Home"
"Depeche Mode","Just Can't Get Enough"
"Depeche Mode","Never Let Me Down Again"
"Depeche Mode","People Are People"
"Depeche Mode","Personal Jesus"
"Depeche Mode","Policy Of Truth"
"Depeche Mode","Somebody"
"Depeche Mode","Soothe My Soul"
"Depeche Mode","Walking In My Shoes"
"Depeche Mode","World In My Eyes"
"Dermot Kennedy","Better Days"
"Dermot Kennedy","Giants"
"Dermot Kennedy","Kiss Me"
"Dermot Kennedy","Outnumbered"
"Dermot Kennedy","Power Over Me"
"Des O'Connor","Careless Hands"
"Des O'Connor","Dick-A-Dum-Dum (Kings Road)"
"Des O'Connor","I Pretend"
"Des O'Connor","One, Two, Three O'Leary"
"Descendants","Set It Off"
"Descendants","Ways To Be Wicked"
"Desi Boyz","Subha Hone Na De"
"Desiigner","Panda"
"Desireless","Voyage Voyage"
"Desmond Dekker & The Aces","Israelites"
"Desmond Dekker & The Aces","You Can Get It If You Really Want"
"Des'ree","Life"
"Des'ree","You Gotta Be"
"Destiny's Child","Bills Bills Bills"
"Destiny's Child","Bootylicious"
"Destiny's Child","Bug A Boo"
"Destiny's Child","Carter 2 U"
"Destiny's Child","Cater 2 U"
"Destiny's Child","Emotion"
"Destiny's Child","Girl"
"Destiny's Child","Independent Women Part 1"
"Destiny's Child","Jumpin' Jumpin'"
"Destiny's Child","Lose My Breath"
"Destiny's Child","Nuclear"
"Destiny's Child","Say My Name"
"Destiny's Child","So Good"
"Destiny's Child","Soldier"
"Destiny's Child","Stand Up For Love"
"Destiny's Child","Survivor"
"DEV Feat. The Cataracs","Bass Down Low"
"Device Feat. Lzzy Hale","Close My Eyes Forever"
"Devlin Feat. Ed Sheeran","Watchtower"
"Devo","Beautiful World"
"Devo","Girl U Want"
"Dexy's Midnight Runners","Come On Eileen"
"Dexy's Midnight Runners","Geno"
"Dhadak","Zingaat"
"Dhoom 2","Crazy Kiya Re"
"Dhoom 3","Dhoom Machale"
"Dhoom 3","Kamli"
"Dhoom 3","Tu Hi Junoon"
"Diablos Locos","Si No La Tengo"
"Diana and Roma","Like It"
"Diana King","I Say A Little Prayer"
"Diana King","Shy Guy"
"Diana Ross","Ain't No Mountain High Enough"
"Diana Ross","Chain Reaction"
"Diana Ross","Do You Know Where You're Going To"
"Diana Ross","I'm Coming Out"
"Diana Ross","I'm Still Waiting"
"Diana Ross","Love Hangover"
"Diana Ross","My Old Piano"
"Diana Ross","Touch Me In The Morning"
"Diana Ross","Upside Down"
"Diana Ross","When You Tell Me That You Love Me"
"Diana Ross","Why Do Fools Fall In Love"
"Diana Ross & Lionel Richie","Endless Love"
"Diana Ross & The Supremes","Baby Love"
"Diana Ross & The Supremes","Reflections"
"Diana Ross & The Supremes","Someday We'll Be Together"
"Diana Ross & The Supremes","You Can't Hurry Love"
"Diana Vickers","Music To Make The Boys Cry"
"Diana Vickers","My Wicked Heart"
"Diana Vickers","Once"
"Dianna Haddad ft Sheb Khaled","Mas w Louli"
"Dickie Valentine","Christmas Alphabet"
"Dickie Valentine","Finger Of Suspicion"
"Dickie Valentine","I Wonder"
"Dickie Valentine","Mr Sandman"
"Dickie Valentine","Old Piano Rag"
"Dickie Valentine","The Dickie Valentine Medley"
"Diddy-Dirty Money Feat. Skylar Grey","Coming Home (Clean)"
"Dido","Closer"
"Dido","Don't Leave Home"
"Dido","Here With Me"
"Dido","Hunter"
"Dido","Life For Rent"
"Dido","Mary's In India"
"Dido","Sand In My Shoes"
"Dido","See The Sun"
"Dido","See You When You're 40"
"Dido","Thank You"
"Dido","This Land Is Mine"
"Dido","White Flag"
"Dido","Who Makes You Feel"
"Die Antwoord","Pitbull Terrier"
"Diego Torres","Color esperanza"
"Dierks Bentley","Drunk On A Plane"
"Digital Farm Animals & Cash Cash Feat. Nelly","Millionaire"
"Dilwale","Gerua"
"Dilwale","Manma Emotion Jaage"
"Dina Carroll","Ain't No Man"
"Dina Carroll","Don't Be A Stranger"
"Dinah Washington","Mad About The Boy"
"Dinah Washington","What A Difference A Day Makes"
"Dio","Holy Diver"
"Dion","Runaround Sue"
"Dion","The Wanderer"
"Dion & The Belmonts","A Teenager In Love"
"Dionne Warwick","All The Love In The World"
"Dionne Warwick","Do You Know The Way To San Jose"
"Dionne Warwick","Heartbreaker"
"Dionne Warwick","I'll Never Fall In Love Again"
"Dionne Warwick","I'll Never Love This Way Again"
"Dionne Warwick","Walk On By"
"Dionne Warwick & Friends","That's What Friends Are For"
"Diplo & Sleepy Tom","Be Right There"
"Diplo, HUGEL, Julia Church","Stay High"
"Dire Straits","Brothers In Arms"
"Dire Straits","Lady Writer"
"Dire Straits","Money For Nothing"
"Dire Straits","Romeo And Juliet"
"Dire Straits","So Far Away"
"Dire Straits","Sultans Of Swing"
"Dire Straits","Twisting By The Pool"
"Dire Straits","Walk Of Life"
"Dirty Dancing (Soundtrack)","(I've Had) The Time Of My Life"
"Dirty Dancing (Soundtrack)","Be My Baby"
"Dirty Dancing (Soundtrack)","Hey Baby"
"Dirty Dancing (Soundtrack)","Hungry Eyes"
"Dirty Dancing (Soundtrack)","In The Still Of The Night"
"Dirty Dancing (Soundtrack)","Love Is Strange"
"Dirty Dancing (Soundtrack)","Overload"
"Dirty Dancing (Soundtrack)","She's Like The Wind"
"Dirty Dancing (Soundtrack)","Stay"
"Dirty Dancing (Soundtrack)","Where Are You Tonight"
"Dirty Dancing (Soundtrack)","Yes"
"Dirty Dancing (Soundtrack)","You Don't Own Me"
"Dirty Pretty Things","Bang Bang You're Dead"
"Disclosure","Bang That"
"Disclosure","Sun Comes Up Tremendous"
"Disclosure & Anderson .Paak","No Cap"
"Disclosure Feat. AlunaGeorge","White Noise"
"Disclosure Feat. Eliza Doolittle","You & Me"
"Disclosure Feat. Gregory Porter","Holding On"
"Disclosure Feat. Lorde","Magnets"
"Disclosure Feat. Sam Smith","Latch"
"Disclosure Feat. Sam Smith","Omen"
"Disco Lines & Tinashe","No Broke Boys"
"Disney Descendants 2","What's My Name"
"Disturbed","Another Way To Die"
"Disturbed","Down With The Sickness"
"Disturbed","Stupify"
"Disturbed","Voices"
"Divine Comedy","National Express"
"Dixie Chicks","A Home"
"Dixie Chicks","Cowboy Take Me Away"
"Dixie Chicks","Godspeed (Sweet Dreams)"
"Dixie Chicks","I Believe In Love"
"Dixie Chicks","Long Time Gone"
"Dixie Chicks","More Love"
"Dixie Chicks","Not Ready To Make Nice"
"Dixie Chicks","Sin Wagon"
"Dixie Chicks","There's Your Trouble"
"Dixie Chicks","Top Of The World"
"Dixie Chicks","Tortured Tangled Hearts"
"Dixie Chicks","Travelin' Soldier"
"Dixie Chicks","Truth No. 2"
"Dixie Chicks","White Trash Wedding"
"Dixie Chicks","Wide Open Spaces"
"Dixie Cups","Chapel Of Love"
"Dizzee Rascal","Bonkers"
"Dizzee Rascal","Dirtee Disco"
"Dizzee Rascal","Holiday"
"Dizzee Rascal & James Corden","Shout For England"
"Dizzee Rascal Feat. Calvin Harris & Chrome","Dance Wiv Me"
"Dizzee Rascal Feat. Robbie Williams","Goin' Crazy"
"DJ Casper","Cha Cha Slide"
"DJ Fresh Feat. Rita Ora","Hot Right Now"
"DJ Fresh Feat. Sian Evans","Louder"
"DJ Khaled Feat. Justin Bieber & Others","I'm The One"
"DJ Khaled Feat. Justin Bieber, Chance The Rapper & Quavo","No Brainer"
"DJ Khaled Feat. Rihanna & Bryson Tiller","Wild Thoughts"
"DJ Otzi","Hey Baby"
"DJ Pied Piper","Do You Really Like It"
"DJ S.K.T Feat. Rae","Take Me Away"
"DJ Sammy","Heaven"
"DJ Sammy","The Boys Of Summer"
"DJ Snake Feat. Bipolar Sunshine","Middle"
"DJ Snake Feat. Justin Bieber","Let Me Love You"
"DJ Tunez feat. Wizkid","Cool Me Down"
"Djo","End Of Beginning"
"DNCE","Cake By The Ocean"
"DNCE","Toothbrush"
"Dobie Gray","Drift Away"
"Doctor and the Medics","Spirit In The Sky"
"Dodgy","Good Enough"
"Dodgy","Staying Out For The Summer"
"dodie","Party Tattoos"
"Doechii","Anxiety"
"Doechii","Denial Is A River"
"Doechii & SZA","Girl, Get Up"
"Dog Eat Dog","No Fronts"
"Doja Cat","Attention"
"Doja Cat","Celebrity Skin"
"Doja Cat","Demons"
"Doja Cat","Gorgeous"
"Doja Cat","Jealous Type"
"Doja Cat","Need To Know"
"Doja Cat","Paint The Town Red"
"Doja Cat","Say So"
"Doja Cat","Streets"
"Doja Cat","Vegas"
"Doja Cat","Woman"
"Doja Cat, SZA","Kiss Me More"
"Doja Cat, The Weeknd","You Right"
"Dokken","It's Not Love"
"Dollar","Shooting Star"
"Dolly Parton","9 To 5"
"Dolly Parton","Applejack"
"Dolly Parton","Coat Of Many Colours"
"Dolly Parton","Hard Candy Christmas"
"Dolly Parton","Heartbreaker"
"Dolly Parton","Here You Come Again"
"Dolly Parton","Jolene"
"Dolly Parton","Joshua"
"Dolly Parton","Love Is Like A Butterfly"
"Dolly Parton","Pure And Simple"
"Dolly Parton","Yellow Roses"
"Dolly Parton & Kenny Rogers","Christmas Without You"
"Dolly Parton & Kenny Rogers","Islands In The Stream"
"Dominic Fike","3 Nights"
"Dominic Fike","White Keys"
"Don Cornell","Hold My Hand"
"Don Henley","All She Wants To Do Is Dance"
"Don Henley","Dirty Laundry"
"Don Henley","I Will Not Go Quietly"
"Don Henley","New York Minute"
"Don Henley","Not Enough Love In The World"
"Don Henley","Sunset Grill"
"Don Henley","The Boys Of Summer"
"Don Henley","The End Of The Innocence"
"Don Henley","The Heart Of The Matter"
"Don Henley","The Last Worthless Evening"
"Don Henley","You Don't Know Me At All"
"Don McLean","American Pie"
"Don McLean","The Birthday Song"
"Don McLean","Vincent"
"Don Omar","Danza kuduro"
"Don Omar","Taboo"
"Don Williams","I Recall A Gypsy Woman"
"Don Williams","Story Of My Life"
"Don Williams","You're My Best Friend"
"Donna Lewis","I Love You Always & Forever"
"Donna Summer","Bad Girls"
"Donna Summer","Hot Stuff"
"Donna Summer","I Don't Wanna Get Hurt"
"Donna Summer","I Feel Love"
"Donna Summer","Love To Love You Baby"
"Donna Summer","This Time I Know It's For Real"
"Donna Summer & Barbra Streisand","No More Tears (Enough Is Enough)"
"Donny and Marie Osmond","I'm Leaving It (All) Up To You"
"Donny Osmond","Donny Osmond Medley"
"Donny Osmond","Puppy Love"
"Donny Osmond","Soldier Of Love"
"Donny Osmond","The Twelfth Of Never"
"Donny Osmond","Why"
"Donny Osmond","Young Love"
"Donovan","Catch The Wind"
"Donovan","Colours"
"Donovan","Jennifer Juniper"
"Donovan","Mellow Yellow"
"Donovan","Sunshine Superman"
"Doris Day","Bewitched"
"Doris Day","Everybody Loves A Lover"
"Doris Day","If I Give My Heart To You"
"Doris Day","Move Over Darling"
"Doris Day","Perhaps Perhaps Perhaps"
"Doris Day","Pillow Talk"
"Doris Day","Que Sera Sera"
"Doris Day","Ready, Willing And Able"
"Doris Day","Secret Love"
"Doris Day","Teacher's Pet"
"Doris Day","The Black Hills Of Dakota"
"Doris Day","The Deadwood Stage (From Calamity Jane)"
"Dostana","Desi Girl"
"Dostana","Shut Up & Bounce"
"Doug Stone","I Never Knew Love"
"Dounia Batma","Mazian Waer"
"Dove Cameron","French Girls"
"Dove Cameron","Sand"
"Dove Cameron","Whatever You Like"
"Dr Kucho! & Gregor Salto Feat. Ane Brun","Can't Stop Playing (Makes Me High) [Oliver Heldens Remix]"
"Dr. Alban","It's My Life"
"Dr. Dre","Talking To My Diary"
"Dr. Dre Feat. Eminem","Forgot About Dre"
"Dr. Dre Feat. Eminem & Skylar Grey","I Need A Doctor"
"Dr. Dre Feat. Eminem & Xzibit","What's The Difference"
"Dr. Dre Feat. Snoop Dogg","Nuthin' But A 'G' Thang"
"Dr. Dre Feat. Snoop Dogg","Still D.R.E."
"Dr. Feelgood","Milk And Alcohol"
"Dr. Hook","A Little Bit More"
"Dr. Hook","Better Love Next Time"
"Dr. Hook","Cover Of The Rolling Stone"
"Dr. Hook","Everybody's Makin' It Big But Me"
"Dr. Hook","Happy Ever After Love"
"Dr. Hook","I Don't Want To Be Alone Tonight"
"Dr. Hook","If I Said You Had A Beautiful Body"
"Dr. Hook","If Not You"
"Dr. Hook","Knowing She's There"
"Dr. Hook","More Like The Movies"
"Dr. Hook","Only Sixteen"
"Dr. Hook","Sexy Eyes"
"Dr. Hook","Sharing The Night Together"
"Dr. Hook","Storms Never Last"
"Dr. Hook","Sylvia's Mother"
"Dr. Hook","When You're In Love With A Beautiful Woman"
"Dr. Hook","Years From Now"
"Drake","Fake Love"
"Drake","Find Your Love"
"Drake","God's Plan"
"Drake","Headlines"
"Drake","Hold On We're Going Home"
"Drake","Hold On, We're Going Home"
"Drake","Hotline Bling"
"Drake","In My Feelings"
"Drake","Nice For What"
"Drake","Nokia"
"Drake","Passionfruit"
"Drake","Push Ups"
"Drake","Signs"
"Drake","Summer Sixteen"
"Drake","Toosie Slide"
"Drake","What Did I Miss?"
"Drake & Central Cee","Which One"
"Drake and Future","Jumpman"
"Drake Feat. Michael Jackson","Don't Matter To Me"
"Drake Feat. PARTYNEXTDOOR","Preach"
"Drake Feat. Popcaan","Controlla"
"Drake Feat. Rihanna","Take Care"
"Drake Feat. Wizkid and Kyla","One Dance"
"Dreamgirls (Musical)","And I Am Telling You I'm Not Going"
"Dreamgirls (Musical)","And I'm Telling You I'm Not Going"
"Dreamgirls (Musical)","I Am Changing"
"Dreamgirls (Musical)","One Night Only"
"Drowning Pool","Bodies"
"Dru Hill","Never Make A Promise"
"Dua Lipa","Be The One"
"Dua Lipa","Blow Your Mind (Mwah)"
"Dua Lipa","Break My Heart"
"Dua Lipa","Dance The Night (Barbie The Movie)"
"Dua Lipa","Don't Start Now"
"Dua Lipa","Falling Forever"
"Dua Lipa","Future Nostalgia"
"Dua Lipa","Hallucinate"
"Dua Lipa","Hotter Than Hell"
"Dua Lipa","Houdini"
"Dua Lipa","IDGAF"
"Dua Lipa","Illusion"
"Dua Lipa","Last Dance"
"Dua Lipa","Love Again"
"Dua Lipa","New Love"
"Dua Lipa","New Rules"
"Dua Lipa","Physical"
"Dua Lipa","Training Season"
"Dua Lipa","We're Good"
"Dua Lipa & Dababy","Levitating"
"Dua Lipa Feat. BLACKPINK","Kiss & Make Up"
"Dua Lipa Feat. Miguel","Lost In Your Light"
"Duffy","Delayed Devotion"
"Duffy","Distant Dreamer"
"Duffy","Hanging On Too Long"
"Duffy","I'm Scared"
"Duffy","Mercy"
"Duffy","Rain On Your Parade"
"Duffy","Rockferry"
"Duffy","Serious"
"Duffy","Stepping Stone"
"Duffy","Syrup And Honey"
"Duffy","Warwick Avenue"
"Duffy","Well, Well, Well"
"Duke Dumont","Ocean Drive"
"Duke Dumont Feat. MNEK","Hold On"
"Duncan Laurence","Arcade (Eurovision 2019)"
"Duncan Laurence","Someone Else"
"Duran Duran","A View To A Kill"
"Duran Duran","Come Undone"
"Duran Duran","Girls On Film"
"Duran Duran","Hungry Like The Wolf"
"Duran Duran","Is There Something I Should Know"
"Duran Duran","Ordinary World"
"Duran Duran","Planet Earth"
"Duran Duran","Rio"
"Duran Duran","Save A Prayer"
"Duran Duran","The Reflex"
"Duran Duran","Wild Boys"
"Duran Duran Feat. Janelle Monáe and Nile Rodgers","Pressure Off"
"Dusty Springfield","I Close My Eyes And Count To Ten"
"Dusty Springfield","I Just Don't Know What To Do With Myself"
"Dusty Springfield","I Only Want To Be With You"
"Dusty Springfield","Some Of Your Lovin'"
"Dusty Springfield","Son Of A Preacher Man"
"Dusty Springfield","The Look Of Love"
"Dusty Springfield","Wishin' & Hopin'"
"Dusty Springfield","You Don't Have To Say You Love Me"
"Dusty Springfield & Pet Shop Boys","What Have I Done To Deserve This"
"Dynoro & Gigi D'Agostino","In My Mind"
"Eagle Eye Cherry","Save Tonight"
"Eamon","F**K It (I Don't Want You Back)"
"Earth, Wind & Fire","After The Love Has Gone"
"Earth, Wind & Fire","Boogie Wonderland"
"Earth, Wind & Fire","Fantasy"
"Earth, Wind & Fire","Let's Groove"
"Earth, Wind & Fire","My Promise"
"Earth, Wind & Fire","September"
"Eartha Kitt","Where Is My Man"
"East 17","Around The World"
"East 17","House Of Love"
"East 17","It's Alright"
"East 17","Stay Another Day"
"East 17","Steam"
"East 17 Feat. Gabrielle","If You Ever"
"Echo & The Bunnymen","Bring On The Dancing Horses"
"Echo & The Bunnymen","Killing Moon"
"Echo & The Bunnymen","Seven Seas"
"Echosmith","Cool Kids"
"Ed Sheeran","2step"
"Ed Sheeran","A Little More"
"Ed Sheeran","Afire Love"
"Ed Sheeran","Afterglow"
"Ed Sheeran","American Town"
"Ed Sheeran","Azizam"
"Ed Sheeran","Bad Habits"
"Ed Sheeran","Barcelona"
"Ed Sheeran","Boat"
"Ed Sheeran","Camera"
"Ed Sheeran","Castle On The Hill"
"Ed Sheeran","Celestial"
"Ed Sheeran","Collide"
"Ed Sheeran","Dive"
"Ed Sheeran","Don't"
"Ed Sheeran","Drunk"
"Ed Sheeran","Eraser"
"Ed Sheeran","Eyes Closed"
"Ed Sheeran","F64"
"Ed Sheeran","First Times"
"Ed Sheeran","Galway Girl"
"Ed Sheeran","Give Me Love"
"Ed Sheeran","Happier"
"Ed Sheeran","Hearts Don't Break Around Here"
"Ed Sheeran","How Would You Feel"
"Ed Sheeran","I See Fire"
"Ed Sheeran","Lego House"
"Ed Sheeran","Nancy Mulligan"
"Ed Sheeran","New Man"
"Ed Sheeran","Old Phone"
"Ed Sheeran","One Life"
"Ed Sheeran","Overpass Graffiti"
"Ed Sheeran","Perfect"
"Ed Sheeran","Photograph"
"Ed Sheeran","Sapphire"
"Ed Sheeran","Shape Of You"
"Ed Sheeran","Shivers"
"Ed Sheeran","Sing"
"Ed Sheeran","Skeletons"
"Ed Sheeran","Small Bump"
"Ed Sheeran","Supermarket Flowers"
"Ed Sheeran","The A-Team"
"Ed Sheeran","The Joker And The Queen"
"Ed Sheeran","Thinking Out Loud"
"Ed Sheeran","Throw Your Arms Me"
"Ed Sheeran","Tides"
"Ed Sheeran","Under The Tree (That Christmas)"
"Ed Sheeran","Visiting Hours"
"Ed Sheeran","What Do I Know"
"Ed Sheeran","You Need Me I Don't Need You"
"Ed Sheeran & Justin Bieber","I Don't Care"
"Ed Sheeran & Travis Scott","Antisocial"
"Ed Sheeran Feat. Camila Cabello & Cardi B","South Of The Border"
"Ed Sheeran Feat. Chance The Rapper","Cross Me"
"Ed Sheeran Feat. Ella Mai","Put It All On Me"
"Ed Sheeran Feat. Eminem & 50 Cent","Remember The Name"
"Ed Sheeran Feat. H.E.R.","I Don't Want Your Money"
"Ed Sheeran Feat. Khalid","Beautiful People"
"Ed Sheeran Feat. Meek Mill & A Boogie Wit da Hoodie","1000 Nights"
"Ed Sheeran feat. Rudimental","Bloodstream"
"Ed Sheeran Feat. Skrillex","Way To Break My Heart"
"Ed Sheeran Feat. Stormzy","Take Me Back To London"
"Ed Sheeran Feat. YEBBA","Best Part Of Me"
"Ed Sheeran Feat. Young Thug & J Hus","Feels"
"Ed Sheeran, Chris Stapleton & Bruno Mars","Blow"
"Ed Sheeran, Elton John","Merry Christmas"
"Eddi Reader","Patience Of Angels"
"Eddie Cochran","C'mon Everybody"
"Eddie Cochran","Somethin' Else"
"Eddie Cochran","Summertime Blues"
"Eddie Cochran","Three Steps To Heaven"
"Eddie Cochran","Weekend"
"Eddy Grant","Electric Avenue"
"Eddy Grant","Gimme Hope Jo'anna"
"Eddy Grant","I Don't Wanna Dance"
"Edison Lighthouse","Love Grows (Where My Rosemary Goes)"
"Edith Piaf","La Vie en Rose"
"Edith Piaf","L'hymne à l'amour"
"Edith Piaf","Milord"
"Edith Piaf","Non Je Ne Regrette Rien"
"Edith Piaf","Padam... Padam..."
"Editors","An End Has A Start"
"Editors","Smokers Outside The Hospital Door"
"Edwin Starr","War"
"Edwyn Collins","A Girl Like You"
"Eels","Novocaine For The Soul"
"Eiffel '65","Blue (Da Ba Dee)"
"Ek Tha Tiger","Mashallah"
"Ek Tha Tiger","Saiyaara"
"Elaine Paige","Memory"
"Elaine Paige & Barbara Dickson","I Know Him So Well"
"Elastica","Connection"
"Elbow","Golden Slumbers"
"Elbow","Leaders Of The Free World"
"Elbow","Neat Little Rows"
"Elbow","One Day Like This"
"Electric Light Orchestra","All Over The World"
"Electric Light Orchestra","Don't Bring Me Down"
"Electric Light Orchestra","Evil Woman"
"Electric Light Orchestra","Hold On Tight"
"Electric Light Orchestra","Livin' Thing"
"Electric Light Orchestra","Long Black Road"
"Electric Light Orchestra","Midnight Blue"
"Electric Light Orchestra","Mr. Blue Sky"
"Electric Light Orchestra","Sweet Talkin' Woman"
"Electric Light Orchestra","Telephone Line"
"Electric Light Orchestra","The Diary Of Horace Wimp"
"Electric Light Orchestra","Wild West Hero"
"Electric Six","Danger High Voltage"
"Electric Six","Gay Bar"
"Electro Velvet","Still In Love With You"
"Electronic","Getting Away With It"
"Elisa","L'anima vola"
"Elisa","Luce (Tramonti a nord est)"
"Elissa","Halet Hob"
"Elissa","Law"
"Elissa & Saad Lemjarrad","Men Awel Dekika"
"Eliza Doolittle","Let It Rain"
"Eliza Doolittle","Moneybox"
"Eliza Doolittle","Mr Medicine"
"Eliza Doolittle","Pack Up"
"Eliza Doolittle","Skinny Genes"
"Elkie Brooks","Lilac Wine"
"Elkie Brooks","No More The Fool"
"Elkie Brooks","Pearl's A Singer"
"Elkie Brooks","Sunshine After The Rain"
"Elkie Brooks","We Don't Cry Out Loud"
"Ella Eyre","Comeback"
"Ella Eyre","Good Times"
"Ella Eyre","If I Go"
"Ella Eyre","Together"
"Ella Fitzgerald","Putting On The Ritz"
"Ella Fitzgerald","They Can't Take That Away From Me"
"Ella Henderson","Brave"
"Ella Henderson","Filthy Rich"
"Ella Henderson","Ghost"
"Ella Henderson","Glow"
"Ella Henderson","Mirror Man"
"Ella Henderson","Yours"
"Ella Henderson feat Rudimental","Alibi"
"Ella Henderson feat. Switch Disco & Alok","Under The Sun"
"Ella Henderson, Tom Grennan","Let's Go Home Together"
"Ella Langley","Choosin' Texas"
"Ella Mai","Boo'd Up"
"Elle King","Ex's & Oh's"
"Ellie Goulding","Anything Could Happen"
"Ellie Goulding","Army"
"Ellie Goulding","Burn"
"Ellie Goulding","Goodness Gracious"
"Ellie Goulding","Guns & Horses"
"Ellie Goulding","How Long Will I Love You"
"Ellie Goulding","Let It Die"
"Ellie Goulding","Lights"
"Ellie Goulding","Love Me Like You Do"
"Ellie Goulding","On My Mind"
"Ellie Goulding","Ravers"
"Ellie Goulding","Sixteen"
"Ellie Goulding","Starry Eyed"
"Ellie Goulding","Still Falling For You"
"Ellie Goulding","Your Song"
"Ellie Goulding & Diplo Feat. Swae Lee","Close To Me"
"Ellie Goulding & Juice WRLD","Hate Me"
"Ellie Goulding feat. Big Sean","Easy Lover"
"Ellie Goulding Feat. DJ Fresh","Flashlight"
"Elov & Beny, Sofie Svensson & Dom Där","BUBBEL PÅ BALKONGEN"
"Elton John","A Good Heart"
"Elton John","Are You Ready For Love"
"Elton John","Believe"
"Elton John","Bennie And The Jets"
"Elton John","Blue Eyes"
"Elton John","Candle In The Wind"
"Elton John","Crocodile Rock"
"Elton John","Daniel"
"Elton John","Goodbye Yellow Brick Road"
"Elton John","Home Again"
"Elton John","I Guess That's Why They Call It The Blues"
"Elton John","I Want Love"
"Elton John","I'm Still Standing"
"Elton John","Kiss The Bride"
"Elton John","Levon"
"Elton John","Made In England"
"Elton John","Nikita"
"Elton John","Philadelphia Freedom"
"Elton John","Pinball Wizard"
"Elton John","Please"
"Elton John","Rocket Man"
"Elton John","Sacrifice"
"Elton John","Sad Songs (Say So Much)"
"Elton John","Saturday Night's Alright For Fighting"
"Elton John","Someone Saved My Life Tonight"
"Elton John","Something About The Way You Look"
"Elton John","Song For Guy"
"Elton John","Sorry Seems To Be The Hardest Word"
"Elton John","Step Into Christmas"
"Elton John","The Bitch Is Back"
"Elton John","This Train Don't Stop Here"
"Elton John","Tiny Dancer"
"Elton John","Too Young"
"Elton John","Your Song"
"Elton John & Britney Spears","Hold Me Closer"
"Elton John & Dua Lipa","Cold Heart"
"Elton John & George Michael","Don't Let The Sun Go Down On Me"
"Elton John & Kiki Dee","Don't Go Breaking My Heart"
"Elton John & Kiki Dee","True Love"
"Elton John & Leann Rimes","Written In The Stars"
"Elton John and Gary Barlow","Face To Face"
"Elton John, Charlie Puth","After All"
"Elton John, Stevie Wonder","Finish Line"
"Elvis Costello","(I Don't Want To Go To) Chelsea"
"Elvis Costello","A Good Year For The Roses"
"Elvis Costello","Alison"
"Elvis Costello","I Can't Stand Up (For Falling Down)"
"Elvis Costello","Oliver's Army"
"Elvis Costello","Watching The Detectives"
"Elvis Crespo","Suavemente (Merengue)"
"Elvis Presley","(Let Me Be Your) Teddy Bear"
"Elvis Presley","(Now & Then) There's A Fool Such As I"
"Elvis Presley","A Big Hunk Of Love"
"Elvis Presley","A Fool Such As I"
"Elvis Presley","A Mess Of Blues"
"Elvis Presley","All Shook Up"
"Elvis Presley","Almost"
"Elvis Presley","Always On My Mind"
"Elvis Presley","An American Trilogy"
"Elvis Presley","Are You Lonesome Tonight"
"Elvis Presley","Baby I Don't Care"
"Elvis Presley","Blue Christmas"
"Elvis Presley","Blue Suede Shoes"
"Elvis Presley","Bridge Over Troubled Water"
"Elvis Presley","Burning Love"
"Elvis Presley","Can't Help Falling In Love"
"Elvis Presley","Crying In The Chapel"
"Elvis Presley","Devil In Disguise"
"Elvis Presley","Did Ja Ever"
"Elvis Presley","Do Not Disturb"
"Elvis Presley","Don't"
"Elvis Presley","Don't Be Cruel"
"Elvis Presley","Don't Cry Daddy"
"Elvis Presley","G.I. Blues"
"Elvis Presley","Good Luck Charm"
"Elvis Presley","Guitar Man"
"Elvis Presley","Heartbreak Hotel"
"Elvis Presley","His Latest Flame"
"Elvis Presley","Hound Dog"
"Elvis Presley","I Feel So Bad"
"Elvis Presley","I Got Stung"
"Elvis Presley","I Just Can't Help Believing"
"Elvis Presley","I Need Your Love Tonight"
"Elvis Presley","I Want You, I Need You, I Love You"
"Elvis Presley","If Every Day Was Like Christmas"
"Elvis Presley","If I Can Dream"
"Elvis Presley","I'm So Lonely I Could Cry"
"Elvis Presley","In The Ghetto"
"Elvis Presley","It Hurts Me"
"Elvis Presley","It's Now Or Never"
"Elvis Presley","Jailhouse Rock"
"Elvis Presley","King Creole"
"Elvis Presley","Lawdy Miss Clawdy"
"Elvis Presley","Let Yourself Go"
"Elvis Presley","Little Sister"
"Elvis Presley","Love Me"
"Elvis Presley","Love Me Tender"
"Elvis Presley","Memphis Tennessee"
"Elvis Presley","Moody Blue"
"Elvis Presley","Oh Happy Day"
"Elvis Presley","Old Shep"
"Elvis Presley","One Night"
"Elvis Presley","Raised On Rock"
"Elvis Presley","Return To Sender"
"Elvis Presley","Rock-A-Hula Baby"
"Elvis Presley","Santa Bring My Baby Back To Me"
"Elvis Presley","Santa Lucia"
"Elvis Presley","She's Not You"
"Elvis Presley","Silent Night"
"Elvis Presley","Stuck On You"
"Elvis Presley","Surrender"
"Elvis Presley","Suspicion"
"Elvis Presley","Suspicious Minds"
"Elvis Presley","Teddy Bear"
"Elvis Presley","That's Alright"
"Elvis Presley","Thats' When Your Heartaches Begin"
"Elvis Presley","The Girl Of My Best Friend"
"Elvis Presley","The Wonder Of You"
"Elvis Presley","There Goes My Everything"
"Elvis Presley","Viva Las Vegas"
"Elvis Presley","Walk A Mile In My Shoes"
"Elvis Presley","Way Down"
"Elvis Presley","Wooden Heart"
"Elvis Presley","Young And Beautiful"
"Elvis Presley Feat. JXL","A Little Less Conversation"
"Elyar Fox","A Billion Girls"
"Elyar Fox","Do It All Over Again"
"Embrace","All You Good Good People"
"Embrace","Ashes"
"Embrace","Come Back To What You Know"
"Embrace","Gravity"
"Emeli Sande","Extraordinary Being"
"Emeli Sande","Sparrow"
"Emeli Sandé","Breathing Underwater"
"Emeli Sandé","Clown"
"Emeli Sandé","Heaven"
"Emeli Sandé","Highs & Lows"
"Emeli Sandé","Hurts"
"Emeli Sandé","My Kind Of Love"
"Emeli Sandé","Next To Me"
"Emeli Sandé","Read All About It (Part III)"
"Emeli Sandé & Rick Smith","Here It Comes"
"Emeli Sandé Feat. Naughty Boy","Daddy"
"Emeline","Strut"
"EMF","Unbelievable"
"Emile Ford & The Checkmates","On A Slow Boat To China"
"Emile Ford & The Checkmates","What Do You Want To Make Those Eyes At Me  For"
"Emile Sande","There For You"
"Emilia","Big Big World"
"Emily Osment","Once Upon A Dream"
"Eminem","Ass Like That"
"Eminem","Berzerk"
"Eminem","Business"
"Eminem","Cleanin' Out My Closet"
"Eminem","Fall"
"Eminem","Houdini"
"Eminem","Just Lose It"
"Eminem","Like Toy Soldiers"
"Eminem","Lose Yourself"
"Eminem","Mockingbird"
"Eminem","My Name Is"
"Eminem","Phenomenal"
"Eminem","Stan"
"Eminem","Superman"
"Eminem","The Real Slim Shady"
"Eminem","The Way I Am"
"Eminem","Venom"
"Eminem","When I'm Gone"
"Eminem","Without Me"
"Eminem & Jessie Reyez","Good Guy"
"Eminem and Jelly Roll","Somebody Save Me"
"Eminem feat. CeeLo Green","The King And I"
"Eminem Feat. Ed Sheeran","River"
"Eminem Feat. Gwen Stefani","Kings Never Die"
"Eminem Feat. Rihanna","Love The Way You Lie"
"Eminem Feat. Rihanna","The Monster"
"Eminem Feat. Sia","Guts Over Fear"
"Emma Bunton","Maybe"
"Emma Marrone","Amami"
"Emma Marrone","Calore"
"Emma Marrone","Cercavo Amore"
"Emma Marrone","In Ogni Angolo Di Me"
"Emma's Imagination","This Day"
"Emmelie de Forest","Only Teardrops"
"Empire Cast Feat. Jussie Smollett","Good Enough"
"Empire Of The Sun","Walking On A Dream"
"Empire Of The Sun","We Are The People"
"En Vogue","Don't Let Go"
"En Vogue","Free Your Mind"
"En Vogue","Hold On"
"En Vogue","My Loving You're Never Gonna Get It"
"Enanitos Verdes","Lamento Boliviano"
"Encanto (Disney)","Surface Pressure"
"Encanto (Disney)","We Don't Talk About Bruno"
"Enchanted (Soundtrack)","That's How You Know"
"Engelbert Humperdinck","A Man Without Love"
"Engelbert Humperdinck","All You Gotta Do Is Ask"
"Engelbert Humperdinck","Am I That Easy To Forget"
"Engelbert Humperdinck","Cafe"
"Engelbert Humperdinck","How Do I Stop Loving You"
"Engelbert Humperdinck","Les Bicyclettes De Belsize"
"Engelbert Humperdinck","Let's Kiss Tomorrow Goodbye"
"Engelbert Humperdinck","Mona Lisa"
"Engelbert Humperdinck","Quando Quando Quando"
"Engelbert Humperdinck","Release Me"
"Engelbert Humperdinck","Spanish Eyes"
"Engelbert Humperdinck","The Last Waltz"
"Engelbert Humperdinck","The Way It Used To Be"
"Engelbert Humperdinck","There Goes My Everything"
"Enrique Bunbury","Frente A Frente"
"Enrique Iglesias","Bailamos"
"Enrique Iglesias","Do You Know? (Ping Pong Song)"
"Enrique Iglesias","Escape"
"Enrique Iglesias","Hero"
"Enrique Iglesias","I Like It"
"Enrique Iglesias","Loco"
"Enrique Iglesias & Maria Becerra","ASI ES LA VIDA"
"Enrique Iglesias Feat. Ludacris and DJ Frank E","Tonight (I'm Loving You)"
"Enrique Iglesias Feat. Nichole Sherzinger","Heartbeat"
"Enrique Iglesias Feat. Pitbull","I'm A Freak"
"Enrique Iglesias Feat. Sean Paul & Matt Terry","Subeme La Radio (Remix)"
"Enrique Iglesias Feat. Usher & Lil Wayne","Dirty Dancer"
"Enrique Iglesias Feat.Sean Paul, Descemer Bueno, Gente de Zona","Bailando"
"Enya","Anywhere"
"Enya","May It Be (Fellowship Of The Rings)"
"Enya","Orinoco Flow (Sail Away)"
"Erasure","A Little Respect"
"Erasure","Always"
"Erasure","Blue Savannah"
"Erasure","Chains Of Love"
"Erasure","Chorus"
"Erasure","Drama!"
"Erasure","Erasure Medley"
"Erasure","Love To Hate You"
"Erasure","Love You to the Sky"
"Erasure","Oh L'Amour"
"Erasure","Ship Of Fools"
"Erasure","Sometimes"
"Erasure","Stop"
"Erasure","The Circus"
"Erasure","Victim Of Love"
"Eric Clapton","Back Home"
"Eric Clapton","Change The World"
"Eric Clapton","Cocaine"
"Eric Clapton","I Ain't Gonna Stand For It"
"Eric Clapton","I Shot The Sheriff"
"Eric Clapton","Layla"
"Eric Clapton","My Fathers Eyes"
"Eric Clapton","My Father's Eyes"
"Eric Clapton","Nobody Knows You When You’re Down and Out"
"Eric Clapton","Tears In Heaven"
"Eric Clapton","Wonderful Tonight"
"Eros Ramazzotti","Abbracciami (Cori)"
"Eros Ramazzotti","Adesso tu"
"Eros Ramazzotti","Cose Della Vita (Can't Stop Thinking Of You)"
"Eros Ramazzotti","Fuoco nel fuoco"
"Eros Ramazzotti","I Belong To You (Il Ritmo Della Passione)"
"Eros Ramazzotti","Infinitamente (Cori)"
"Eros Ramazzotti","Io Prima Di Te"
"Eros Ramazzotti","L'aurora"
"Eros Ramazzotti","Più bella cosa"
"Eros Ramazzotti","Quanto amore sei"
"Eros Ramazzotti","Se bastasse una canzone"
"Eros Ramazzotti","Un' altra te"
"Eros Ramazzotti","Un Angelo Disteso Al Sole"
"Eros Ramazzotti","Una storia importante"
"Erykah Badu","Back In The Day"
"Erykah Badu","Booty"
"Eslabon Armado & Peso Pluma","Ella Baila Sola"
"Esmee Denters","Outta Here"
"Estelle Feat. Kanye West","American Boy"
"Ester Dean","Crazy Youngsters"
"Esther & Abi Ofarim","Cinderella Rockefella"
"Estopa","La Raja De Tu Falda"
"Estrella Morente","Volver"
"Eternal","Angel Of Mine"
"Eternal","I Am Blessed"
"Eternal","Just A Step From Heaven"
"Eternal","Stay"
"Eternal","The Power Of A Woman"
"Eternal And Bebe Winans","I Wanna Be The Only One"
"Etta James","At Last"
"Etta James","I Just Wanna Make Love To You"
"Etta James","I'd Rather Go Blind"
"Etta James","Stormy Weather"
"Etta James","Trust In Me"
"Europe","The Final Countdown"
"Eurythmics","Here Comes The Rain Again"
"Eurythmics","Love Is A Stranger"
"Eurythmics","Right By Your Side"
"Eurythmics","Sweet Dreams (Are Made Of This)"
"Eurythmics","There Must Be An Angel"
"Eurythmics","Thorn In My Side"
"Eurythmics","Who's That Girl"
"Eva Cassidy","Ain't No Sunshine"
"Eva Cassidy","American Tune"
"Eva Cassidy","At Last"
"Eva Cassidy","Autumn Leaves"
"Eva Cassidy","Cheek To Cheek"
"Eva Cassidy","Danny Boy"
"Eva Cassidy","Dark Eyed Molly"
"Eva Cassidy","Drowning In The Sea Of Love"
"Eva Cassidy","Fever"
"Eva Cassidy","Fields Of Gold"
"Eva Cassidy","God Bless The Child"
"Eva Cassidy","Hallelujah, I Love Him So"
"Eva Cassidy","I Know You By Heart"
"Eva Cassidy","I Wandered By A Brookside"
"Eva Cassidy","Imagine"
"Eva Cassidy","Kathy's Song"
"Eva Cassidy","Natural Woman"
"Eva Cassidy","Over The Rainbow"
"Eva Cassidy","Penny To My Name"
"Eva Cassidy","People Get Ready"
"Eva Cassidy","Songbird"
"Eva Cassidy","The Water Is Wide"
"Eva Cassidy","Time After Time"
"Eva Cassidy","Time Is A Healer"
"Eva Cassidy","True Colours"
"Eva Cassidy","Wade In The Water"
"Eva Cassidy","Wayfaring Stranger"
"Eva Cassidy","What A Wonderful World"
"Eva Cassidy","Who Knows Where The Time Goes"
"Eva Cassidy","Yesterday"
"Eva Cassidy","You Take My Breath Away"
"Eva Cassidy","You've Changed"
"Evanescence","Call Me When You're Sober"
"Evanescence","Everybody's Fool"
"Evanescence","Going Under"
"Evanescence","Lithium"
"Evanescence","My Immortal"
"Evanescence","My Last Breath"
"Evanescence feat. Paul McCoy","Bring Me To Life"
"Eve feat. Alicia Keys","Gangsta Lovin'"
"Eve Feat. Gwen Stefani","Let Me Blow Ya Mind"
"Evelyn King","Love Come Down"
"Evelyn King","Shame"
"Everclear","AM Radio"
"Everything But The Girl","I Don't Want To Talk About It"
"Everything But The Girl","Missing"
"Everything Everything","My Kz Ur Bf"
"Evita (Musical)","Don't Cry For Me Argentina"
"Evolution","Everybody Dance"
"Ewan McGregor","Your Song"
"Exaltasamba Feat Mariana Rios","Viver Sem Ti"
"Example","10 Million People"
"Example","All The Wrong Places"
"Example","Changed The Way You Kissed Me"
"Example","Close Enemies"
"Example","Kickstarts"
"Example","Perfect Replacement"
"Example","Say Nothing"
"Example","Stay Awake"
"EXO","Growl"
"EXO","Love Shot"
"EXO","Monster"
"EXO","Obsession"
"EXO","Tempo"
"Extreme","More Than Words"
"F R David","Words"
"Faces","Stay With Me"
"Fairground Attraction","Find My Love"
"Fairground Attraction","Perfect"
"Fairuz","Sahar El Layali"
"Fairuz","Waynon"
"Faith Hill","Breathe"
"Faith Hill","If I'm Not In Love"
"Faith Hill","Let's Go To Vegas"
"Faith Hill","That's How Love Moves"
"Faith Hill","There You'll Be"
"Faith Hill","This Kiss"
"Faith Hill","Where Are You Christmas"
"Faith No More","Epic"
"Faith No More","Midlife Crisis"
"Faith No More","We Care A lot"
"Faithless","Insomnia"
"Falco","Rock Me Amadeus"
"Falco","Rock Me Amadeus (German Version)"
"Fall Out Boy","16 Candles"
"Fall Out Boy","Alone Together"
"Fall Out Boy","Centuries"
"Fall Out Boy","Dance, Dance"
"Fall Out Boy","Immortals"
"Fall Out Boy","My Songs Know What You Did In The Dark (Light Em Up)"
"Fall Out Boy","Sugar, We're Going Down"
"Fall Out Boy","The Phoenix"
"Fall Out Boy","The Take Over, The Break's Over"
"Fall Out Boy","This Ain't A Scene (It's An Arms Race)"
"Fall Out Boy","Thnks Fr Th Mmrs"
"Fall Out Boy","Uma Thurman"
"Fall Out Boy","Young Volcanoes (Explicit)"
"Fall Out Boy Feat. Demi Lovato","Irresistible"
"Fame (Soundtrack)","Out Here On My Own "
"Fantasia","When I See U"
"Far East Movement","Like A G6"
"Far East Movement Feat. Justin Bieber","Live My Life"
"Far East Movement Feat. Ryan Tedder","Rocketeer"
"Fares Karam","Aal Tayyib"
"Fast Food Rockers","The Fast Food Song"
"Fat Larry's Band","Zoom"
"Fat Les","Jerusalem"
"Fat Les","Vindaloo"
"Fatback Band","I Found Lovin'"
"Fatboy Slim","Praise You"
"Fats Domino","Ain't That A Shame"
"Fats Domino","Be My Guest"
"Fats Domino","Blueberry Hill"
"Fats Domino","Kansas City"
"Fats Domino","My Blue Heaven"
"Fausto Leali","Mala Femmena"
"Feargal Sharkey","A Good Heart"
"Feder Feat. Lyse","Goodbye"
"Feeder","Buck Rogers"
"Fei Xiang","Dong Tian Li De Yi Ba Huo"
"Feid and Young Miko","Classy 101"
"Feist","1234"
"Felix Jaehn Feat. Jasmine Thompson","Ain't Nobody (Loves Me Better)"
"Felix Jaehn feat. Sophie Ellis-Bextor","Ready For Your Love"
"Fergie","Big Girls Don't Cry"
"Fergie","Fergalicious"
"Fergie","Glamorous"
"Fergie","L.A.Love (la la)"
"Fergie","London Bridge"
"Fergie","M.I.L.F. $"
"Fergie Feat. Q-Tip and GoonRock","A Little Party Never Killed Nobody (All We Got)"
"Fern Kinney","Together We Are Beautiful"
"Fetty Wap","Again"
"Fetty Wap","My Way Remix (Feat. Drake)"
"Fetty Wap","Trap Queen"
"Fetty Wap Feat. Remy Boyz","679"
"Fiction Factory","Feels Like Heaven"
"Fiddler On The Roof (Musical)","If I Were A Rich Man"
"FIDLAR","No Waves"
"Fifth Harmony","Boss"
"Fifth Harmony","Can You See"
"Fifth Harmony","That's My Girl"
"Fifth Harmony Feat. Fetty Wap","All In My Head (Flex)"
"Fifth Harmony Feat. Gucci Mane","Down"
"Fifth Harmony Feat. Kid Ink","Worth It"
"Fifth Harmony feat. Ty Dolla $ign","Work From Home"
"Fifty Fifty","Cupid"
"Finding Nemo (Disney)","Beyond The Sea"
"Fine Young Cannibals","Good Thing"
"Fine Young Cannibals","Johnny Come Home"
"Fine Young Cannibals","She Drives Me Crazy"
"Fiona Apple","Criminal"
"Fiorella Mannoia","Io che amo solo te"
"Fireboy DML","Oh My"
"Fireboy DML feat. Ed Sheeran","Peru"
"First Aid Kit","Fireworks"
"First Aid Kit","Palomino"
"First Class","Beach Baby"
"Fito Y Fitipaldis","Por La Boca Vive El Pez"
"Five Finger Death Punch","Bad Company"
"Five Star","System Addict"
"FKA Twigs","Perfectly"
"FKA Twigs","Two Weeks"
"Fleet Foxes","Mykonos"
"Fleet Foxes","White Winter Hymnal"
"Fleetwood Mac","As Long As You Follow"
"Fleetwood Mac","Big Love"
"Fleetwood Mac","Black Magic Woman"
"Fleetwood Mac","Blue Letter"
"Fleetwood Mac","Don't Stop"
"Fleetwood Mac","Dreams"
"Fleetwood Mac","Everywhere"
"Fleetwood Mac","Family Man"
"Fleetwood Mac","Go Your Own Way"
"Fleetwood Mac","Gold Dust Woman"
"Fleetwood Mac","Gypsy"
"Fleetwood Mac","Hold Me"
"Fleetwood Mac","I Don't Want To Know"
"Fleetwood Mac","Landslide"
"Fleetwood Mac","Little Lies"
"Fleetwood Mac","Man Of The World"
"Fleetwood Mac","Monday Morning"
"Fleetwood Mac","Need Your Love So Bad"
"Fleetwood Mac","Never Going Back Again"
"Fleetwood Mac","No Questions Asked"
"Fleetwood Mac","Oh Daddy"
"Fleetwood Mac","Oh Diane"
"Fleetwood Mac","Rhiannon"
"Fleetwood Mac","Sara"
"Fleetwood Mac","Say You Love Me"
"Fleetwood Mac","Second Hand News"
"Fleetwood Mac","Seven Wonders"
"Fleetwood Mac","Sisters Of The Moon"
"Fleetwood Mac","Songbird"
"Fleetwood Mac","Sugar Daddy"
"Fleetwood Mac","The Chain"
"Fleetwood Mac","Tusk"
"Fleetwood Mac","Warm Ways"
"Fleetwood Mac","You Make Loving Fun"
"Fleur East","More and More"
"Fleur East","Sax"
"Fleur East","Uptown Funk"
"Flight Of The Conchords","Business Time"
"Flight Of The Conchords","Hiphopapotomus Vs Rhymenocerous"
"Flight Of The Conchords","I'm Not Crying "
"Flight Of The Conchords","Ladies Of The World"
"Flight Of The Conchords","The Most Beautiful Girl"
"Flight Of The Conchords","Think About It"
"FLO","Walk Like This"
"FLO feat. Missy Elliott","Fly Girl"
"Flo Rida","Good Feeling"
"Flo Rida","I Cry"
"Flo Rida","Let It Roll"
"Flo Rida","Whistle"
"Flo Rida & David Guetta","Club Can't Handle Me"
"Flo Rida Feat. Jason Derulo","Hello Friday"
"Flo Rida Feat. Kesha","Right Round"
"Flo Rida Feat. Robin Thicke & Verdine White","I Don't Like It, I Love It"
"Flo Rida Feat. Sage The Gemini & Lookas","GDFR"
"Flo Rida Feat. Sia","Wild Ones"
"Flo Rida Feat. T-Pain","Low"
"Flobots","Handlebars"
"Flock Of Seagulls","I Ran"
"Florence & Dizzee","You Got The Dirtee Love"
"Florence + The Machine","A Kiss With A Fist"
"Florence + The Machine","Cosmic Love"
"Florence + The Machine","Dog Days Are Over"
"Florence + The Machine","Hunger"
"Florence + The Machine","My Love"
"Florence + The Machine","Never Let Me Go"
"Florence + The Machine","No Light, No Light"
"Florence + The Machine","Queen of Peace"
"Florence + The Machine","Rabbit Heart (Raise It Up)"
"Florence + The Machine","Shake It Out"
"Florence + The Machine","Ship To Wreck"
"Florence + The Machine","Spectrum (Say My Name) [Calvin Harris Mix]"
"Florence + The Machine","What Kind of Man"
"Florence + The Machine","What The Water Gave Me"
"Florence + The Machine","You've Got The Love"
"Florent Pagny","Caruso"
"Florent Pagny","La donna é mobile"
"Florent Pagny","Nessun Dorma"
"Florida Georgia Line","Cruise"
"Foals","In Degrees"
"Foals","My Number"
"Foals","What Went Down"
"Fontaines D.C.","Favourite"
"Fontaines D.C.","I Love You"
"Fontella Bass","Rescue Me"
"Foo Fighters","All Of My Life"
"Foo Fighters","Arlandria"
"Foo Fighters","Best Of You"
"Foo Fighters","Everlong"
"Foo Fighters","I Am A River"
"Foo Fighters","Monkey Wrench"
"Foo Fighters","My Hero"
"Foo Fighters","Rescued"
"Foo Fighters","Rope"
"Foo Fighters","Run"
"Foo Fighters","Something From Nothing"
"Foo Fighters","The Pretender"
"Foo Fighters","The Sky is A Neighborhood"
"Foo Fighters","These Days"
"Foo Fighters","Times Like These"
"Foo Fighters","Walk"
"Foo Fighters","What Did I Do?/God As My Witness"
"Foo Fighters","Your Favourite Toy"
"Fools Garden","Lemon Tree"
"Foreigner","I Want To Know What Love Is"
"Foreigner","Juke Box Hero"
"Foreigner","Waiting For A Girl Like You"
"Foster And Allen","A Bunch Of Thyme"
"Foster And Allen","After All These Years"
"Foster And Allen","Maggie"
"Foster The People","Call It What You Want"
"Foster The People","Chasing Low Vibrations"
"Foster The People","Pumped Up Kicks"
"Fountains Of Wayne","Stacy's Mom"
"Four Tops","If I Were A Carpenter"
"Four Tops","Loco In Acapulco"
"Four Tops","Walk Away Renee"
"Four Tops","When She Was My Girl"
"Foxes","Body Talk"
"Foxes","Glorious"
"Foxes","Youth"
"France Gall","Poupée de cire poupée de son"
"Frances Black","Love Me"
"Franco De Vita y Alejandra Guzmán","Tan Solo Tu"
"Francois Feldman","Magic Boulevard"
"Frank Ifield","I Remember You"
"Frank Ocean","Thinkin' 'Bout You"
"Frank Sinatra","All The Way"
"Frank Sinatra","Come Fly With Me"
"Frank Sinatra","Embraceable You"
"Frank Sinatra","Fly Me To The Moon"
"Frank Sinatra","Girl From Ipanema"
"Frank Sinatra","High Hopes"
"Frank Sinatra","I Get A Kick Out Of You"
"Frank Sinatra","I've Got You Under My Skin"
"Frank Sinatra","Just One Of Those Things"
"Frank Sinatra","Let It Snow! Let It Snow! Let It Snow!"
"Frank Sinatra","Let's Face The Music And Dance"
"Frank Sinatra","Love's Been Good To Me"
"Frank Sinatra","My Funny Valentine"
"Frank Sinatra","My Kind Of Town"
"Frank Sinatra","My Way"
"Frank Sinatra","New York New York"
"Frank Sinatra","Night And Day"
"Frank Sinatra","Someone To Watch Over Me"
"Frank Sinatra","Strangers In The Night"
"Frank Sinatra","Summer Wind"
"Frank Sinatra","That's Life"
"Frank Sinatra","The Lady Is A Tramp"
"Frank Sinatra","They Can't Take That Away From Me"
"Frank Sinatra","Time After Time"
"Frank Sinatra","You Make Me Feel So Young"
"Frank Sinatra & Celeste Holm","Who Wants To Be A Millionaire"
"Frank Sinatra & Nancy Sinatra","Something Stupid"
"Frank Turner","The Next Storm"
"Frankie Goes To Hollywood","Relax"
"Frankie Goes To Hollywood","The Power Of Love"
"Frankie Goes To Hollywood","Two Tribes"
"Frankie Laine","High Noon"
"Frankie Laine","Moonlight Gambler"
"Frankie Laine","Mule Train"
"Frankie Laine","Wanted Man"
"Frankie Miller","Caledonia"
"Frankie Miller","Darlin'"
"Frankie Valli","Can't Take My Eyes Off You"
"Frankie Valli","My Eyes Adored You"
"Frankie Valli","Swearin' To God"
"Frankie Valli & The Four Seasons","Big Girls Don't Cry"
"Frankie Valli & The Four Seasons","Bye Bye Baby (Baby Goodbye)"
"Frankie Valli & The Four Seasons","Rag Doll"
"Frankie Valli & The Four Seasons","Sherry"
"Frankie Valli & The Four Seasons","Walk Like A Man"
"Frankie Valli & The Four Seasons","Working My Way Back To You"
"Frankie Vaughan","The Garden Of Eden"
"Franz Ferdinand","Do You Want To?"
"Franz Ferdinand","Matinee"
"Franz Ferdinand","Michael"
"Franz Ferdinand","No You Girls"
"Franz Ferdinand","Take Me Out"
"Fred Wedlock","The Oldest Swinger In Town"
"Freda Payne","Band Of Gold"
"Freddie & The Dreamers","You Were Made For Me"
"Freddie Mercury","I Was Born To Love You"
"Freddie Mercury","Living On My Own"
"Freddie Mercury","The Great Pretender"
"Freddie Mercury & David Bowie","Under Pressure"
"Freddie Mercury & Montserrat Caballe","Barcelona"
"Frédéric François","Funiculi Funicula"
"Fredo Feat. Dave","All I Ever Wanted"
"Free","All Right Now"
"Free","Wishing Well"
"French Montana Feat. Swae Lee","Unforgettable"
"Fréro Delavega","Le chant des sirènes"
"Freya Ridings","Castles"
"Freya Ridings","I Feel Love"
"Freya Ridings","Lost Without You"
"Freya Ridings","You Mean The World To Me"
"Freya Ridings & MJ Cole","Waking Up"
"Friendly Fires","Hawaiian Air"
"Friends (TV Theme)","I'll Be There For You"
"From Hi-De-Hi","Goodnight Campers"
"Frozen (Disney)","Do You Want To Build A Snowman?"
"Frozen (Disney)","Fixer Upper"
"Frozen (Disney)","For The First Time In Forever"
"Frozen (Disney)","In Summer"
"Frozen (Disney)","Let It Go"
"Frozen (Disney)","Libérée, délivrée"
"Frozen (Disney)","Libre soy"
"Frozen (Disney)","Love Is An Open Door"
"Frozen (Disney)","Reindeer(s) Are Better Than People"
"Frozen II (Disney)","All Is Found"
"Frozen II (Disney)","Into The Unknown"
"Frozen II (Disney)","The Next Right Thing"
"Fugees","Ready Or Not"
"Fukrey","Ambarsariya"
"Fun","Sight Of The Sun"
"Fun","Some Nights"
"Fun","Why Am I The One"
"Fun Boy Three","Tunnel Of Love"
"Fun Feat. Janelle Monáe","We Are Young"
"Fun Lovin' Criminals","Scooby Snacks"
"Funkadelic","One Nation Under a Groove"
"Furniture","Brilliant Mind"
"Fuse ODG Feat. Angel","T.I.N.A"
"Fuse ODG Feat. Sean Paul","Dangerous Love"
"Future Islands","Seasons (Waiting On You)"
"Fyfe Dangerfield","She's Always A Woman"
"Gabbie Hanna","Butterflies"
"Gabinete Caligari","Del Calor Del Amor En Un Bar"
"Gabriella Cilmi","Sweet About Me"
"Gabriella Cilmi","Warm This Winter"
"Gabrielle","A Place In My Heart"
"Gabrielle","Dreams"
"Gabrielle","Out Of Reach"
"Gabrielle","Rise"
"Gabrielle","Sunshine"
"Gabrielle","Walk On By"
"Gabrielle Aplin","Home"
"Gabrielle Aplin","Please Don't Say You Love Me"
"Gabrielle Aplin","Skylight"
"Gabrielle Aplin","The Power Of Love"
"Gabry Ponte, Aloe Blacc","Can't Get Over You"
"Gajendra Verma","Tera Ghata"
"Gala","Freed From Desire"
"Galantis","No Money"
"Galantis","Peanut Butter Jelly"
"Galantis","Runaway (U & I)"
"Galantis, David Guetta, Little Mix","Heartbreak Anthem"
"Gallagher And Lyle","Heart On My Sleeve"
"Gallagher And Lyle","I Wanna Stay With You"
"Gao Sheng Mei","Qian Nian Deng Yi Hui (Geng Xin)"
"Garbage","I Think I'm Paranoid"
"Garbage","Push It"
"Garbage","Queer"
"Garbage","Stupid Girl"
"Garbage","The World Is Not Enough"
"Gareth Gates","Spirit In The Sky"
"Gareth Gates","Suspicious Minds"
"Gareth Gates","Unchained Melody"
"Garou","Sous le vent"
"Garth Brooks","Against The Grain"
"Garth Brooks","Ain't Goin' Down Till The Sun Comes Up"
"Garth Brooks","Beer Run"
"Garth Brooks","Callin' Baton Rouge"
"Garth Brooks","Friends In Low Places"
"Garth Brooks","If Tomorrow Never Comes"
"Garth Brooks","She's Every Woman"
"Garth Brooks","The Dance"
"Garth Brooks","The Thunder Rolls"
"Gary Barlow","Let Me Go"
"Gary Barlow","Love Won't Wait"
"Gary Barlow","Open Road"
"Gary Barlow & The Commonwealth Band","Sing"
"Gary Miller","Aqua Marina"
"Gary Moore","Still Got The Blues"
"Gary Moore & Phil Lynott","Out In The Fields"
"Gary Numan","Are Friends Electric"
"Gary Numan","Cars"
"Gary Puckett & The Union Gap","Young Girl"
"Gavin DeGraw","Chariot"
"Gayla Peevey","I Want a Hippopotamus For Christmas"
"Gazza & Lindisfarne","Fog On The Tyne (Revisited)"
"G-Eazy Feat. Halsey","Him & I"
"G-Eazy x Bebe Rexha","Me, Myself & I"
"Gene Autry","Here Comes Santa Claus"
"Gene Chandler","Duke Of Earl"
"Gene Kelly, Frank Sinatra & Jules Munshin","New York New York (On The Town)"
"Gene McDaniels","Hundred Pounds Of Clay"
"Gene McDaniels","Tower Of Strength"
"Gene Pitney","24 Hours From Tulsa"
"Gene Pitney","I Must Be Seeing Things"
"Gene Pitney","I'm Gonna Be Strong"
"Gene Pitney","Just One Smile"
"Gene Pitney","Nobody Needs Your Love"
"Gene Pitney","Something's Gotten Hold Of My Heart"
"Gene Pitney","Town Without Pity"
"Gene Vincent","Be Bop A Lula"
"Gene Vincent","My Heart"
"Gene Vincent","Pistol Packin' Mama"
"Gene Vincent","Race With The Devil"
"Gene Vincent","Wild Cat"
"Generic","Al Di La"
"Generic","Never Smile At a Crocodile"
"Generic","Old King Cole"
"Generic","Pop Goes The Weasel"
"Generic","Pussy Cat Pussy Cat"
"Generic","Simple Simon"
"Generic","Ten In The Bed"
"Generic","The Hokey Cokey"
"Generic","There Is a Hole In The Bucket"
"Genesis","Follow You Follow Me"
"Genesis","I Can't Dance"
"Genesis","I Know What I Like (In Your Wardrobe)"
"Genesis","In Too Deep"
"Genesis","Invisible Touch"
"Genesis","Jesus He Knows Me"
"Genesis","Land Of Confusion"
"Genesis","Mama"
"Genesis","That's All"
"Gente De Zona ft Marc Anthony","La Gozadera"
"Gente De Zona y Marc Anthony","Traidora"
"George Baker Selection","Little Green Bag"
"George Benson","Give Me The Night"
"George Benson","In Your Eyes"
"George Benson","Turn Your Love Around"
"George Ezra","Anyone For You"
"George Ezra","Blame It On Me"
"George Ezra","Budapest"
"George Ezra","Cassy O'"
"George Ezra","Don't Matter Now"
"George Ezra","Green Green Grass"
"George Ezra","Hold My Girl"
"George Ezra","Listen To The Man"
"George Ezra","Paradise"
"George Ezra","Pretty Shining People"
"George Ezra","Shotgun"
"George Formby","Chinese Laundry Blues"
"George Formby","Leaning On A Lamppost"
"George Formby","When I'm Cleaning Windows"
"George Formby","With My Little Stick Of Blackpool Rock"
"George Harrison","All Things Must Pass"
"George Harrison","Got My Mind Set On You"
"George Harrison","My Sweet Lord"
"George Harrison","Something"
"George Jones","He Stopped Loving Her Today"
"George Jones","The Race Is On"
"George McCrae","Rock Your Baby"
"George Michael","A Different Corner"
"George Michael","Amazing"
"George Michael","Careless Whisper"
"George Michael","December Song"
"George Michael","Faith"
"George Michael","Fast Love"
"George Michael","Father Figure"
"George Michael","Flawless (Go To The City)"
"George Michael","Freedom '90"
"George Michael","Jesus To A Child"
"George Michael","Let Her Down Easy"
"George Michael","One More Try (US Version)"
"George Michael","Outside"
"George Michael","Praying For Time"
"George Michael","Roxanne"
"George Michael","True Faith"
"George Michael","Waiting For That Day"
"George Michael","You Have Been Loved"
"George Michael & Aretha Franklin","I Knew You Were Waiting"
"George Michael & Mary J Blige","As"
"George Michael Feat. Nile Rodgers","Fantasy"
"George Strait","Amarillo By Morning"
"George Strait","Blue Clear Sky"
"George Strait","Carried Away"
"George Strait","Carrying Your Love With Me"
"George Strait","Ocean Front Property"
"George Strait","The Chair"
"George Thorogood And The Destroyers","Bad To The Bone"
"George Wassouf","Kalam el nas"
"Georgia","About Work The Dancefloor"
"Georgie Fame And The Blue Flames","Get Away"
"Georgie Fame And The Blue Flames","Yeah Yeah"
"Geraldine McQueen (Peter Kay)","Once Upon A Christmas Song"
"Gerard McMann  (The Lost Boys)","Cry Little Sister"
"Geri Halliwell","It's Raining Men"
"Gerry And The Pacemakers","Don't Let The Sun Catch You Crying"
"Gerry And The Pacemakers","Ferry Cross The Mersey"
"Gerry And The Pacemakers","How Do You Do It"
"Gerry And The Pacemakers","I Like It"
"Gerry And The Pacemakers","I'll Be There"
"Gerry And The Pacemakers","I'm The One"
"Gerry And The Pacemakers","It's Gonna Be Alright"
"Gerry And The Pacemakers","The Gerry And The Pacemakers Medley"
"Gerry And The Pacemakers","Walk Hand In Hand"
"Gerry And The Pacemakers","You'll Never Walk Alone"
"Gerry Cinnamon","Belter"
"Gerry Cinnamon","Ghost"
"Gerry Cinnamon","Sometimes"
"Gerry Rafferty","Baker Street"
"Gerry Rafferty","Night Owl"
"Gesaffelstein & The Weeknd","Lost in the Fire"
"Ghost","Mary On A Cross"
"Gianna Nannini","Bello e Impossibile"
"Gianna Nannini","I maschi"
"Gianna Nannini","Sei Nell'Anima"
"Gianni Morandi","Parla Piu Piano (Speak Softly Love)"
"Gibson Brothers","Cuba"
"Gigi Perez","Sailor Song"
"Gilbert Montagné","Les sunlights des tropiques"
"Gilbert Montagné","On va s'aimer"
"Gilbert O'Sullivan","Alone Again (Naturally)"
"Gilbert O'Sullivan","Clair"
"Gilbert O'Sullivan","Matrimony"
"Gina G","Just A Little Bit"
"Giorgio Moroder Feat. Kylie Minogue","Right Here, Right Now"
"Girls Aloud","Biology"
"Girls Aloud","Call The Shots"
"Girls Aloud","Can't Speak French"
"Girls Aloud","I Think We're Alone Now"
"Girls Aloud","I'll Stand By You"
"Girls Aloud","Jump (For My Love)"
"Girls Aloud","Life Got Cold"
"Girls Aloud","Love Machine"
"Girls Aloud","No Good Advice"
"Girls Aloud","Sexy, No No No"
"Girls Aloud","Something Kinda Ooh"
"Girls Aloud","Something New"
"Girls Aloud","Sound Of The Underground"
"Girls Aloud","The Loving Kind"
"Girls Aloud","The Promise"
"Girls Aloud","The Show"
"Girls Aloud","Untouchable"
"Girls Aloud","Wake Me Up"
"Girls Aloud","Whole Lotta History"
"Girls' Generation","Gee"
"Gladys Knight","Licence To Kill"
"Gladys Knight & The Pips","Baby Don't Change Your Mind"
"Gladys Knight & The Pips","Best Thing That Ever Happened To Me"
"Gladys Knight & The Pips","Help Me Make It Through The Night"
"Gladys Knight & The Pips","Midnight Train To Georgia"
"Gladys Knight & The Pips","The Way We Were"
"Glass Animals","Heat Waves"
"Glasvegas","Daddy's Gone"
"Glasvegas","Flowers And Football Tops"
"Glee Cast","Alone"
"Glee Cast","Bust Your Windows"
"Glee Cast","Deck The Rooftop"
"Glee Cast","Defying Gravity"
"Glee Cast","Don't Rain On My Parade"
"Glee Cast","Don't Stop Believin'"
"Glee Cast","Get It Right"
"Glee Cast","Gold Digger"
"Glee Cast","Halo/Walking On Sunshine"
"Glee Cast","It's My Life/Confessions Part 2"
"Glee Cast","Keep Holding On"
"Glee Cast","Lean On Me"
"Glee Cast","Loser Like Me"
"Glee Cast","No Air"
"Glee Cast","On My Own"
"Glee Cast","Somebody To Love"
"Glee Cast","Start Me Up/Livin' On A Prayer"
"Glee Cast","Take A Bow"
"Glee Cast","What I Did For Love"
"Glee Cast","You Can't Stop The Beat"
"Glee Cast","You Keep Me Hangin' On"
"Glen Campbell","Galveston"
"Glen Campbell","Gentle On My Mind"
"Glen Campbell","Honey Come Back"
"Glen Campbell","It's Only Make Believe"
"Glen Campbell","Rhinestone Cowboy"
"Glen Campbell","Southern Nights"
"Glen Campbell","Wichita Lineman"
"Glen Hansard & Marketa Irglova","Falling Slowly"
"Glen Medeiros","Nothing's Gonna Change My Love For You"
"Glenn Frey","The Heat Is On"
"Gloria Estefan","""Hold Me, Thrill Me, Kiss Me"""
"Gloria Estefan","Anything For You"
"Gloria Estefan","Con Los Años Que Me Quedan"
"Gloria Estefan","Cuts Both Ways"
"Gloria Estefan","Don't Wanna Lose You"
"Gloria Estefan","Everlasting Love"
"Gloria Estefan","Hoy"
"Gloria Estefan","Mi Tierra"
"Gloria Estefan","Oye Mi Canto"
"Gloria Estefan","Turn The Beat Around"
"Gloria Estefan and Miami Sound Machine","Rhythm Is Gonna Get You"
"Gloria Gaynor","I Am What I Am"
"Gloria Gaynor","I Will Survive"
"Gloria Gaynor","Never Can Say Goodbye"
"Gnarls Barkley","Crazy"
"Gnash Feat. Olivia O'Brien","I Hate u I Love u"
"Go West","Call Me"
"Go West","King Of Wishful Thinking"
"Go West","We Close Our Eyes"
"Golden Earring","Radar Love"
"Goldfrapp","Ooh La La"
"Goldfrapp","Rocket"
"Goldie Lookin Chain","Guns Don't Kill People Rappers Do"
"Goldie Lookin Chain","Your Mother's Got A Penis"
"Good Charlotte","Dance Floor Anthem"
"Good Charlotte","Girls & Boys"
"Good Charlotte","Makeshift Love"
"Gordon Lightfoot","If You Could Read My Mind"
"Gorgon City","Here For You"
"Gorgon City","Ready For Your Love"
"Gorgon City feat. Jennifer Hudson","Go All Night"
"Gorillaz","19-2000"
"Gorillaz","Baby Queen"
"Gorillaz","Clint Eastwood"
"Gorillaz","Dare"
"Gorillaz","Feel Good Inc"
"Gorillaz","Kids With Guns"
"Gorillaz","Tranz"
"Gorillaz Feat. George Benson","Humility"
"Gorillaz Feat. Rag'n'Bone Man","The Apprentice"
"Gossip","Heavy Cross"
"Gossip","Standing In The Way Of Control"
"Gotye","Eyes Wide Open"
"Gotye","I Feel Better"
"Gotye Feat. Kimbra","Somebody That I Used To Know"
"Grace Jones","Pull Up To The Bumper"
"Grace Jones","Slave To The Rhythm"
"Grace Potter (Disney)","Something That I Want (from Tangled)"
"Grace VanderWaal","So Much More Than This"
"Gracie Abrams","Hit The Wall"
"Gracie Abrams","I Love You, I'm Sorry"
"Gracie Abrams","I Miss You, I'm Sorry"
"Gracie Abrams","That's So True"
"Gracie Fields","In My Little Bottom Drawer"
"Gracie Fields","Wish Me Luck As You Wave Me Goodbye"
"Grandad Roberts  & His Son Elvis","Meat Pie, Sausage Roll"
"Grandmaster Flash","The Message"
"Grandmaster Flash & Melle Mel","White Lines"
"Grease (Musical)","Beauty School Dropout"
"Grease (Musical)","Blue Moon"
"Grease (Musical)","Born To Hand Jive"
"Grease (Musical)","Grease"
"Grease (Musical)","Grease Megamix"
"Grease (Musical)","Greased Lightning"
"Grease (Musical)","Hopelessly Devoted To You"
"Grease (Musical)","Hound Dog"
"Grease (Musical)","It's Raining On Prom Night"
"Grease (Musical)","Look At Me I'm Sandra Dee"
"Grease (Musical)","Rock 'N' Roll Is Here To Stay"
"Grease (Musical)","Rock 'N' Roll Party Queen"
"Grease (Musical)","Sandy"
"Grease (Musical)","Summer Nights"
"Grease (Musical)","Tears On My Pillow"
"Grease (Musical)","The Grease Medley"
"Grease (Musical)","There Are Worse Things I Could Do"
"Grease (Musical)","Those Magic Changes"
"Grease (Musical)","We Go Together"
"Grease (Musical)","You're The One That I Want"
"Grease 2 (Musical)","Back To School Again"
"Grease 2 (Musical)","Charades"
"Grease 2 (Musical)","Cool Rider"
"Grease 2 (Musical)","Do It For Our Country"
"Grease 2 (Musical)","Girl For All Seasons"
"Grease 2 (Musical)","Prowlin'"
"Grease 2 (Musical)","Reproduction"
"Grease 2 (Musical)","Score Tonight"
"Grease 2 (Musical)","We'll Be Together"
"Grease 2 (Musical)","Who's That Guy"
"GreeeeN","Kiseki"
"Green Day","21 Guns"
"Green Day","21st Century Breakdown"
"Green Day","American Idiot"
"Green Day","Bang Bang"
"Green Day","Basket Case"
"Green Day","Boulevard Of Broken Dreams"
"Green Day","Good Riddance (Time Of Your Life)"
"Green Day","Holiday"
"Green Day","Jesus Of Surburbia"
"Green Day","Know Your Enemy"
"Green Day","Longview"
"Green Day","One Eyed Bastard"
"Green Day","Wake Me Up When September Ends"
"Green Day","Welcome To Paradise"
"Greg Lake","I Believe In Father Christmas"
"Grégoire","Toi + moi"
"Gregory Porter","Liquid Spirit"
"Gregory Porter","Real Good Hands"
"Gretchen Wilson","Chariot"
"Gretchen Wilson","Holdin' You"
"Gretchen Wilson","Homewrecker"
"Gretchen Wilson","Red Neck Woman"
"Gretchen Wilson","Redneck Sh*t"
"Gretchen Wilson","The Bed"
"Gretchen Wilson","What Happened"
"Gretchen Wilson","When I Think About Cheatin'"
"Gretchen Wilson","When It Rains"
"Griff","Vertigo"
"Griff, Sigrid","Head On Fire"
"Grimes","Flesh Without Blood"
"Grimes","Oblivion"
"GRL","Ugly Heart"
"Groove Armada","I See You Baby"
"Gunday","Tune Maari Entriyaan"
"Guns N' Roses","Ain't It Fun"
"Guns N' Roses","Civil War"
"Guns N' Roses","Don't Cry"
"Guns N' Roses","Knockin' On Heaven's Door"
"Guns N' Roses","Live And Let Die"
"Guns N' Roses","Nothin'"
"Guns N' Roses","November Rain"
"Guns N' Roses","Paradise City"
"Guns N' Roses","Patience"
"Guns N' Roses","Since I Don't Have You"
"Guns N' Roses","Sweet Child O' Mine"
"Guns N' Roses","Sympathy For The Devil"
"Guns N' Roses","Welcome To The Jungle"
"Guns N' Roses","You Could Be Mine"
"Guns N' Roses","You're Crazy"
"Guy Mitchell","Heartaches By The Number"
"Guy Sebastian","Don't Worry Be Happy"
"Guy Sebastian Feat. Eve ","Who's That Girl"
"Guys And Dolls","Luck Be A Lady"
"Guys And Dolls","There's A Whole Lot Of Loving"
"Gwen Stefani","4 In The Morning"
"Gwen Stefani","Cool"
"Gwen Stefani","Hollaback Girl"
"Gwen Stefani","Make Me Like You"
"Gwen Stefani","Used To Love You"
"Gwen Stefani","What You Waiting For"
"Gwen Stefani Feat. Akon","The Sweet Escape"
"Gwen Stefani Feat. Eve","Rich Girl"
"Gwyneth Paltrow","Country Strong"
"Gwyneth Paltrow and Tim McGraw","Me And Tennessee"
"Gym Class Heroes","Cookie Jar"
"Gym Class Heroes Feat. Adam Levine","Stereo Hearts"
"Gym Class Heroes Feat. Neon Hitch","Ass Back Home"
"Gym Class Heroes Feat. Patrick Stump","Cupid's Chokehold"
"Gyptian","Hold You (Hold Yuh)"
"Habib Wali Mohammad","Aaj jane ki zid na karo"
"Haddaway","What Is Love"
"Haifa Wehbe","Boos El Wawa"
"Hailee Steinfeld","Most Girls"
"Hailee Steinfeld, Grey Feat. Zedd","Starving"
"Haim","Don't Save Me"
"Haim","If I Could Change Your Mind"
"Haim","Now I'm In It"
"Haim","Summer Girl"
"Haim","The Steps"
"Haim","Want You Back"
"Hair (Musical)","Good Morning Starshine"
"Haircut 100","Fantastic Day"
"Haircut 100","Love Plus One"
"Hairspray (Musical)","Good Morning Baltimore"
"Hairspray (Musical)","I Can Hear The Bells"
"Hairspray (Musical)","The Nicest Kids In Town"
"Hairspray (Musical)","Welcome To The 60's"
"Hairspray (Musical)","Without Love"
"Hairspray (Musical)","You Can't Stop The Beat"
"Håkan Hellström & Veronica Maggio","Hela Huset"
"Hakim","Efred"
"Hall & Oates","I Can't Go For That (No Can Do)"
"Hall & Oates","Kiss On My List"
"Hall & Oates","Maneater"
"Hall & Oates","Out Of Touch"
"Hall & Oates","Private Eyes"
"Hall & Oates","Rich Girl"
"Hall & Oates","You Make My Dreams"
"Hall & Oates","You've Lost That Lovin' Feeling"
"Halsey","Bad At Love"
"Halsey","Graveyard"
"Halsey","I Never Loved You"
"Halsey","Lonely Is The Muse"
"Halsey","Lucky"
"Halsey","Nightmare"
"Halsey","Now Or Never"
"Halsey","Safeword"
"Hamari Adhuri Kahani","Hamari Adhuri Kahani"
"Hamilton (an American Musical)","Alexander Hamilton"
"Hamilton (an American Musical)","My Shot"
"Hamilton (an American Musical)","Satisfied"
"Hamilton (an American Musical)","Washington On Your Side"
"Hamilton (an American Musical)","You'll Be Back"
"Hank Williams","""Cold, Cold Heart"""
"Hank Williams","Hey Good Lookin'"
"Hank Williams","Your Cheatin' Heart"
"Hannah Montana","Best Of Both Worlds"
"Hannah Montana","He Could Be The One"
"Hanson","MMMBop"
"Happy Days (TV Theme)","Happy Days"
"Happy Mondays","24 Hour Party People"
"Happy Mondays","Hallelujah"
"Happy Mondays","Kinky Afro"
"Happy Mondays","Loose Fit"
"Happy Mondays","Step On"
"Happy Mondays","Wrote For Luck"
"Happy New Year","Lovely"
"Hard-Fi","Living For The Weekend"
"Harold Melvin & The Blue Notes","Don't Leave Me This Way"
"Harpo","Movie Star"
"Harry Belafonte","Banana Boat Song (Day-O)"
"Harry Belafonte","Island In The Sun"
"Harry Belafonte","Jump In The Line"
"Harry Belafonte","There's A Hole In My Bucket"
"Harry Chapin","Cat's In The Cradle"
"Harry Connick Jr.","It Had To Be You"
"Harry Connick Jr.","Recipe For Love"
"Harry Styles","Adore You"
"Harry Styles","American Girls"
"Harry Styles","Aperture"
"Harry Styles","Are You Listening Yet?"
"Harry Styles","As It Was"
"Harry Styles","Carla's Song"
"Harry Styles","Coming Up Roses"
"Harry Styles","Dance No More"
"Harry Styles","Daydreaming"
"Harry Styles","Falling"
"Harry Styles","Girl Crush"
"Harry Styles","Golden"
"Harry Styles","Kiwi"
"Harry Styles","Late Night Talking"
"Harry Styles","Lights Up"
"Harry Styles","Music For a Sushi Restaurant"
"Harry Styles","Paint By Numbers"
"Harry Styles","Pop"
"Harry Styles","Ready, Steady, Go!"
"Harry Styles","Satellite"
"Harry Styles","Season 2 Weight Loss"
"Harry Styles","Sign Of The Times"
"Harry Styles","Taste Back"
"Harry Styles","The Waiting Game"
"Harry Styles","Two Ghosts"
"Harry Styles","Watermelon Sugar"
"Hasee Toh Phasee","Drama Queen"
"Hasee Toh Phasee","Ishq Bulaava"
"Hasee Toh Phasee","Punjabi Wedding Song"
"Hasee Toh Phasee","Zehnaseeb"
"Hassan El Shafei Feat. Abla Fahita","Mayestahlushi"
"Hatim Ammor","Al Awal"
"Hawkwind","Silver Machine"
"Hazel O'Connor","Eighth Day"
"Hazel O'Connor","Will You"
"Hazell Dean","Searchin'"
"Hear'Say","Another Lover"
"Hear'Say","Bridge Over Troubled Water"
"Hear'Say","Pure & Simple"
"Heart","All I Wanna Do Is Make Love To You"
"Heart","Alone"
"Heart","Barracuda"
"Heart","Never"
"Heart","Nothin' At All"
"Heart","These Dreams"
"Heather Small","Proud"
"Heatwave","Always & Forever"
"Heatwave","Boogie Nights"
"Heaven 17","Come Live With Me"
"Heaven 17","Temptation"
"Hedwig and the Angry Inch Cast","The Origin Of Love"
"Helen Reddy","Angie Baby"
"Helen Reddy","I Am Woman"
"Helen Shapiro","Walkin' Back To Happiness"
"Helen Shapiro","You Don't Know"
"Hello Dolly","Hello Dolly"
"Hercules (Disney)","Go The Distance"
"Hercules (Disney)","I Won't Say (I'm In Love)"
"Herman's Hermits","A Must To Avoid"
"Herman's Hermits","Can't You Hear My Heart Beat?"
"Herman's Hermits","Herman's Hermits Medley 1"
"Herman's Hermits","Herman's Hermits Medley 2"
"Herman's Hermits","I'm Into Something Good"
"Herman's Hermits","Listen People"
"Herman's Hermits","My Sentimental Friend"
"Herman's Hermits","No Milk Today"
"Herman's Hermits","Sleepy Joe"
"Herman's Hermits","Something's Happening"
"Herman's Hermits","Sunshine Girl"
"Herman's Hermits","There's A Kind Of Hush"
"Herman's Hermits","Years May Come, Years May Go"
"Hermes House Band","Country Roads"
"Héroes Del Silencio","Entre dos tierras"
"Hesham Abbas","Nari Narein"
"Hi Five","I Like The Way"
"Hi Five","She's Playing Hard To Get"
"Hi-Fi","А мы любили"
"High School Musical ","Breaking Free"
"High School Musical ","Getcha Head In The Game"
"High School Musical ","I Can't Take My Eyes Off Of You"
"High School Musical ","Start Of Something New"
"High School Musical ","Stick To The Status Quo"
"High School Musical ","We're All In This Together"
"High School Musical ","What I've Been Looking For"
"High School Musical ","When There Was Me And You"
"High School Musical 2","All For One"
"High School Musical 2","Bet On It"
"High School Musical 2","Everyday"
"High School Musical 2","Fabulous"
"High School Musical 2","Gotta Go My Own Way"
"High School Musical 2","Humuhumunukunukuapua'a"
"High School Musical 2","I Don't Dance"
"High School Musical 2","You Are The Music In Me"
"High School Musical 3","A Night To Remember"
"High School Musical 3","Can I Have This Dance"
"High School Musical 3","Just Getting Started"
"High School Musical 3","Now Or Never"
"High School Musical 3","Scream"
"Highway","Maahi Ve"
"Hilary Duff","So Yesterday"
"Hilary Duff","Sparks"
"Hilary Duff","Wake Up"
"Hilltop Hoods","Cosby Sweater"
"Hinder","Lips Of An Angel"
"Hindi Medium","Suit Suit"
"Hockey","Too Fake"
"Hole","Celebrity Skin"
"Hole","Doll Parts"
"Hole","Malibu"
"Hole","Miss World"
"Hole","Violet"
"Holly Valance","Kiss Kiss"
"Honey Bus","I Can't Let Maggie Go"
"Honeyz","End Of The Line"
"Honeyz","Finally Found"
"Hoobastank","The Reason"
"Hoodoo Gurus","1000 Miles Away"
"Hoodoo Gurus","Miss Freelove '69"
"Hot Chelle Rae","Tonight Tonight"
"Hot Chip","Ready For The Floor"
"Hot Chocolate","Emma"
"Hot Chocolate","Everyone's A Winner"
"Hot Chocolate","It Started With A Kiss"
"Hot Chocolate","So You Win Again"
"Hot Chocolate","You Sexy Thing"
"Hotlegs","Neanderthal Man"
"House Of Pain","Jump Around"
"Houssam Jneid","Wallah Ktir Shtaatelak"
"Howard Jones","New Song"
"Howard Jones","What Is Love"
"Howard Keel","Send In The Clowns"
"Hozier","Jackie and Wilson"
"Hozier","Movement"
"Hozier","Nobody's Soldier"
"Hozier","Someone New"
"Hozier","Take Me To Church"
"Hozier","Too Sweet"
"HRVY","Million Ways"
"HRVY","Personal"
"Hue & Cry","Labour Of Love"
"Huey Lewis And The News","Hip To Be Square"
"Huey Lewis And The News","Stuck With You"
"Huey Lewis And The News","The Power Of Love"
"Hugh Jackman & The Greatest Showman Cast","The Greatest Show"
"Hugues Aufray","Santiano"
"Humpty Sharma Ki Dulhania","Samjhawan"
"Humpty Sharma Ki Dulhania","Saturday Saturday"
"Hunters & Collectors","Holy Grail"
"Hunters & Collectors","Throw Your Arms Around Me"
"HUNTR/X","Free (From KPop Demon Hunters)"
"HUNTR/X","Golden (From KPop Demon Hunters)"
"HUNTR/X","How It's Done (From KPop Demon Hunters)"
"HUNTR/X","Takedown (From KPop Demon Hunters)"
"HUNTR/X","What It Sounds Like (From KPop Demon Hunters)"
"Hussain Al Jassmi","Boshret Kheir"
"Hussein Deek","Ma7laki"
"HVME","Goosebumps"
"Ian Brown","My Star"
"Ian Dury & The Blockheads","Hit Me With Your Rhythm Stick"
"Ian Dury & The Blockheads","Reasons To Be Cheerful Part 3"
"Ian Dury & The Blockheads","Sex & Drugs & Rock N Roll"
"Ian Dury & The Blockheads","Sweet Gene Vincent"
"Ian Dury & The Blockheads","Wake Up And Make Love"
"Ian Dury & The Blockheads","What A Waste"
"Ian Hunter","Once Bitten Twice Shy"
"Ian Van Dahl","Castles In The Sky"
"Ice Spice feat. Nicki Minaj","Princess Diana (Barbie The Movie)"
"Ice Spice, Rema","Pretty Girl"
"Icehouse","Crazy"
"Icona Pop","All Night"
"Icona Pop","Girlfriend"
"Icona Pop Feat. Charli XCX","I Love It"
"Ida Maria","I Like You So Much Better When You're Naked"
"Ida Maria","Oh My God"
"Idina Menzel & Kristin Chenoweth (from Wicked)","For Good (Live)"
"Idina Menzel, Evan Rachel Wood","Show Yourself"
"Idina Menzel, Kristen Bell & The Cast Of Frozen","Making Today A Perfect Day (From Frozen Fever)"
"Iggy & The Stooges","I Wanna Be Your Dog"
"Iggy Azalea","Team"
"Iggy Azalea Feat. Charli XCX","Fancy"
"Iggy Azalea Feat. Jennifer Hudson","Trouble"
"Iggy Azalea Feat. Rita Ora","Black Widow"
"Iggy Pop","Lust For Life"
"Iggy Pop","The Passenger"
"Ike And Tina Turner","Proud Mary"
"iKON","KILLING ME"
"iKON","LOVE SCENARIO"
"Il Divo","Hallelujah"
"Il Divo","Hasta Mi Final"
"Il était une fois","J'ai encore rêvé d'elle"
"Il Volo","Grande amore"
"Ilham Al Madfai","Khuttar"
"iLL BLU Feat. James Morrison","Lonely People"
"Illit","Magnetic"
"Images","Les démons de minuit"
"Imagination","Just An Illusion"
"Imagine Dragons","Bad Liar"
"Imagine Dragons","Believer"
"Imagine Dragons","Bones"
"Imagine Dragons","Born To Be Yours"
"Imagine Dragons","Demons"
"Imagine Dragons","Follow You"
"Imagine Dragons","I Bet My Life"
"Imagine Dragons","It's Time"
"Imagine Dragons","Natural"
"Imagine Dragons","Nice to Meet You"
"Imagine Dragons","On Top Of The World"
"Imagine Dragons","Radioactive"
"Imagine Dragons","Shots"
"Imagine Dragons","Thunder"
"Imagine Dragons","Waves"
"Imagine Dragons","Zero"
"Imagine Dragons, JID","Enemy"
"Imca Marina","Viva España"
"Imelda May","Black Tears"
"Imelda May","Mayhem"
"Imelda May","Should've Been You"
"In The Heights Cast","In The Heights"
"Incubus","Absolution Calling"
"Incubus","Drive"
"Incubus","Nice To Know You"
"Incubus","No Fun"
"Incubus","Pardon Me"
"Incubus","Stellar"
"Indeep","Last Night A DJ Saved My Life"
"Indiana","Heart On Fire"
"Indigo Girls","Closer to Fine"
"Indigo Girls","Galileo"
"Indigo Girls","Least Complicated"
"Indila","Dernière danse"
"Indochine","J'ai demandé à la lune"
"Indochine","L'aventurier"
"Infernal","From Paris To Berlin"
"Ingrid Michaelson","The Way I Am"
"Ingrid Michealson, ZAYN","To Begin Again"
"Ini Kamoze","Here Comes The Hot Stepper"
"Ini Kamoze","Here Comes The Hotstepper"
"Inna","Sun Is Up"
"Inner Circle","Sweat (A La La La La Long)"
"Inspiral Carpets","This Is How It Feels"
"INXS","Beautiful Girl"
"INXS","Bitter Tears"
"INXS","By My Side"
"INXS","Dancing on the Jetty"
"INXS","Devil Inside"
"INXS","Disappear"
"INXS","Don't Change"
"INXS","Mystify"
"INXS","Need You Tonight"
"INXS","Never Tear Us Apart"
"INXS","New Sensation"
"INXS","Original Sin"
"INXS","Suicide Blonde"
"INXS","Taste It"
"INXS","What You Need"
"IOWA","Бьёт бит"
"IOWA","Маршрутка"
"IOWA","Одно и то же"
"IOWA","Простая песня"
"Irene Cara","Fame"
"Irene Cara","Flashdance What A Feeling"
"Irish","Galway Bay"
"Irish Mist","Mountains Of Mourne"
"Irish Rovers","Drunken Sailor"
"Irish Traditional","Bantry Bay"
"Irish Traditional","Courtin' In The Kitchen"
"Irish Traditional","It's A Long Way To Tipperary"
"Irish Traditional","Let Him Go Let Him Tarry"
"Irish Traditional","Peggy Gordon"
"Iron Maiden","2 Minutes To Midnight"
"Iron Maiden","Can I Play With Madness?"
"Iron Maiden","Run To The Hills"
"Iron Maiden","Speed of the Light"
"Iron Maiden","The Number Of The Beast"
"Iron Maiden","The Trooper"
"Isaac Gracie","Last Words"
"Isaac Hayes","Theme From Shaft"
"Isaiah","It's Gotta Be You"
"Isley Brothers","Summer Breeze"
"Isley Brothers","This Old Heart Of Mine"
"Isobel Waller-Bridge & Tara Nome Doyle","You Dream"
"Israel Kamakawiwo'ole","Over The Rainbow"
"Italian Traditional","Anema E Core"
"Italian Traditional","Funiculì Funiculà"
"Italian Traditional","O Sole Mio"
"IU","Love Wins All"
"Ive","Love Dive"
"Ivete Sangalo","Berimbau Metalizado"
"Ivete Sangalo","Flor do Reggae"
"Ivete Sangalo","Sorte Grande"
"Ivor Biggun","Winker Song"
"Ivy League","Funny How Love Can Be"
"Ivy League","Tossing And Turning"
"Iyaz","Replay"
"Iyaz","So Big"
"J Alvarez","La Pregunta"
"J Balvin","Ambiente"
"J Balvin & Bad Bunny","La Canción"
"J Hus feat. Drake","Who Told You?"
"J. Balvin, Willy William","Mi Gente"
"J. Cole","Middle Child"
"J. Geils Band","Centrefold"
"Ja Rule","Livin' It Up"
"Ja Rule","Wonderful"
"Ja Rule Feat. Ashanti","Always On Time"
"Ja Rule Feat. Ashanti","Mesmerize"
"Ja Rule feat. Fat Joe And Jadakiss","New York"
"Jab Tak Hai Jaan","Challa"
"Jab Tak Hai Jaan","Heer"
"Jab Tak Hai Jaan","Ishq Shava"
"Jab Tak Hai Jaan","Jab Tak Hai Jaan"
"Jab Tak Hai Jaan","Jiya Re"
"Jab Tak Hai Jaan","Saans"
"Jace Everett","I Wanna Do Bad Things With You"
"Jack Black","Steve's Lava Chicken (Minecraft Movie)"
"Jack Garratt","Breathe Life"
"Jack Harlow","First Class"
"Jack Harlow","Lovin' On Me"
"Jack Harlow feat. Doja Cat","Just Us"
"Jack Johnson","Better Together"
"Jack Johnson","Good People"
"Jack Johnson","Sitting, Waiting, Wishing"
"Jack Johnson","Upside Down"
"Jack Jones","Call Me Irresponsible"
"Jack Savoretti","Candlelight"
"Jack Savoretti","What More Can I Do"
"Jack Savoretti, Nile Rodgers","Who's Hurting Who"
"Jack White","Love Interruption"
"Jack White","Sixteen Saltines"
"Jack White & Alicia Keys","Another Way To Die"
"Jackie Lee","White Horses"
"Jackie Wilson","Higher And Higher"
"Jackie Wilson","I Get The Sweetest Feeling"
"Jackie Wilson","Reet Petite"
"Jackson Five","Never Can Say Goodbye"
"Jackson Wang","100 Ways"
"Jacques Brel","Amsterdam"
"Jacques Dutronc","Fais pas ci fais pas ça"
"Jade","Angel Of My Dreams"
"Jade","Fantasy"
"Jade","IT Girl"
"Jade","Midnight Cowboy"
"Jade","Plastic Box"
"JAE5 feat Skepta, Lojay & Skillibeng","MINK SB"
"Jagjit Singh","Aah ko chahiye"
"Jagjit Singh & Chitra Singh","Aadmi aadmi ko kya dega"
"Jahmene Douglas","Titanium"
"Jai Ho","Photocopy"
"Jake Bugg","A Song About Love"
"Jake Bugg","Country Song"
"Jake Bugg","Lightning Bolt"
"Jake Bugg","Oblivious"
"Jake Bugg","Taste It"
"Jake Bugg","Two Fingers"
"Jamelia","Superstar"
"Jamelia","Thank You"
"James","Born Of Frustration"
"James","Laid"
"James","Say Something"
"James","She's A Star"
"James","Sit Down"
"James and Bobby Purify","I'm Your Puppet"
"James Arthur","A Year Ago"
"James Arthur","Blindside"
"James Arthur","Empty Space"
"James Arthur","Falling Like The Stars"
"James Arthur","Homecoming"
"James Arthur","Impossible"
"James Arthur","Just Us"
"James Arthur","Karaoke"
"James Arthur","Naked"
"James Arthur","Recovery"
"James Arthur","Say You Won't Let Go"
"James Arthur","Train Wreck"
"James Arthur","You Deserve Better"
"James Arthur","You're Nobody 'Til Somebody Loves You"
"James Arthur Feat. Shotty Horroh","Sermon"
"James Bay","Best Fake Smile"
"James Bay","Hold Back The River"
"James Bay","If You Ever Want To Be In Love"
"James Bay","Let It Go"
"James Bay","Pink Lemonade"
"James Bay","Wild Love"
"James Blunt","1973"
"James Blunt","Bonfire Heart"
"James Blunt","Carry You Home"
"James Blunt","Goodbye My Lover"
"James Blunt","Heart To Heart"
"James Blunt","High"
"James Blunt","If Time Is All I Have"
"James Blunt","Love Love Love"
"James Blunt","Love Me Better"
"James Blunt","Monsters"
"James Blunt","Same Mistake"
"James Blunt","Satellites"
"James Blunt","Unstoppable"
"James Blunt","When I Find Love Again"
"James Blunt","Wise Men"
"James Blunt","You're Beautiful"
"James Brown","Get Up Offa That Thing"
"James Brown","I Got You (I Feel Good)"
"James Brown","It's A Man's Man's Man's World"
"James Brown","Living In America"
"James Brown","Papa's Got A Brand New Bag"
"James Brown","Sex Machine"
"James Hype feat. Kim Petras","Drums"
"James Ingram","Just Once"
"James Marriott","California Rain"
"James Morrison","Cry Your Tears On Me"
"James Morrison","Demons"
"James Morrison","Don't Mess With Love"
"James Morrison","Feels Like The First Time"
"James Morrison","I Won't Let You Go"
"James Morrison","If The Rain Must Fall"
"James Morrison","One Life"
"James Morrison","Please Don't Stop The Rain"
"James Morrison","The Pieces Don't Fit Anymore"
"James Morrison","This Boy"
"James Morrison","Undiscovered"
"James Morrison","Wonderful World"
"James Morrison","You Give Me Something"
"James Morrison","You Make It Real"
"James Morrison Feat. Jessie J","Up"
"James Morrison Feat. Nelly Furtado","Broken Strings"
"James Newman","My Last Breath"
"James Taylor","Carolina In My Mind"
"James Taylor","Fire And Rain"
"James Taylor","Sweet Baby James"
"James Taylor","Your Smiling Face"
"James Taylor","You've Got A Friend"
"James Vincent McMorrow","Higher Love"
"Jamie Cullum","All At Sea"
"Jamie Cullum","Blame It On My Youth"
"Jamie Cullum","But For Now"
"Jamie Cullum","Drink"
"Jamie Cullum","I Could Have Danced All Night"
"Jamie Cullum","I Get A Kick Out Of You"
"Jamie Cullum","It's About Time"
"Jamie Cullum","Lover, You Should Have Come Over"
"Jamie Cullum","Old Devil Moon"
"Jamie Cullum","Show Me The Magic"
"Jamie Cullum","Singin' In The Rain"
"Jamie Cullum","These Are The Days"
"Jamie Cullum","Twentysomething"
"Jamie Cullum","What A Difference A Day Made"
"Jamie Cullum","Wind Cries Mary"
"Jamie Foxx","Unpredictable"
"Jamie Foxx Feat. Drake","Fall For Your Type"
"Jamie Lawson","Wasn't Expecting That"
"Jamie T","Rabbit Hole"
"Jamie T","Sticks 'n' Stones"
"Jamie Woon","Lady Luck"
"Jamila","Blach Blach"
"Jamiroquai","Canned Heat"
"Jamiroquai","Cloud 9"
"Jamiroquai","Cosmic Girl"
"Jamiroquai","Little L"
"Jamiroquai","Space Cowboy (Classic Radio Remix)"
"Jamiroquai","Virtual Insanity"
"Jane Wiedlin","Rush Hour"
"Janelle Monáe","Make Me Feel"
"Janet Jackson","All For You"
"Janet Jackson","No Sleeep"
"Janet Jackson","That's The Way Love Goes"
"Janet Jackson","Together Again"
"Janet Jackson","Unbreakable"
"Janet Jackson","What Have You Done For Me Lately"
"Janet Jackson & Daddy Yankee","Made For Now"
"Janet Kay","Silly Games"
"Janis Ian","At Seventeen"
"Janis Joplin","Me & Bobby McGee"
"Janis Joplin","Mercedes Benz"
"Janis Joplin","Piece Of My Heart"
"Janis Joplin","Summertime"
"Japan","Quiet Life"
"Jason Aldean","Burnin' It Down"
"Jason Derulo","Breathing"
"Jason Derulo","Cheyenne"
"Jason Derulo","Colors (World Cup 2018)"
"Jason Derulo","Don't Wanna Go Home"
"Jason Derulo","Fight For You"
"Jason Derulo","Get Ugly"
"Jason Derulo","In My Head"
"Jason Derulo","It Girl"
"Jason Derulo","Marry Me"
"Jason Derulo","Ridin' Solo"
"Jason Derulo","Stupid Love"
"Jason Derulo","Take You Dancing"
"Jason Derulo","The Other Side"
"Jason Derulo","Trumpets"
"Jason Derulo","Undefeated"
"Jason Derulo","Want To Want Me"
"Jason Derulo","Watcha Say"
"Jason Derulo Feat. 2 Chainz","Talk Dirty"
"Jason Derulo Feat. French Montana","Tip Toe"
"Jason Derulo feat. Meghan Trainor","Hands On Me"
"Jason Derulo Feat. Nicki Minaj & Ty Dolla $ign","Swalla"
"Jason Derulo, Nuka","Love Not War (The Tampa Beat)"
"Jason Donovan","Every Day (I Love You More)"
"Jason Donovan","Nothing Can Divide Us"
"Jason Donovan","Too Many Broken Hearts"
"Jason Donovan","When You Come Back To Me"
"Jason Michael Carroll","Alyssa Lies"
"Jason Mraz","I Won't Give Up"
"Jason Mraz","I'm Yours"
"Jason Mraz","Make It Mine"
"Jason Mraz Feat. Colbie Caillat","Lucky"
"Jason Wade (Shrek Soundtrack)","You Belong To Me"
"Jassim, Alturky, Al Abdullah","Taal"
"Jawsh 685 & Jason Derulo","Savage Love"
"Jax Jones","Stereo"
"Jax Jones","Won't Forget You"
"Jax Jones & Bebe Rexha","Harder"
"Jax Jones & Martin Solveig Present Europa","All Day and Night"
"Jax Jones & Years & Years","Play"
"Jax Jones Feat. Ella Henderson","This Is Real"
"Jax Jones feat. Fireboy DML","Me and My Guitar"
"Jax Jones Feat. Rich The Kid","Ring Ring"
"Jax Jones feat. Robbie G","Forever"
"Jax Jones, MNEK","Where Did You Go?"
"Jay Sean","Ride It"
"Jay Sean & Sean Paul","Do You Remember"
"Jay Sean Feat. Lil Wayne","Down"
"JayO","22"
"Jay-Z","99 Problems"
"Jay-Z","Girls Girls Girls"
"Jay-Z","Izzo (H.O.V.A)"
"Jay-Z & Kanye West Feat. Frank Ocean","No Church In The Wild"
"Jay-Z and Linkin Park","Numb/Encore"
"Jay-Z Feat. Alicia Keys","Empire State Of Mind"
"Jay-Z Feat. Beyonce","'03 Bonnie and Clyde"
"Jay-Z Feat. Justin Timberlake","Holy Grail"
"Jay-Z Feat. Mr Husdon","Young Forever"
"Jay-Z Feat. Pharrell","Change Clothes"
"Jay-Z Feat. Rihanna + Kanye West","Run This Town"
"Jazzy","Shooting Star"
"Jazzy & Chris Lorenzo","Invisible"
"Jazzy Jeff & The Fresh Prince","Boom Shake The Room"
"Jazzy Jeff & The Fresh Prince","Summertime"
"JC Reyes & Kidd Voodoo","Me Mareo"
"Jean Jacques Goldman","Je te donne"
"Jean Knight","Mr. Big Stuff"
"Jeanette","Porque te vas"
"Jean-Luc Lahaye","Femme que j'aime"
"Jeannie C Riley","Harper Valley PTA"
"Jedward","Bad Behaviour"
"Jedward","Lipstick"
"Jedward","Wow Oh Wow"
"Jedward Feat. Vanilla Ice","Under Pressure (Ice Ice Baby)"
"Jeet Ganguly & Sandipan Roy","Ekla Akash"
"Jeff Beck","Hi Ho Silver Lining"
"Jeff Buckley","Grace"
"Jeff Buckley","Last Goodbye"
"Jefferson Airplane","Somebody To Love"
"Jefferson Airplane","White Rabbit"
"Jeffrey Osbourne","On The Wings Of Love"
"Jekyll & Hyde (Musical)","Once Upon A Dream"
"Jekyll & Hyde (Musical)","This Is The Moment  "
"Jelly Roll","Hands Up"
"Jelly Roll","Need A Favor"
"Jennie","SOLO"
"Jennie feat. Dua Lipa","Handlebars"
"Jennifer Hudson","Remember Me"
"Jennifer Hudson","Spotlight"
"Jennifer Hudson","Where You At"
"Jennifer Lawrence","The Hanging Tree"
"Jennifer Lopez","Ain't It Funny"
"Jennifer Lopez","Ain't Your Mama"
"Jennifer Lopez","Get Right"
"Jennifer Lopez","If You Had My Love"
"Jennifer Lopez","I'm Real"
"Jennifer Lopez","Jenny From The Block"
"Jennifer Lopez","Let's Get Loud"
"Jennifer Lopez","My Love Don't Cost A Thing"
"Jennifer Lopez","Papi"
"Jennifer Lopez","Play"
"Jennifer Lopez","Same Girl"
"Jennifer Lopez","Waiting for Tonight"
"Jennifer Lopez & David Guetta","Save Me Tonight"
"Jennifer Lopez feat. (G)-IDLE","This Time Around"
"Jennifer Lopez Feat. Lil Wayne","I'm Into You"
"Jennifer Lopez Feat. LL Cool J.","All I Have"
"Jennifer Lopez Feat. Pitbull","On The Floor"
"Jennifer Lopez, Maluma","Marry Me - Kat & Bastian Duet"
"Jennifer Paige","Crush"
"Jennifer Rush","The Power Of Love"
"Jeremih","Birthday Sex"
"Jeremih Feat. 50 Cent","Down On Me"
"Jermaine Stewart","We Don't Have To Take Our Clothes Off"
"Jerry Bulter","For Your Precious Love"
"Jerry Keller","Here Comes Summer"
"Jerry Lee Lewis","Great Balls Of Fire"
"Jerry Lee Lewis","Whole Lotta Shakin' Goin' On'"
"Jerry Reed","Eastbound And Down"
"Jerry Vale","Mama"
"Jess Glynne","Ain't Got Far To Go"
"Jess Glynne","All I Am"
"Jess Glynne","Don't Be So Hard On Yourself"
"Jess Glynne","Hold my Hand"
"Jess Glynne","I'll Be There"
"Jess Glynne","No One"
"Jess Glynne","Right Here"
"Jess Glynne","Silly Me"
"Jess Glynne","Take Me Home"
"Jess Glynne","This Christmas"
"Jess Glynne","Thursday"
"Jess Glynne & Jax Jones","One Touch"
"Jesse & Joy","Corazón De Campeón"
"Jesse McCartney","Beautiful Soul"
"Jesse McCartney","Just So You Know"
"Jessica Mauboy","Pop a Bottle"
"Jessica Mauboy","This Ain't Love"
"Jessica Mauboy Feat. Stan Walker","Galaxy"
"Jessica Simpson","These Boots Are Made For Walkin'"
"Jessie J","Believe In Magic"
"Jessie J","Do It Like A Dude"
"Jessie J","Domino"
"Jessie J","Flashlight"
"Jessie J","H.A.P.P.Y."
"Jessie J","I'll Never Know Why"
"Jessie J","Masterpiece"
"Jessie J","Nobody's Perfect"
"Jessie J","Sexy Lady"
"Jessie J","Thunder"
"Jessie J","Who You Are"
"Jessie J","Who's Laughing Now"
"Jessie J Feat. 2 Chainz","Burnin' Up"
"Jessie J Feat. B.o.B.","Price Tag"
"Jessie J Feat. Big Sean & Dizzee Rascal","Wild"
"Jessie J Feat. David Guetta","Laserlight"
"Jessie J, Ariana Grande & Nicki Minaj","Bang Bang"
"Jessie Ware","Alone"
"Jessie Ware","Midnight"
"Jessie Ware","Night Light"
"Jessie Ware","Say You Love Me"
"Jessie Ware","Wildest Moments"
"Jessie Ware","You & I (Forever)"
"Jesus Christ Superstar (Musical)","Everything's Alright"
"Jesus Christ Superstar (Musical)","Heaven On Their Minds"
"Jesus Christ Superstar (Musical)","I Don't Know How To Love Him"
"Jesus Christ Superstar (Musical)","Judas's Death"
"Jesus Christ Superstar (Musical)","King Herod's Song (Try It And See)"
"Jesus Christ Superstar (Musical)","Superstar"
"Jesus Christ Superstar (Musical)","This Jesus Must Die"
"Jet","Are You Gonna Be My Girl"
"Jet","Cold Hard Bitch"
"Jethro Tull","Living In The Past"
"Jewel","2 Become 1"
"Jewel","Doin' Fine"
"Jewel","Foolish Games"
"Jewel","Fragile Heart"
"Jewel","Hands"
"Jewel","Standing Still"
"Jewel","Sweet Temptation"
"Jewel","Who Will Save Your Soul"
"Jewel","You Were Meant For Me"
"Jiang Yu Heng","Zai Hui Shou"
"Jidenna Feat. Roman GianArthur","Classic Man"
"Jill Scott","He Loves Me (Lyzel in E Flat)"
"Jilted John","Jilted John"
"Jim Croce","Time In A Bottle"
"Jim Diamond","Hi Ho Silver"
"Jim Diamond","I Should've Known Better"
"Jim Reeves","Adios Amigo"
"Jim Reeves","Distant Drums"
"Jim Reeves","He'll Have To Go"
"Jim Reeves","How Can I Write On Paper"
"Jim Reeves","I Love You Because"
"Jim Reeves","I Won't Forget You"
"Jim Reeves","Old Christmas Card"
"Jim Reeves","There's A Heartache Following Me"
"Jim Reeves","Welcome To My World"
"Jim Reeves","You're The Only Good Thing (That's Happened To Me)"
"Jim Reeves & Dottie West","Look Who's Talking"
"Jimi Hendrix","All Along The Watchtower"
"Jimi Hendrix","Crosstown Traffic"
"Jimi Hendrix","Foxy Lady"
"Jimi Hendrix","Hey Joe"
"Jimi Hendrix","Little Wing"
"Jimi Hendrix","Purple Haze"
"Jimi Hendrix","The Wind Cries Mary"
"Jimi Hendrix","Voodoo Child (Slight Return)"
"Jimin","Like Crazy"
"Jimin","Who"
"Jimmy Barnes","The Weight"
"Jimmy Barnes","Working Class Man"
"Jimmy Barnes & Inxs","Good Times"
"Jimmy Boyd","I Saw Mommy Kissing Santa Claus"
"Jimmy Buffet","Cheeseburger In Paradise"
"Jimmy Buffet","Christmas Island"
"Jimmy Buffett","Growing Older But Not Up"
"Jimmy Buffett","Margaritaville"
"Jimmy Buffett","The Pascagoula Run"
"Jimmy Cliff","The Harder They Come"
"Jimmy Cliff","Wonderful World Beautiful People"
"Jimmy Dean","Big Bad John"
"Jimmy Eat World","The Middle"
"Jimmy James & The Vagabonds","I'll Go Where The Music Takes Me"
"Jimmy Jones","Good Timin'"
"Jimmy Nail","Ain't No Doubt"
"Jimmy Nail","Big River"
"Jimmy Nail","Crocodile Shoes"
"Jimmy Nail, Tim Healy & Kevin Whately","Blaydon Races"
"Jimmy Ruffin","Farewell Is A Lonely Sound"
"Jimmy Ruffin","What Becomes Of The Broken Hearted"
"Jimmy Somerville","Never Can Say Goodbye"
"Jimmy Young","The Man From Laramie"
"JLS","Beat Again"
"JLS","Billion Lights"
"JLS","Do You Feel What I Feel"
"JLS","Eternal Love"
"JLS","Everybody in Love (Put Your Hands Up)"
"JLS","Give Me Life"
"JLS","Hold Me Down"
"JLS","Hottest Girl In The World"
"JLS","Love You More"
"JLS","One Shot"
"JLS","Proud"
"JLS","Take A Chance On Me"
"JLS","The Club Is Alive"
"JLS Feat. Dev","She Makes Me Wanna"
"JLS Feat. Tinie Tempah","Eyes Wide Shut"
"Jo Stafford","You Belong To Me"
"Joan Armatrading","Drop The Pilot"
"Joan Armatrading","Love And Affection"
"Joan Baez","The Night They Drove Old Dixie Down"
"Joan Jett","I Hate Myself For Loving You"
"Joan Jett & The Blackhearts","Bad Reputation"
"Joan Jett & The Blackhearts","I Love Rock 'n' Roll"
"Joan Osbourne","One Of Us"
"Joan Sebastian","Eso Y Más"
"Jocelyn Brown","Somebody Else's Guy"
"Jodeci","Freek'n You"
"Jodeci","I'm Still Waiting"
"Joe","All Or Nothing"
"Joe","All The Things (Your Man Won't Do)"
"Joe and Jake","You're Not Alone"
"Joe Brown & The Bruvvers","A Picture Of You"
"Joe Brown & The Bruvvers","It Only Took A Minute"
"Joe Brown & The Bruvvers","That's What Love Will Do"
"Joe Cocker","Summer In The City"
"Joe Cocker","Unchain My Heart"
"Joe Cocker","You Are So Beautiful"
"Joe Cocker & Jennifer Warnes","Up Where We Belong"
"Joe Dassin","Et si tu n'existais pas"
"Joe Dassin","Les Champs-Élysées"
"Joe Dolan","Make Me An Island"
"Joe Dolan","Teresa"
"Joe Dolan","The Answer To Everything"
"Joe Dolan","You're Such A Good Looking Woman"
"Joe Dolce","Shaddap You Face"
"Joe Esposito","You're The Best"
"Joe Fagin","That's Livin' Alright"
"Joe Jackson","Is She Really Going Out With Him"
"Joe Jackson","It's Different For Girls"
"Joe Jackson","Steppin' Out"
"Joe Longthorne","Always On My Mind"
"Joe Longthorne","Answer Me"
"Joe Longthorne","Don't Cry Out Loud"
"Joe Longthorne","Don't Laugh At Me"
"Joe Longthorne","It's Only Make Believe"
"Joe Longthorne","Love Is All"
"Joe Longthorne","Mary In The Morning"
"Joe Longthorne","You're My World"
"Joe McElderry","Ambitions"
"Joe McElderry","Somebody Wake Me Up"
"Joe Stone Feat. Montell Jordan","The Party (This Is How We Do It)"
"Joe Tex","Ain't Gonna Bump No More (With No Big Fat Woman)"
"Joe Walsh","Rocky Mountain Way"
"Joel Corry","Be Alright"
"Joel Corry","Hey DJ"
"Joel Corry","Lonely"
"Joel Corry","Sorry"
"Joel Corry & Becky Hill","History"
"Joel Corry & Caity Baser","Dance Around It"
"Joel Corry & Tom Grennan","Lionheart (Fearless)"
"Joel Corry feat. David Guetta & Bryson Tiller","What Would You Do"
"Joel Corry feat. Jennifer Lopez","Get Right"
"Joel Corry feat. MK & Rita Ora","Drinkin'"
"Joel Corry, Jax Jones, Charli XCX, Saweetie","OUT OUT"
"Joel Corry, Mabel","I Wish"
"Joel Corry, RAYE, David Guetta","BED"
"Joey Bada$$ Feat. Kiesza","Teach Me"
"Joey Negro","Make A Move On Me"
"John Denver","Annie's Song"
"John Denver","Leaving On A Jet Plane"
"John Denver","Rocky Mountain High"
"John Denver","Take Me Home, Country Roads"
"John Farnham","Burn For You"
"John Farnham","Pressure Down"
"John Farnham","Two Strong Hearts"
"John Farnham","You're The Voice"
"John Fred & His Playboy Band","Judy In Disguise"
"John Holt","Help Me Make It Through The Night"
"John Holt","Mr.  Bojangles"
"John Legend","All Of Me"
"John Legend","Love Me Now"
"John Legend","Never Break"
"John Legend","Ordinary People"
"John Legend","Preach"
"John Legend","Used To Love You"
"John Lennon","(Just Like) Starting Over"
"John Lennon","Beautiful Boy"
"John Lennon","Give Peace A Chance"
"John Lennon","I'm Losing You"
"John Lennon","Imagine"
"John Lennon","Instant Karma"
"John Lennon","Jealous Guy"
"John Lennon","Watching The Wheels"
"John Lennon","Whatever Gets You Thru The Night"
"John Lennon","Woman"
"John Lennon","Working Class Hero"
"John Lennon & Yoko Ono","Happy Xmas (War Is Over)"
"John Leyton","Johnny Remember Me"
"John Leyton","Wild Wind"
"John Martin","Anywhere For You"
"John Martyn","May You Never"
"John Mayer","Belief"
"John Mayer","Bigger Than My Body"
"John Mayer","Clarity"
"John Mayer","Come Back To Bed"
"John Mayer","Daughters"
"John Mayer","Half of My Heart"
"John Mayer","Home Life"
"John Mayer","Moving On And Getting Over"
"John Mayer","Neon"
"John Mayer","New Deep"
"John Mayer","No Such Thing"
"John Mayer","Say"
"John Mayer","Something's Missing"
"John Mayer","Split Screen Sadness"
"John Mayer","Waiting On The World To Change"
"John Mayer","Wheels"
"John Mayer","Why Georgia"
"John Mellencamp","Jack And Diane"
"John Newman","Cheating"
"John Newman","Come and Get It"
"John Newman","Losing Sleep"
"John Newman","Love Me Again"
"John Newman","Tribute"
"John Newman Feat. Charlie Wilson","Tiring Game"
"John Parr","St. Elmos Fire"
"John Paul Young","Love Is In The Air"
"John Waite","Missing You"
"Johnnie Ray","Just Walkin' In The Rain"
"Johnnie Ray","Yes Tonight Josephine"
"Johnny Burnette","Dreamin'"
"Johnny Burnette","You're Sixteen"
"Johnny Cash","25 Minutes To Go"
"Johnny Cash","A Boy Named Sue"
"Johnny Cash","A Thing Called Love"
"Johnny Cash","Big River"
"Johnny Cash","Cocaine Blues"
"Johnny Cash","Cry! Cry! Cry!"
"Johnny Cash","Folsom Prison Blues"
"Johnny Cash","Get Rhythm"
"Johnny Cash","Guess Things Happen That Way"
"Johnny Cash","Hurt"
"Johnny Cash","I Walk The Line"
"Johnny Cash","I've Been Everywhere"
"Johnny Cash","Man In Black"
"Johnny Cash","One Piece At A Time"
"Johnny Cash","Personal Jesus"
"Johnny Cash","Ring Of Fire"
"Johnny Cash","San Quentin"
"Johnny Cash","The Man Comes Around"
"Johnny Cash (Duet With June Carter)","Jackson"
"Johnny Hallyday","Allumer le feu"
"Johnny Hallyday","Marie"
"Johnny Hates Jazz","Shattered Dreams"
"Johnny Kid & The Pirates","Shakin' All Over"
"Johnny Logan","Hold Me Now"
"Johnny Logan","What's Another Year"
"Johnny Mathis","A Certain Smile"
"Johnny Mathis","Have Yourself A Merry Little Christmas"
"Johnny Mathis","Small World"
"Johnny Mathis","The Twelfth Of Never"
"Johnny Mathis","Too Much Too Little Too Late"
"Johnny Mathis","What Will My Mary Say"
"Johnny Mathis","When A Child Is Born"
"Johnny Nash","I Can See Clearly Now"
"Johnny Nash","Tears On My Pillow"
"Johnny Preston","Running Bear"
"Johnny Rivers","Poor Side Of Town"
"Johnny Tillotson","Poetry In Motion"
"Johnny Walker,  Mohammed Rafi and Geeta Dutt","Ye Hai Bombay Meri Jaan"
"Joji","Glimpse Of Us"
"Joji","Slow Dancing In The Dark"
"JoJo","Leave (Get Out)"
"JoJo","Too Little, Too Late"
"JoJo feat. Bow Wow","Baby It's You (Remix)"
"JoJo Siwa","D.R.E.A.M."
"JoJo Siwa","High Top Shoes"
"JoJo Siwa","Kid In A Candy Store"
"Jon Secada","Just Another Day"
"Jona Lewie","Stop The Cavalry"
"Jonas Blue","Polaroid (Feat. Liam Payne & Lennon Stella)"
"Jonas Blue And Louisa Johnson","Always Be There"
"Jonas Blue Feat. Dakota","Fast Car"
"Jonas Blue Feat. Jack & Jack","Rise"
"Jonas Blue Feat. Joe Jonas","I See Love"
"Jonas Blue Feat. JP Cooper","Perfect Strangers"
"Jonas Blue Feat. RAYE","By Your Side"
"Jonas Blue Feat. William Singe","Mama"
"Jonas Blue, LEON","Hear Me Say"
"Jonas Blue, Why Don't We","Don't Wake Me Up"
"Jonas Brothers","Burnin' Up"
"Jonas Brothers","Cool"
"Jonas Brothers","Lovebug"
"Jonas Brothers","Only Human"
"Jonas Brothers","Pushin' Me Away"
"Jonas Brothers","Sucker"
"Jonas Brothers","What A Man Gotta Do"
"Jonas Brothers & Karol G","X"
"Jonasu","Black Magic"
"Jones Spike","All I Want For Christmas is My Two Front Teeth"
"Joni Mitchell","Big Yellow Taxi"
"Joni Mitchell","Both Sides Now (2000 Version)"
"Joni Mitchell","California"
"Jordin Sparks","Battlefield"
"Jordin Sparks","I Am Woman"
"Jordin Sparks","SOS (Let The Music Play)"
"Jordin Sparks","Tattoo"
"Jordin Sparks Feat. Chris Brown","No Air"
"Jorja Smith","Falling Or Flying"
"Jorja Smith","Price Of It All (Bait Series)"
"Jorja Smith","What's Done Is Done"
"Jorja Smith Feat. Burna Boy","Be Honest"
"Jorja Smith Feat. Stormzy","Let Me Down"
"José Feliciano","Feliz Navidad"
"Jose Gonzalez","Heartbeats"
"José José","Amar Y Querer"
"Joseph & The Amazing Technicolour Dreamcoat ","Close Every Door To Me"
"Joseph and the Amazing Technicolour Dreamcoat (Musical)","Any Dream Will Do"
"Joseph Attieh","Hobb W Mkattar"
"Josh Groban","Ave Maria"
"Josh Groban","February Song"
"Josh Groban","The Prayer"
"Josh Groban","You Raise Me Up"
"Josh Turner","All Over Me"
"Josh Turner","Your Man"
"Joshua Kadison","Jessie"
"Joshua Radin","I'd Rather Be With You"
"Joss Stone","All The King's Horses"
"Joss Stone","Don't Cha Wanna Ride"
"Joss Stone","Fell In Love With A Boy"
"Joss Stone","I Had A Dream"
"Joss Stone","I've Fallen In Love With You"
"Joss Stone","Jet Lag"
"Joss Stone","Right To Be Wrong"
"Joss Stone","Some Kind Of Wonderful"
"Joss Stone","Spoiled"
"Joss Stone","Super Duper Love"
"Joss Stone","The Chokin' Kind"
"Joss Stone","You Had Me"
"Journey","Any Way You Want It"
"Journey","Don't Stop Believin'"
"Journey","Open Arms"
"Journey","Separate Ways"
"Jovanotti","A te"
"Joy Crookes","Feet Don't Fail Me Now"
"Joy Division","Atmosphere"
"Joy Division","Love Will Tear Us Apart"
"Joy Division","Transmission"
"Joy Divison","She's Lost Control"
"Joyner Lucas","Will"
"JP Cooper","Passport Home"
"JP Cooper","September Song"
"JP Cooper","She's On My Mind"
"Juan Luis Guerra","Burbujas De Amor"
"Juan Luis Guerra","Todo Tiene Su Hora"
"Juanes","La camisa negra"
"Juanes","La Paga"
"Juanes","Mala Gente"
"Juanes","Me Enamora"
"Judas Priest","Breaking The Law"
"Judy Garland","Come Rain Or Shine"
"Judy Garland","Get Happy"
"Juice WRLD","Lucid Dreams"
"Juice WRLD, Justin Bieber","Wandered To LA"
"Julia Michaels","Issues"
"Julian Cope","World Shut Your Mouth"
"Julian Lennon","Saltwater"
"Julie Andrews","A Spoonful Of Sugar"
"Julie Zenatti","Si Je M'en Sors"
"Julien Doré","Paris-Seychelles"
"Julio Bashmore Feat. Sam Dew","Holding On"
"Julio Iglesias","Amor, Amor, Amor"
"Julio Iglesias","Begin The Beguine"
"Julio Iglesias","Guantanamera"
"Julio Iglesias","La Cumparsita"
"Julio Iglesias","La Paloma"
"Julio Iglesias","Latino Medley"
"Julio Iglesias & Willie Nelson","To All The Girls I've Loved Before"
"Jung Kook","Never Let Go"
"Jung Kook","Standing Next To You"
"Jung Kook","Yes Or No"
"Jung Kook feat. Jack Harlow","3D"
"Jungle","Back On 74"
"Junior Campbell","Hallelujah Freedom"
"Junior Senior","Move Your Feet"
"Jurassic 5","Concrete Schoolyard"
"Just Jack","Starz In Their Eyes"
"Justice","D.A.N.C.E."
"Justice Vs Simian","We Are Your Friends"
"Justin Bieber","Anyone"
"Justin Bieber","Boyfriend"
"Justin Bieber","Daisies"
"Justin Bieber","Ghost"
"Justin Bieber","Heartbreaker"
"Justin Bieber","I'll Show You"
"Justin Bieber","Intentions"
"Justin Bieber","Love Me"
"Justin Bieber","Love Yourself"
"Justin Bieber","Mistletoe"
"Justin Bieber","Never Let You Go"
"Justin Bieber","One Time"
"Justin Bieber","Pray"
"Justin Bieber","Somebody To Love"
"Justin Bieber","Sorry"
"Justin Bieber","U Smile"
"Justin Bieber","What Do You Mean"
"Justin Bieber","Yummy"
"Justin Bieber & BloodPop","Friends"
"Justin Bieber & Chance the Rapper","Holy"
"Justin Bieber feat. Don Toliver","Honest"
"Justin Bieber Feat. Jayden Smith","Never Say Never"
"Justin Bieber Feat. Ludacris","Baby"
"Justin Bieber feat. Nicki Minaj","Beauty and a Beat"
"Justin Bieber Feat. Rascal Flatts","That Should Be Me"
"Justin Bieber, Daniel Caesar, Giveon","Peaches"
"Justin Hayward (Jeff Wayne's War of the Worlds)","Forever Autumn"
"Justin Timberlake","Can't Stop The Feeling"
"Justin Timberlake","Cry Me A River"
"Justin Timberlake","Drown"
"Justin Timberlake","Like I Love You"
"Justin Timberlake","Lovestoned"
"Justin Timberlake","Mirrors"
"Justin Timberlake","My Love"
"Justin Timberlake","Rock Your Body"
"Justin Timberlake","Selfish"
"Justin Timberlake","Senorita"
"Justin Timberlake","SexyBack"
"Justin Timberlake","Take Back The Night"
"Justin Timberlake","What Goes Around"
"Justin Timberlake Feat. Jay-Z","Suit & Tie"
"Justin Wellington, Small Jam","Iko Iko (My Bestie)"
"JVKE","Clouds"
"JVKE","Golden Hour"
"JVKE","Pretty"
"K.D. Lang","Constant Craving"
"K/DA","Popstars"
"Kaabil","Haseeno Ka Deewana"
"Kacey Musgraves","Follow Your Arrow"
"Kai Po Che","Shubhaarambh"
"Kaiser Chiefs","Beautiful Girl"
"Kaiser Chiefs","Every Day I Love You Less And Less"
"Kaiser Chiefs","I Predict A Riot"
"Kaiser Chiefs","Never Miss A Beat"
"Kaiser Chiefs","Oh My God"
"Kaiser Chiefs","Ruby"
"Kajagoogoo","Too Shy"
"Kali Uchis","Telepatía"
"Kansas","Carry On Wayward Son"
"Kanye West","Heartless"
"Kanye West","Jesus Walks"
"Kanye West","Love Lockdown"
"Kanye West","Stronger"
"Kanye West","Touch The Sky"
"Kanye West Feat. Chris Martin","Homecoming"
"Kanye West Feat. Dwele","Flashing Lights"
"Kanye West Feat. Jamie Foxx","Gold Digger"
"Kanye West Feat. Paul McCartney","Only One"
"Kanye West Feat. Theophilus London, Allan Kingdom & Paul McCartney","All Day"
"Kanye West Feat. T-Pain","Good Life"
"Kaoma","Lambada"
"Kapoor & Sons","Kar Gayi Chull"
"Karan Aujla","Tauba Tauba"
"Karen Harding","Say Something"
"Karen Souza","Smooth Operator"
"Karen Young","Nobody's Child"
"Karmin","Brokenhearted"
"Karol G","MI EX TENÍA RAZÓN"
"Karol G & Nicki Minaj","Tusa"
"Karol G & Peso Pluma","QLONA"
"Karyn White","Superwoman"
"Kasabian","Eez-eh"
"Kasabian","Empire"
"Kasabian","Fire"
"Kasabian","Goodbye Kiss"
"Kasabian","Shoot The Runner"
"Kasabian","Where Did All The Love Go"
"Kasabian","You're In Love With A Psycho"
"Kasey Chambers","Not Pretty Enough"
"Kate Bush","Army Dreamers"
"Kate Bush","Babooshka"
"Kate Bush","Cloudbusting"
"Kate Bush","Hounds Of Love"
"Kate Bush","James and the Cold Gun"
"Kate Bush","L’ Amour Looks Something Like You"
"Kate Bush","Love And Anger"
"Kate Bush","Moving"
"Kate Bush","Oh To Be In Love"
"Kate Bush","Running Up That Hill (A Deal With God)"
"Kate Bush","The Man With The Child In His Eyes"
"Kate Bush","This Woman's Work"
"Kate Bush","Wild Man"
"Kate Bush","Wow"
"Kate Bush","Wuthering Heights"
"Kate Nash","Foundations"
"Kate Nash","Mouthwash"
"Kate Ryan","Libertine"
"Kate Winslet","What If"
"Kathem Al Saher","Zidini"
"Katie Melua","Call Off The Search"
"Katie Melua","Closest Thing To Crazy"
"Katie Melua","Crawling Up A Hill"
"Katie Melua","Nine Million Bicycles"
"Katie Melua","Wonderful Life"
"Katrina And The Waves","Love Shine A Light"
"Katrina And The Waves","Walking On Sunshine"
"KATSEYE","Internet Girl"
"KATSEYE","Touch"
"Katy B","5am"
"Katy B","Broken Record"
"Katy B","Crying For No Reason"
"Katy B","Easy Please Me"
"Katy B","Katy On A Mission"
"Katy B","Witches' Brew"
"Katy B Feat. Ms. Dynamite","Lights On"
"Katy Perry","Bandaids"
"Katy Perry","Birthday"
"Katy Perry","California Gurls"
"Katy Perry","Circle The Drain"
"Katy Perry","Daisies"
"Katy Perry","E.T."
"Katy Perry","Firework"
"Katy Perry","Hot N Cold"
"Katy Perry","I Kissed A Girl"
"Katy Perry","Last Friday Night (T.G.I.F)"
"Katy Perry","Legendary Lovers"
"Katy Perry","Lifetimes"
"Katy Perry","Never Really Over"
"Katy Perry","Never Worn White"
"Katy Perry","One Of The Boys"
"Katy Perry","Part Of Me"
"Katy Perry","Peacock"
"Katy Perry","Rise (Olympic Song)"
"Katy Perry","Roar"
"Katy Perry","Small Talk"
"Katy Perry","Teenage Dream"
"Katy Perry","The One That Got Away"
"Katy Perry","Thinking Of You"
"Katy Perry","This Is How We Do"
"Katy Perry","Unconditionally"
"Katy Perry","Waking Up In Vegas"
"Katy Perry","Wide Awake"
"Katy Perry","Woman's World"
"Katy Perry Feat. Juicy J","Dark Horse"
"Katy Perry Feat. Migos","Bon Appetit"
"Katy Perry Feat. Skip Marley","Chained To The Rhythm"
"KC & The Sunshine Band","Give It Up"
"KC & The Sunshine Band","Please Don't Go"
"KC & The Sunshine Band","That's The Way (I Like It)"
"KDA Feat. Tinie Tempah and Katy B","Turn The Music Louder (Rumble)"
"Keane","Bedshaped"
"Keane","Bend And Break"
"Keane","Can't Stop Now"
"Keane","Crystal Ball"
"Keane","Everybody's Changing"
"Keane","She Has No Time"
"Keane","Silenced By The Night"
"Keane","Somewhere Only We Know"
"Keane","Spiralling"
"Keane","Sunshine"
"Keane","The Lovers Are Losing"
"Keane","The Way I Feel"
"Keane","This Is The Last Time"
"Keane","Untitled 1"
"Keane","We Might As Well Be Strangers"
"Keane","Your Eyes Open"
"Kedarnath","Sweetheart"
"Kehlani","Folded"
"Keiino","Spirit In The Sky (Eurovision 2019)"
"Keith Sweat Feat. Athena Cage","Nobody"
"Keith Urban","John Cougar, John Deere, John 316"
"Keith Urban","Somebody Like You"
"Keith Urban","You'll Think Of Me"
"Keith Urban Feat. Carrie Underwood","The Fighter"
"Keith Urban Feat. Julia Michaels","Coming Home"
"Keith Whitley","Don't Close Your Eyes"
"Kelis","Acapella"
"Kelis","Caught Out There (I Hate You)"
"Kelis","Midnight Snacks"
"Kelis","Milkshake"
"Kelis","Millionaire"
"Kelis","Trick Me"
"Kelly Clarkson","Beautiful Disaster (Live)"
"Kelly Clarkson","Because Of You"
"Kelly Clarkson","Behind These Hazel Eyes"
"Kelly Clarkson","Breakaway"
"Kelly Clarkson","Cry"
"Kelly Clarkson","Dark Side"
"Kelly Clarkson","Gone"
"Kelly Clarkson","Heartbeat Song"
"Kelly Clarkson","Invincible"
"Kelly Clarkson","It's Quiet Uptown"
"Kelly Clarkson","lighthouse"
"Kelly Clarkson","Love So Soft"
"Kelly Clarkson","Meaning Of Life"
"Kelly Clarkson","Miss Independent"
"Kelly Clarkson","Mr. Know It All"
"Kelly Clarkson","My Life Would Suck Without You"
"Kelly Clarkson","Piece By Piece"
"Kelly Clarkson","Since U Been Gone"
"Kelly Clarkson","Stronger (What Doesn't Kill You)"
"Kelly Clarkson","Underneath The Tree"
"Kelly Clarkson","Walk Away"
"Kelly Clarkson feat. Steve Martin","I Hate Love"
"Kelly Marie","Feels Like I'm In Love"
"Kelly Rowland","Keep It Between Us"
"Kelly Rowland","Stole"
"Kelly Rowland Feat. David Guetta","Commander"
"Kelly Rowland Feat. Lil Wayne","Motivation"
"Ken Boothe","Everything I Own"
"Ken Dodd","Happiness"
"Ken Dodd","Promises"
"Ken Dodd","Tears"
"Kendji Girac","Andalouse"
"Kendji Girac","Color Gitano"
"Kendji Girac","Les yeux de la mama"
"Kendrick Lamar","Humble"
"Kendrick Lamar","i"
"Kendrick Lamar","King Kunta"
"Kendrick Lamar","Not Like Us"
"Kendrick Lamar","Squabble Up"
"Kendrick Lamar","TV Off"
"Kendrick Lamar & SZA","All The Stars"
"Kenny Chesney","Beer In Mexico"
"Kenny Lattimore","For You"
"Kenny Loggins","Danger Zone"
"Kenny Loggins","Footloose"
"Kenny Rogers","Coward Of The County"
"Kenny Rogers","Just Dropped In (To See What Condition My Condition Was In)"
"Kenny Rogers","Lady"
"Kenny Rogers","Lucille"
"Kenny Rogers","The Gambler"
"Kenny Rogers & The First Edition","Ruby Don't Take Your Love To Town"
"Kent Jones","Don't Mind"
"Kenya Grace","Someone Else"
"Kenya Grace","Strangers"
"Keri Hilson Feat. Kanye West & Ne-Yo","Knock You Down"
"Kermit","Rainbow Connection"
"Kermit The Frog","It Ain't Easy Being Green"
"Kesha","Blah Blah Blah"
"Kesha","Blow"
"Kesha","Boy Crazy"
"Kesha","C'Mon"
"Kesha","DELUSIONAL"
"Kesha","Die Young"
"Kesha","Holiday Road"
"Kesha","Praying"
"Kesha","The One"
"Kesha","This Is Me (The Greatest Showman)"
"Kesha","Tik Tok"
"Kesha","We R Who We R"
"Kesha & T Pain","Yippee Ki Yay"
"Kesha Feat. will.i.am","Crazy People (Clean)"
"Kesha Feat. will.i.am","Crazy People (Explicit)"
"Kevin Lyttle","Turn Me On"
"Kevin Rudolf","Welcome To The World"
"Kevin Rudolf Feat. Lil Wayne","Let It Rock"
"Kevin Simm","All You Good Friends"
"Keyshia Cole","Love"
"Khakee","Dil Dhooba"
"Khaled","C'est la vie"
"Khalid","Better"
"Khalid","Ground"
"Khalid","Talk"
"Khalid","Young, Dumb & Broke"
"Khalid & Normani","Love Lies"
"Khalid Feat. Ty Dolla $ign and 6LACK","OTW"
"Khia","My Neck, My Back (Lick It)"
"Khiladi 786","Hookah Bar"
"Ki & Ka","High Heels Te Nachche"
"Kick The Moon","No More Shagging At The Weekend"
"Kid Creole & The Coconuts","Annie I'm Not Your Daddy"
"Kid Ink Feat. Usher & Tinashe","Body Language"
"Kid Ink, Tyga, Wale, YG and Rich Homie Quan","Ride Out"
"Kid Rock","All Summer Long"
"Kid Rock","American Bad Ass"
"Kid Rock","First Kiss"
"Kid Rock","Only God Knows Why"
"Kid Rock Feat. Sheryl Crow","Picture"
"Kids Karaoke","""1, 2, 3, 4, 5"""
"Kids Karaoke","""It's Raining, It's Pouring"""
"Kids Karaoke","""Teddy Bear, Teddy Bear"""
"Kids Karaoke","A Sailor Went To Sea"
"Kids Karaoke","Bananas In Pyjamas"
"Kids Karaoke","Bedtime Lullaby"
"Kids Karaoke","Boys And Girls Come Out To Play"
"Kids Karaoke","Cauliflower's Fluffy"
"Kids Karaoke","Curly Locks"
"Kids Karaoke","Daddy's Taking Us The Zoo Tomorrow"
"Kids Karaoke","Dappledown"
"Kids Karaoke","Diddle Diddle Dumpling"
"Kids Karaoke","Ding Dong Dell"
"Kids Karaoke","Dingle Dangle Scarecrow"
"Kids Karaoke","Do You Know the Muffin Man"
"Kids Karaoke","Five Currant Buns"
"Kids Karaoke","Five Little Ducks"
"Kids Karaoke","Five Little Speckled Frogs"
"Kids Karaoke","Five Pennies"
"Kids Karaoke","Golden Slumbers"
"Kids Karaoke","Goosey Goosey Gander"
"Kids Karaoke","Halfway Up In the Stars"
"Kids Karaoke","Head, Shoulders, Knees And Toes"
"Kids Karaoke","He's Got The Whole World In His Hands"
"Kids Karaoke","Hey Diddle Diddle"
"Kids Karaoke","Hickory Dickory Dock"
"Kids Karaoke","Horsey Horsey"
"Kids Karaoke","Hot Cross Buns"
"Kids Karaoke","How Much Is That Doggie"
"Kids Karaoke","Humpty Dumpty"
"Kids Karaoke","Hush Little Baby"
"Kids Karaoke","I Am The Music Man"
"Kids Karaoke","I Can Sing a Rainbow"
"Kids Karaoke","I Hear Thunder"
"Kids Karaoke","I Ride My Little Bicycle"
"Kids Karaoke","I See the Moon"
"Kids Karaoke","If You're Happy And You Know It"
"Kids Karaoke","I'm a Little Teapot"
"Kids Karaoke","Incy Wincy Spider"
"Kids Karaoke","Jelly On a Plate"
"Kids Karaoke","Kum Ba Yah"
"Kids Karaoke","Lavender's Blue"
"Kids Karaoke","Little Bo Peep"
"Kids Karaoke","Little Boy Blue"
"Kids Karaoke","Looby Loo"
"Kids Karaoke","Mary Had a Little Lamb"
"Kids Karaoke","Mary Mary, Quite Contrary"
"Kids Karaoke","Michael Row the Boat Ashore"
"Kids Karaoke","Michael, Row The Boat Ashore"
"Kids Karaoke","Miss Polly Had a Dolly"
"Kids Karaoke","Oh Susanna"
"Kids Karaoke","Old MacDonald Had A Farm"
"Kids Karaoke","One Finger One Thumb"
"Kids Karaoke","One Man Went to Mow"
"Kids Karaoke","One, Two, Three, Four, Five (Once I Caught A Fish Alive)"
"Kids Karaoke","Oranges And Lemons"
"Kids Karaoke","Pat A Cake, Pat A Cake"
"Kids Karaoke","Polly Put The Kettle On"
"Kids Karaoke","Polly Wolly Doodle"
"Kids Karaoke","Postman Pat"
"Kids Karaoke","Ride a Cock Horse"
"Kids Karaoke","Ring a Ring Of Roses"
"Kids Karaoke","Round & Round the Garden"
"Kids Karaoke","Row, Row, Row Your Boat"
"Kids Karaoke","She'll Be Coming 'Round The Mountain"
"Kids Karaoke","Sing a Song Of Sixpence"
"Kids Karaoke","Six Little Ducks"
"Kids Karaoke","Skip To My Lou"
"Kids Karaoke","Teddy Bear's Picnic"
"Kids Karaoke","Teletubbies"
"Kids Karaoke","Tell Me a Story"
"Kids Karaoke","Ten Fat Sausages"
"Kids Karaoke","Ten Green Bottles"
"Kids Karaoke","The Alphabet Song"
"Kids Karaoke","The Animals Went In Two By Two"
"Kids Karaoke","The Farmer's In His Den"
"Kids Karaoke","The Runaway Train"
"Kids Karaoke","The Ugly Duckling"
"Kids Karaoke","The Wheels On The Bus"
"Kids Karaoke","This Old Man"
"Kids Karaoke","Three Blind Mice"
"Kids Karaoke","Thumbelina"
"Kids Karaoke","Time To Go To Sleep"
"Kids Karaoke","Tom Tom the Piper's Son"
"Kids Karaoke","TOMMY THUMB"
"Kids Karaoke","Twinkle Twinkle Little Star"
"Kids Karaoke","Waltzing Matilda"
"Kids Karaoke","We Went To the Animal Fair"
"Kids Karaoke","Wee Willie Winkie"
"Kids Karaoke","Wind The Bobbin Up"
"Kids Karaoke","With My Foot"
"Kids United","L'oiseau et l'enfant"
"Kids United","On écrit sur les murs"
"Kiefer Sutherland","Something You Love"
"Kiesza","Giant In My Heart"
"Kiesza","Hideaway"
"Kiesza","No Enemiesz"
"Kiki Dee","Amoureuse"
"Kiki Dee","I've Got The Music In Me"
"Kiki Dee","Star"
"Killian Scott","Eurydice (from KAOS)"
"Kim Carnes","Bette Davis Eyes"
"Kim Kardashian","Jam (Turn It Up)"
"Kim Wilde","Cambodia"
"Kim Wilde","Kids In America"
"Kim Wilde","You Came"
"Kim Wilde","You Keep Me Hangin' On"
"Kimbra","Settle Down"
"King","Love & Pride"
"King Africa","La Bomba"
"Kings of Leon","Back Down South"
"Kings of Leon","Beautiful War"
"Kings Of Leon","Crawl"
"Kings of Leon","Fans"
"Kings of Leon","Four Kicks"
"Kings of Leon","Manhattan"
"Kings of Leon","Molly's Chambers"
"Kings of Leon","Notion"
"Kings of Leon","On Call"
"Kings of Leon","Pyro"
"Kings of Leon","Radioactive"
"Kings of Leon","Revelry"
"Kings of Leon","Sex On Fire"
"Kings of Leon","The Bucket"
"Kings of Leon","Use Somebody"
"Kings of Leon","Waste A Moment"
"Kirk Franklin","Hello Fear"
"Kirk Franklin","I Smile"
"Kirsty MacColl","A New England"
"Kirsty MacColl","Days"
"Kirsty MacColl","In These Shoes"
"Kirsty MacColl","There's A Guy Works Down The Chip Shop"
"Kishore Kumar, Lata Mangeshkar","Panna Ki Tamanna"
"Kiss","Black Diamond"
"Kiss","Calling Dr. Love"
"Kiss","Crazy Nights"
"Kiss","Detroit Rock City"
"Kiss","God Gave Rock & Roll To You"
"Kiss","I Was Made For Lovin' You"
"Kiss","King Of The Night Time World"
"Kiss","Love Gun"
"Kiss","Rock And Roll All Nite"
"Kiss","Shout It Out Loud"
"Kiss Of Life","Sticky"
"KK, Pritam, Yo Yo Honey & Sefali Alvares","Party On My Mind"
"Klangkarussell Feat. Will Heard","Sonnentanz (Sun Don't Shine)"
"Klara Hammarström","On and On and On"
"Klaxons","It's Not Over Yet"
"KLF & Tammy Wynette","Justified & Ancient"
"K'Naan","Wavin' Flag"
"Kodak Black Feat. Travis Scott & Offset","Zeze"
"Kodaline","All I Want"
"Kodaline","Love Like This"
"Kodaline","The One"
"Koffee","Toast"
"Kona","Megher Gaye Nupur paye Nache Borosha"
"KONGOS","Come With Me Now"
"Kool & The Gang","Celebration"
"Kool & The Gang","Cherish"
"Kool & The Gang","Get Down On It"
"Kool & The Gang","Joanna"
"Kool & The Gang","Jungle Boogie"
"Korn","Freak On A Leash"
"Kraftwerk","The Model"
"Krept & Konan Feat. Jeremih","Freak Of The Week"
"Kris Kristofferson","Me & Bobby McGee"
"Krishane Feat. Melissa Steel","Drunk and Incapable"
"Kristina Si","Мне не смешно"
"Krrish 3","Dil Tu Hi Bataa"
"Krrish 3","Raghupati Raghav"
"KT Tunstall","Another Place To Fall"
"KT Tunstall","Black Horse And The Cherry Tree"
"KT Tunstall","Hold On"
"KT Tunstall","Other Side Of The World"
"KT Tunstall","Suddenly I See"
"Kuch Kuch Hota Hai","Kuch Kuch Hota Hai"
"Kula Shaker","Hey Dude"
"Kumar Sanu & Lata Mangeshkar","Tujhe Dekha Toh Yeh Jana Sanam"
"Kungs vs. Cookin' On 3 Burners","This Girl"
"KWS","Please Don't Go"
"Kygo & Ellie Goulding","First Time"
"Kygo & Rita Ora","Carry On"
"Kygo & Selena Gomez","It Ain't Me"
"Kygo & Whitney Houston","Higher Love"
"Kygo feat. Ava Max","Whatever"
"Kygo Feat. Conrad","Firestone"
"Kygo Feat. Ella Henderson","Here For You"
"Kygo Feat. Maty Noyes","Stay"
"Kygo Feat. Parson James","Stole The Show"
"Kylie Minogue","2 Hearts"
"Kylie Minogue","All The Lovers"
"Kylie Minogue","Aphrodite"
"Kylie Minogue","Better Than Today"
"Kylie Minogue","Better The Devil You Know"
"Kylie Minogue","Can't Get You Out Of My Head"
"Kylie Minogue","Come Into My World"
"Kylie Minogue","Confide In Me"
"Kylie Minogue","Dancing"
"Kylie Minogue","Fever"
"Kylie Minogue","Flower"
"Kylie Minogue","Get Outta My Way"
"Kylie Minogue","Give Me Just A Little More Time"
"Kylie Minogue","Got To Be Certain"
"Kylie Minogue","Hand On Your Heart"
"Kylie Minogue","Hold On To Now"
"Kylie Minogue","Hot In December"
"Kylie Minogue","I Believe In You"
"Kylie Minogue","I Should Be So Lucky"
"Kylie Minogue","I Was Gonna Cancel"
"Kylie Minogue","In Your Eyes"
"Kylie Minogue","Into The Blue"
"Kylie Minogue","Je Ne Sais Pas Pourquoi"
"Kylie Minogue","Lights Camera Action"
"Kylie Minogue","Love At First Sight"
"Kylie Minogue","On A Night Like This"
"Kylie Minogue","Padam Padam"
"Kylie Minogue","Red Blooded Woman"
"Kylie Minogue","Santa Baby"
"Kylie Minogue","Slow"
"Kylie Minogue","Someone For Me"
"Kylie Minogue","Spinning Around"
"Kylie Minogue","Step Back In Time"
"Kylie Minogue","Stop Me From Falling"
"Kylie Minogue","Tears On My Pillow"
"Kylie Minogue","Tension"
"Kylie Minogue","The Locomotion"
"Kylie Minogue","This Wheel's On Fire"
"Kylie Minogue","Timebomb"
"Kylie Minogue","What Do I Have To Do"
"Kylie Minogue","Wow"
"Kylie Minogue","XMAS"
"Kylie Minogue & Dua Lipa","Real Groove (Studio 2054 Remix)"
"Kylie Minogue & Jason Donovan","Especially For You"
"Kylie Minogue feat. Bebe Rexha & Tove Lo","My Oh My"
"Kylie Minogue, Jessie Ware","Kiss Of Life"
"Kylie Minogue, Years & Years","A Second To Midnight"
"Kyu Sakamoto","Sukiyaki"
"La Belle et la Bête","Gaston"
"La Factoria","Perdóname"
"La Oreja De Van Gogh","El Primer Dia del Resto de mi Vida"
"La Oreja De Van Gogh","Rosas"
"La Quinta Estación","El Sol No Regresa"
"La Quinta Estación","Me Muero"
"La Quinta Estación","Que Te Queria"
"La Roux","Bulletproof"
"La Roux","I'm Not Your Toy"
"La Roux","In For The Kill"
"La Roux","Let Me Down Gently"
"La Roux","Uptight Downtown"
"Labi Siffre","So Strong"
"Labrinth","Jealous"
"Labrinth","Last Time"
"Labrinth","Let It Be"
"Labrinth","Let The Sunshine"
"Labrinth","Mount Everest"
"Labrinth","Treatment"
"Labrinth","Where Love Lives"
"Labrinth Feat. Emeli Sande","Beneath Your Beautiful"
"Labrinth Feat. Tinie Tempah","Earthquake"
"LadBaby","I Love Sausage Rolls"
"Lady Antebellum","American Honey"
"Lady Antebellum","Dancing Away With My Heart"
"Lady Antebellum","Need You Now"
"Lady Gaga","Abracadabra"
"Lady Gaga","Again Again"
"Lady Gaga","Alejandro"
"Lady Gaga","Always Remember Us This Way (A Star Is Born)"
"Lady Gaga","Americano"
"Lady Gaga","Applause"
"Lady Gaga","Bad Romance"
"Lady Gaga","Beautiful, Dirty, Rich"
"Lady Gaga","Bloody Mary"
"Lady Gaga","Born This Way"
"Lady Gaga","Brown Eyes"
"Lady Gaga","Dance In The Dark"
"Lady Gaga","Disco Heaven"
"Lady Gaga","Disease"
"Lady Gaga","Eh Eh (Nothing Else I Can Say)"
"Lady Gaga","G.U.Y"
"Lady Gaga","Garden Of Eden"
"Lady Gaga","Hair"
"Lady Gaga","Hold My Hand"
"Lady Gaga","I'll Never Love Again (A Star Is Born)"
"Lady Gaga","Is That Alright (A Star Is Born)"
"Lady Gaga","Judas"
"Lady Gaga","Look What I Found (A Star Is Born)"
"Lady Gaga","Love Game"
"Lady Gaga","LoveDrug"
"Lady Gaga","Marry The Night"
"Lady Gaga","Million Reasons"
"Lady Gaga","Money Honey"
"Lady Gaga","Monster"
"Lady Gaga","Paparazzi"
"Lady Gaga","Perfect Illusion"
"Lady Gaga","Poker Face"
"Lady Gaga","So Happy I Could Die"
"Lady Gaga","Speechless"
"Lady Gaga","Stupid Love"
"Lady Gaga","Summerboy"
"Lady Gaga","The Cure"
"Lady Gaga","The Dead Dance"
"Lady Gaga","The Edge Of Glory"
"Lady Gaga","The Fame"
"Lady Gaga","The Queen"
"Lady Gaga","Venus"
"Lady Gaga","Why Did You Do That? (A Star Is Born)"
"Lady Gaga","You And I"
"Lady Gaga & Bradley Cooper","Shallow (A Star Is Born)"
"Lady Gaga and Bruno Mars","Die With A Smile"
"Lady Gaga and Tony Bennett","It Don't Mean A Thing (If It Ain't Got That Swing)"
"Lady Gaga Feat. Beyonce","Telephone"
"Lady Gaga Feat. Coby O'Donis","Just Dance"
"Lady Gaga Feat. R. Kelly","Do What U Want"
"Lady Gaga Feat. Space Cowboy","Starstruck"
"Lady Gaga, Ariana Grande","Rain On Me"
"Ladyhawke","Back Of The Van"
"Lana Del Rey","Arcadia"
"Lana Del Rey","Blue Jeans"
"Lana Del Rey","Born To Die"
"Lana Del Rey","Carmen"
"Lana Del Rey","Doin' Time"
"Lana Del Rey","High By the Beach"
"Lana Del Rey","Love"
"Lana Del Rey","Mariners Apartment Complex"
"Lana Del Rey","National Anthem"
"Lana Del Rey","Say Yes To Heaven"
"Lana Del Rey","Shades of Cool"
"Lana Del Rey","Summertime Sadness (Remix)"
"Lana Del Rey","Take Me Home, Country Roads"
"Lana Del Rey","The Grants"
"Lana Del Rey","Video Games"
"Lana Del Rey","West Coast"
"Lana Del Rey","Young and Beautiful"
"Lana Del Rey Feat. A$AP Rocky","Groupie Love"
"Lao Lang","Tong Zhuo De Ni"
"Lara Fabian","Je T'aime"
"Lara Fabian & Maurane","Tu Es Mon Autre"
"Las Ketchup","The Ketchup Song"
"Lata Mangeshkar","Aaj Phir Jeene Ki Tamanna Hai"
"Lata Mangeshkar","Ajeeb Dastan Hai Yeh"
"Lata Mangeshkar","Chalte Chalte"
"Lata Mangeshkar","Pyar Kiya To Darna Kya"
"Lata Mangeshkar And Roop Kumar Rathod","Tere Liye"
"Lata Mangeshkar, Shailendra Singh","Hum Tum Ek Kamre Mein Band Ho"
"Laura Branigan","Gloria"
"Laura Branigan","Self Control"
"Laura Marling","Rambling Man"
"Laura Mvula","Green Garden"
"Laura Pausini","La solitudine"
"Laura Pausini","Strani amori"
"Laura Pausini","Tra te e il mare"
"Laura Pausini Feat. Marc Anthony","Se Fué"
"Lauren Alaina","Georgia Peaches"
"Lauren Daigle","You Say"
"Lauren Spencer Smith","Fingers Crossed"
"Lauren Spencer Smith","Flowers"
"Lauryn Hill","(Doo Wop) That Thing"
"Lauryn Hill","Ex-Factor"
"Lauryn Hill","Oh Happy Days (Sister Act 2)"
"Lauryn Hill & Bob Marley","Turn Your Lights Down Low"
"Lauv","Steal The Show (from Elemental)"
"Lauv & Troye Sivan","I'm So Tired"
"Lawson","Juliet"
"Lawson","Learn To Love Again"
"Lawson","Money"
"Lawson","Roads"
"Lawson","Standing In The Dark"
"Lawson","Taking Over Me"
"Lawson","When She Was Mine"
"Lawson Feat. B.o.B","Brokenhearted"
"Le Grand Orchestre du Splendid","La salsa du démon"
"Le Livre de la Jungle","Il en faut peu pour être heureux"
"Le Roi Lion","Hakuna Matata"
"Le Roi Lion","L'histoire de la vie"
"Le Sserafim","Antifragile"
"Le Sserafim","EASY"
"Le Sserafim","Perfect Night"
"League of Legends & New Jeans","Gods"
"Leah McFall","I Will Survive"
"LeAnn Rimes","Blue"
"LeAnn Rimes","Can't Fight The Moonlight"
"LeAnn Rimes","Crazy"
"LeAnn Rimes","How Do I Live"
"LeAnn Rimes","How Do I Live (Dance Mix)"
"LeAnn Rimes","The Right Kind Of Wrong"
"LeAnn Rimes","The Right Kind Of Wrong (from Coyote Ugly)"
"LeAnn Rimes","The Story"
"LeAnn Rimes & Ronan Keating","Last Thing On My Mind"
"Leapy Lee","Little Arrows"
"Led Zeppelin","All My Love"
"Led Zeppelin","Black Dog"
"Led Zeppelin","Communication Breakdown"
"Led Zeppelin","Dancing Days"
"Led Zeppelin","Dazed & Confused"
"Led Zeppelin","D'yer Mak'er"
"Led Zeppelin","Fool In The Rain"
"Led Zeppelin","Good Times, Bad Times"
"Led Zeppelin","Houses Of The Holy"
"Led Zeppelin","Immigrant Song"
"Led Zeppelin","Kashmir"
"Led Zeppelin","Misty Mountain Hop"
"Led Zeppelin","Ramble On"
"Led Zeppelin","Rock & Roll"
"Led Zeppelin","Stairway To Heaven"
"Led Zeppelin","Whole Lotta Love"
"Lee Ann Womack","I Hope You Dance"
"Lee Brice","I Drive Your Truck"
"Lee Harding","Eye Of The Tiger"
"Lee Marvin","Wand'rin' Star"
"Lee Ryan","When I Think Of You"
"Legally Blonde The Musical","Omigod You Guys"
"Leif Garrett","I Was Made For Dancing"
"Leigh Anne","Dead and Gone"
"Leigh-Anne","Forbidden Fruit"
"Lemar","50/50"
"Lemar","If There's Any Justice"
"Lena","Satellite"
"Lena Martell","One Day At A Time"
"Lenka","The Show"
"Lenny Kravitz","American Woman"
"Lenny Kravitz","Fly Away"
"Lenny Kravitz","Heaven Help"
"Lenny Kravitz","It Ain’t Over ’til It’s Over"
"Lenny Kravitz","Low"
"Lenny Kravitz ","California"
"Lenny Kravitz ","I'll Be Waiting"
"Leo Sayer","Moonlighting"
"Leo Sayer","One Man Band"
"Leo Sayer","Thunder In My Heart"
"Leo Sayer","When I Need You"
"Leo Sayer","You Make Me Feel Like Dancing"
"Leon Jackson","When You Believe"
"Leon Russell","A Song For You"
"Leon Thomas","Mutt"
"Leona Lewis","A Moment Like This"
"Leona Lewis","Angel"
"Leona Lewis","Better In Time"
"Leona Lewis","Bleeding Love"
"Leona Lewis","Collide"
"Leona Lewis","Fire Under My Feet"
"Leona Lewis","Footprints In The Sand"
"Leona Lewis","Forgive Me"
"Leona Lewis","Happy"
"Leona Lewis","Here I Am"
"Leona Lewis","Homeless"
"Leona Lewis","Hurt"
"Leona Lewis","I Am"
"Leona Lewis","I Got You"
"Leona Lewis","I Will Be"
"Leona Lewis","I'm You"
"Leona Lewis","Lovebird"
"Leona Lewis","One More Sleep"
"Leona Lewis","Run"
"Leona Lewis","Stop Crying Your Heart Out"
"Leona Lewis","Take A Bow"
"Leona Lewis","The Best You Never Had"
"Leona Lewis","The First Time Ever I Saw Your Face"
"Leona Lewis","Thunder"
"Leona Lewis","Whatever It Takes"
"Leona Lewis","Yesterday"
"Leonard Cohen","Bird On The Wire"
"Leonard Cohen","So Long, Marianne"
"Leonard Cohen ","My Oh My"
"Les Dix Commandements","L'envie d'aimer"
"Les Miserables (Musical)","Bring Him Home"
"Les Miserables (Musical)","Castle On A Cloud"
"Les Miserables (Musical)","Come To Me"
"Les Miserables (Musical)","Do You Hear The People Sing?"
"Les Miserables (Musical)","Empty Chairs At Empty Tables"
"Les Miserables (Musical)","I Dreamed A Dream"
"Les Miserables (Musical)","Master Of The House"
"Les Miserables (Musical)","On My Own"
"Les Miserables (Musical)","Stars"
"Les Miserables (Musical)","Who Am I"
"Les Rita Mitsouko","Marcia Baïla"
"Lesley Gore","It's My Party"
"Let Loose","Crazy For You"
"Lethal Bizzle Feat. Diztortion","Fester Skank"
"Level 42","Lessons In Love"
"Level 42","Running In The Family"
"Level 42","Something About You"
"Lewis Capaldi","Almost"
"Lewis Capaldi","Before You Go"
"Lewis Capaldi","Bruises"
"Lewis Capaldi","Forever"
"Lewis Capaldi","Forget Me"
"Lewis Capaldi","Grace"
"Lewis Capaldi","Hold Me While You Wait"
"Lewis Capaldi","How I'm Feeling Now"
"Lewis Capaldi","Love The Hell Out Of You"
"Lewis Capaldi","Pointless"
"Lewis Capaldi","Someone You Loved"
"Lewis Capaldi","Something In The Heavens"
"Lewis Capaldi","Strangers"
"Lewis Capaldi","Survive"
"Lewis Capaldi","The Day That I Die"
"Lewis Capaldi","Wish You The Best"
"LFO (Lyte Funkie Ones)","Summer Girls"
"Li Yi Jun","Feng Zhong De Cheng Nuo"
"Li Zong Sheng","Fan Ren Ge"
"Liam Bailey","You Better Leave Me"
"Liam Gallagher","All You're Dreaming Of"
"Liam Gallagher","Chinatown"
"Liam Gallagher","Everything's Electric"
"Liam Gallagher","For What It's Worth"
"Liam Gallagher","Wall Of Glass"
"Liam Gallagher & John Squire","Mars To Liverpool"
"Liam Lynch","United States Of Whatever"
"Liam Payne","Bedroom Floor"
"Liam Payne & J. Balvin","Familiar"
"Liam Payne & Rita Ora","For You"
"Liam Payne Feat. Quavo","Strip That Down"
"Lianne La Havas","What You Don't Do"
"Liberación","Ese Loco Soy Yo"
"Liberty X","Just A Little"
"Lifehouse","Hanging By A Moment"
"Lighthouse Family","High"
"Lighthouse Family","Lifted"
"Lightning Seeds","Lucky You"
"Lightning Seeds","Perfect"
"Lightning Seeds","Pure"
"Lil Dicky","Earth"
"Lil Dicky Feat. Chris Brown","Freaky Friday"
"Lil Nas X","HOLIDAY"
"Lil Nas X","J CHRIST"
"Lil Nas X","MONTERO"
"Lil Nas X","Old Town Road"
"Lil Nas X","Panini"
"Lil Nas X","Star Walkin'"
"Lil Nas X Feat. Billy Ray Cyrus","Old Town Road (Remix)"
"Lil Tjay, 6LACK","Calling My Phone"
"Lil Wayne","How To Love"
"Lil Wayne Feat. Bruno Mars","Mirror"
"Lil Wayne, Wiz Khalifa & Imagine Dragons","Sucker For Pain"
"Lilly Wood & The Prick and Robin Schulz","Prayer In C (Robin Schulz Remix)"
"Lily Allen","22"
"Lily Allen","Air Balloon"
"Lily Allen","Alfie"
"Lily Allen","F**k You"
"Lily Allen","Hard Out Here"
"Lily Allen","Just Enough"
"Lily Allen","Littlest Things"
"Lily Allen","Never Gonna Happen"
"Lily Allen","Not Fair"
"Lily Allen","Our Time"
"Lily Allen","Pu**y Palace"
"Lily Allen","Smile"
"Lily Allen","Somewhere Only We Know"
"Lily Allen","The Fear"
"Lily Allen","Who'd Have Known"
"Lily James (Mamma Mia 2)","Andante Andante"
"Limahl","Never Ending Story"
"Limp Bizkit","Behind Blue Eyes"
"Limp Bizkit","Break Stuff"
"Limp Bizkit","My Generation"
"Limp Bizkit","My Way"
"Limp Bizkit","Nookie"
"Limp Bizkit","Rollin' (Air Raid Vehicle)"
"Limp Bizkit","Take A Look Around"
"Lin Zhi Xuan","Dan Shen Qing Ge"
"Linda Lampenius & Pete Parkkonen","Liekinheitin"
"Linda Ronstadt","Long Long Time"
"Linda Ronstadt","When Will I Be Loved"
"Linda Ronstadt & Aaron Neville ","Don't Know Much"
"Linda Ronstadt & James Ingram ","Somewhere Out There"
"Lindisfarne","Meet Me On the Corner"
"Lindisfarne","Run For Home"
"Lindsey Buckingham","Holiday Road"
"Linkin Park","Crawling"
"Linkin Park","Faint"
"Linkin Park","Friendly Fire"
"Linkin Park","In The End"
"Linkin Park","More The Victim"
"Linkin Park","New Divide"
"Linkin Park","Numb"
"Linkin Park","One More Light"
"Linkin Park","One Step Closer"
"Linkin Park","Papercut"
"Linkin Park","Somewhere I Belong"
"Linkin Park","The Emptiness Machine"
"Linkin Park","Waiting For The End"
"Linkin Park","What I've Done"
"Linkin Park Feat. Kiiara","Heavy"
"Lionel Richie","All Night Long"
"Lionel Richie","Angel"
"Lionel Richie","Ballerina Girl"
"Lionel Richie","Dancing On The Ceiling"
"Lionel Richie","Destiny"
"Lionel Richie","Hello"
"Lionel Richie","Lady"
"Lionel Richie","My Destiny"
"Lionel Richie","My Love"
"Lionel Richie","Penny Lover"
"Lionel Richie","Running With The Night"
"Lionel Richie","Say You, Say Me"
"Lionel Richie","Stuck On You"
"Lionel Richie","Truly"
"Lionel Richie","You Are"
"Lionel Richie With USA For Africa","We Are The World"
"Lipps Inc.","Funky Town"
"Lisa","Rockstar"
"Lisa feat. Rosalia","New Woman"
"Lisa Loeb","Stay I Missed You"
"Lisa Stansfield","All Around The World"
"Lissie","When I'm Alone"
"Lita Roza","How Much Is That Doggie In The Window"
"Little Big Town","Better Man"
"Little Big Town","Girl Crush"
"Little Boots","New In Town"
"Little Boots","Remedy"
"Little Jimmy Osmond","Long Haired Lover From Liverpool"
"Little Mix","Black Magic"
"Little Mix","Bounce Back"
"Little Mix","Break Up Song"
"Little Mix","Cannonball"
"Little Mix","Change Your Life"
"Little Mix","DNA"
"Little Mix","Hair"
"Little Mix","Holiday"
"Little Mix","How Ya Doin'?"
"Little Mix","Little Me"
"Little Mix","Love (Sweet Love)"
"Little Mix","Love Me Like You"
"Little Mix","Move"
"Little Mix","No"
"Little Mix","No More Sad Songs"
"Little Mix","Not A Pop Song"
"Little Mix","One I've Been Missing"
"Little Mix","Power"
"Little Mix","Salute"
"Little Mix","Shout Out To My Ex"
"Little Mix","Sweet Melody"
"Little Mix","Touch"
"Little Mix","Wasabi"
"Little Mix","Wings"
"Little Mix","Woman Like Me (Feat. Nicki Minaj)"
"Little Mix","Word Up"
"Little Mix","You Gotta Not"
"Little Mix Feat. Charlie Puth","Oops"
"Little Mix Feat. Jason Derulo","Secret Love Song"
"Little Mix Feat. Sharaya J","Strip"
"Little Mix Feat. Ty Dolla $ign","Think About Us"
"Little Richard","Good Golly Miss Molly"
"Little Richard","Long Tall Sally"
"Little Richard","The Girl Can't Help It"
"Little Richard","Tutti Frutti"
"Little Shop Of Horrors (Musical)","Dentist"
"Little Shop Of Horrors (Musical)","Feed Me"
"Little Shop Of Horrors (Musical)","Grow For Me"
"Little Shop Of Horrors (Musical)","Little Shop Of Horrors"
"Little Shop Of Horrors (Musical)","Skid Row"
"Little Shop Of Horrors (Musical)","Suddenly Seymour"
"Liu Dehua","Nanren Ku Ba Bushi Zui"
"Liu Dehua","Wang Qing Shui"
"Liu Huan","Shao Nian Zhuang Zhi Bu Yan Chou"
"Liu Ruo Ying","Wei Ai Chi Kuang"
"Liverpool Express","Every Man Must Have A Dream"
"Livin' Joy","Dreamer"
"Living End","Prisoner Of Society"
"Living In A Box","Living In A Box"
"Liz McClarnon","Woman In Love"
"Liza Minnelli","Money Money"
"Lizzie McGuire","What Dreams Are Made Of"
"Lizzo","2 Be Loved (Am I Ready)"
"Lizzo","About Damn Time"
"Lizzo","Good As Hell"
"Lizzo","Juice"
"Lizzo","Pink (Barbie The Movie)"
"Lizzo","Special"
"Lizzo","Truth Hurts"
"Lizzo","Worship"
"Lizzo, Cardi B","Rumors"
"LL Cool J Feat. Jennifer Lopez","Control Myself"
"LL Cool J.","Ain't Nobody"
"Lloyd Feat. Andre 3000 & Lil Wayne","Dedication To My Ex (Miss That)"
"LMFAO","One Day"
"LMFAO","Sexy And I Know It"
"LMFAO Feat. Lauren Bennett and Goonrock","Party Rock Anthem"
"LMFAO Feat. Natalia Kills","Champagne Showers"
"Lobo","Me & You & A Dog Named Boo"
"Loggins & Messina","Angry Eyes"
"Logic & Rag'N'Bone Man","Broken People"
"Logic Feat. Alessia Cara & Khalid","1-800-273-8255"
"Lola Índigo & Manuel Turizo","1000COSAS"
"Lola Young","Messy"
"Lola Young","One Thing"
"Lolly","Mickey"
"Lomepal","Yeux Disent"
"London Grammar","Nightcall"
"London Grammar","Rooting For You"
"London Grammar","Strong"
"L'One","Все танцуют локтями"
"Lonestar","Amazed"
"Lonestar","My Front Porch Looking In"
"Lonestar","Tequila Talkin'"
"Long John Baldry","It's Too Late Now"
"Long John Baldry","Let The Heartache Begin"
"Lonnie Donegan","My Old Mans A Dustman"
"Look Mum No Computer","Eins, Zwei, Drei"
"LOONA","365"
"Lootera","Sawaar Loon"
"Lorde","Green Light"
"Lorde","Man Of The Year"
"Lorde","Perfect Places"
"Lorde","Royals"
"Lorde","Solar Power"
"Lorde","Team"
"Lorde","Tennis Court"
"Lorde","What Was That"
"Lorde","Yellow Flicker Beat"
"Lordi","Hard Rock Hallelujah"
"Loreen","Euphoria"
"Loreen","Forever"
"Loreen","Is It Love"
"Loreen","Tattoo"
"Loren Allred","Never Enough (The Greatest Showman)"
"Loretta Lynn","Coal Miner's Daughter"
"Lorie","Je Serai (Ta Meilleure Amie)"
"Los Bravos","Black Is Black"
"Los Del Rio","Macarena"
"Los Lobos","La Bamba"
"Los Machucambos","Cuando calienta el sol"
"Los Machucambos","Pepito"
"Los Toreros Muetos","Mi Aquita Amarilla"
"Lost Frequencies","Are You With Me"
"Lost Frequencies","In My Bones"
"Lost Frequencies","Rise"
"Lost Frequencies Feat. Janieck Devy","Reality"
"Lou Bega","Mambo No. 5"
"Lou Reed","Perfect Day"
"Lou Reed","Satellite Of Love"
"Lou Reed","Vicious"
"Lou Reed","Walk On The Wild Side"
"Louane","Je vole"
"Louane","Jour 1"
"Loud Luxury Feat. Brando","Body"
"Louis Armstrong","A Kiss To Build A Dream"
"Louis Armstrong","Mame"
"Louis Armstrong","We Have All The Time In The World"
"Louis Armstrong","What A Wonderful World"
"Louis Armstrong","When The Saints Go Marching In"
"Louis Armstrong","When You Wish Upon A Star"
"Louis Dunford","The Angel (North London Forever)"
"Louis Prima","Buona sera"
"Louis Prima","Che la luna"
"Louis Tomlinson","Bigger Than Me"
"Louis Tomlinson","Imposter"
"Louis Tomlinson","Kill My Mind"
"Louis Tomlinson","Miss You"
"Louis Tomlinson & Steve Aoki","Just Hold On"
"Louis Tomlinson Feat. Bebe Rexha & Digital Farm Animals","Back To You"
"Louisa Johnson","Best Behaviour"
"Louisa Johnson","Forever Young"
"Louise","Stuck In The Middle With You"
"Louise Attaque","J't'emmène au vent"
"Love Affair","A Day Without Love"
"Love Affair","Bringing On Back The Good Times"
"Love Affair","Everlasting Love"
"Love Inc.","You're A Superstar"
"Love Unlimited","It May Be Winter Outside"
"Loveable Rogues","What A Night"
"Lovejoy","Normal People Things"
"Loveyatri - A Journey Of Love","Chogada Tara Chabila Tara Rangila Tara"
"Lovin' Spoonful","Daydream"
"Lower Than Atlantis","Emily"
"LP","Lost On You"
"LSD Feat. Sia, Diplo & Labrinth","No New Friends"
"LSD Feat. Sia, Diplo & Labrinth","Thunderclouds"
"Luciano Pavarotti","Ave Maria"
"Luciano Pavarotti","Granada"
"Luciano Pavarotti","Mamma"
"Luciano Pavarotti","Nessun Dorma"
"Luciano Pavarotti","O Sole Mio"
"Luciano Tajoli","Maria Mari"
"Lucie Jones","Never Give Up On You (United Kingdom Eurovision 2017)"
"Lucie Silvas","What You're Made Of"
"Lucio Battisti","E Penso A Te"
"Lucky Daye","Fly"
"Lucy Spraggan","Last Night"
"Ludacris","Stand Up"
"Ludacris & Nicki Minaj","My Chick Bad"
"Luis Enrique","Yo no sé mañana (salsa)"
"Luis Fonsi","Aqui estoy yo"
"Luis Fonsi & Daddy Yankee Feat. Justin Bieber","Despacito"
"Luis Fonsi, Demi Lovato","Échame La Culpa"
"Luis Mariano","Granada"
"Luis Miguel","Amor, Amor, Amor"
"Luis Miguel","El dia que me quieras"
"Luis Miguel","Historia De Un Amor"
"Luis Miguel","Perfidia"
"Luis Miguel","Sabor A Mi"
"Luis Miguel","Si Nos Dejan"
"Luis Miguel","Solamente una vez"
"Luis Miguel","Somos Novios"
"Lukas Graham","7 Years"
"Lukas Graham","Mama Said"
"Luke Bryan","Drink A Beer"
"Luke Bryan","I Don't Want This Night To End"
"Luke Bryan","Kick The Dust Up"
"Luke Bryan","Strip It Down"
"Luke Combs","Be By You"
"Luke Combs","Beautiful Crazy"
"Luke Combs","Beer Never Broke My Heart"
"Luke Combs","Even Though I'm Leaving"
"Luke Combs","Giving Her Away"
"Luke Combs","Sleepless In A Hotel Room"
"Luke Friend","Hole in my Heart"
"Lulu","Boom Bang-A-Bang"
"Lulu","Shout"
"Lulu","The Boat That I Row"
"Lulu","The Man With The Golden Gun"
"Lulu","To Sir With Love"
"Lulu Santos","Como Uma Onda"
"Lulu Santos","Papo Cabeça"
"Lulu Santos","Tudo Bem"
"LUMEN","Гореть"
"Lunay, Daddy Yankee, Bad Bunny","Soltera (Remix)"
"Lunchmoney Lewis","Bills"
"Luniz","I Got 5 On It"
"Lupe Fiasco Feat. Matthew Santos","Superstar"
"Lupe Fiasco Feat. Skylar Grey","Words I Never Said"
"Luscious Jackson","Ladyfingers"
"Luther Vandross","A House Is Not A Home"
"Luther Vandross","Ain't No Stopping Us Now"
"Luther Vandross","Always & Forever"
"Luther Vandross","Buy Me A Rose"
"Luther Vandross","Dance With My Father"
"Luther Vandross","Forever, For Always, For Love"
"Luther Vandross","Give Me The Reason"
"Luther Vandross","Here And Now"
"Luther Vandross","I Really Didn't Mean It"
"Luther Vandross","Impossible Dream"
"Luther Vandross","Killing Me Softly"
"Luther Vandross","Love The One You're With"
"Luther Vandross","Never Too Much"
"Luther Vandross","Searching"
"Luther Vandross","So Amazing"
"Luther Vandross","Stop To Love"
"Luther Vandross","Superstar"
"Luther Vandross","The Best Things In Life Are Free"
"Luther Vandross","The Glow Of Love"
"Luther Vandross","Your Secret Love"
"Luther Vandross & Cheryl Lynn","If This World Were Mine"
"Luz Casal","Historia De Un Amor"
"Luz Casal","Piensa en mi"
"Lykke Li","Highway To Your Heart"
"Lykke Li","No Rest For The Wicked"
"Lynn Anderson","Rose Garden"
"Lynne Hamilton","On The Inside"
"Lynyrd Skynyrd","Free Bird"
"Lynyrd Skynyrd","Simple Man"
"Lynyrd Skynyrd","Sweet Home Alabama"
"M","Pop Muzik"
"-M-","Je Dis Aime"
"M People","Moving On Up"
"M People","One Night In Heaven"
"M People","Search For The Hero"
"M. Pokora","Cette année-là"
"M.I.A.","Bad Girls"
"M.I.A.","Paper Planes"
"M.O & Kent Jones","Not In Love"
"M.O.","Who Do You Think Of"
"M.S. Dhoni: The Untold Story","Phir Kabhi"
"Mabel","Boyfriend"
"Mabel","Don't Call Me Up"
"Mabel","Let Them Know"
"Mabel","Love Me Gentle"
"Mabel","Mad Love"
"Mabel  Feat. Not3s","Fine Line"
"Mabel Feat. Kojo Funds","Finders Keepers"
"Mabel, Jax Jones, Galantis","Good Luck"
"Machine Gun Kelly","Don't Let Me Go"
"Macklemore & Ryan Lewis","Downtown"
"Macklemore & Ryan Lewis Feat. Ray Dalton","Can't Hold Us"
"Macklemore & Ryan Lewis Feat. Wanz","Thrift Shop"
"Macklemore Feat. Skylar Grey","Glorious"
"Macy Gray","I Try"
"Macy Gray","Still"
"Mad' House","Like A Prayer"
"Madcon","Beggin'"
"Madcon Feat. Ray Dalton","Don't Worry"
"Madeon","Finale"
"Madeon Feat. Passion Pit","Pay No Mind"
"Madison Avenue","Don't Call Me Baby"
"Madison Beer","15 Minutes"
"Madison Beer","Bad Enough"
"Madison Beer","Bittersweet"
"Madison Beer","Home To Another One"
"Madison Beer","Make You Mine"
"Madison Beer","Selfish"
"Madison Beer","Yes Baby"
"Madness","Baggy Trousers"
"Madness","Cardiac Arrest"
"Madness","Driving In My Car"
"Madness","Embarrassment"
"Madness","Grey Day"
"Madness","House Of Fun"
"Madness","It Must Be Love"
"Madness","Michael Caine"
"Madness","My Girl"
"Madness","Night Boat To Cairo"
"Madness","One Better Day"
"Madness","One Step Beyond"
"Madness","Our House"
"Madness","Shame And Scandal"
"Madness","Shut Up"
"Madness","The Sun And The Rain"
"Madness","Tomorrow's Just Another Day"
"Madness","Wings Of A Dove"
"Madonna","American Life"
"Madonna","American Pie"
"Madonna","Beautiful Stranger"
"Madonna","Borderline"
"Madonna","Celebration"
"Madonna","Cherish"
"Madonna","Crazy For You"
"Madonna","Danceteria"
"Madonna","Die Another Day"
"Madonna","Don't Tell Me"
"Madonna","Dress You Up"
"Madonna","Erotica"
"Madonna","Express Yourself"
"Madonna","Frozen"
"Madonna","Ghosttown"
"Madonna","Girl Gone Wild"
"Madonna","Give It 2 Me"
"Madonna","Hanky Panky"
"Madonna","Holiday"
"Madonna","Hollywood"
"Madonna","Hung Up"
"Madonna","I Feel So Free"
"Madonna","Into The Groove"
"Madonna","La Isla Bonita"
"Madonna","Like A Prayer"
"Madonna","Like A Virgin"
"Madonna","Live To Tell"
"Madonna","Living For Love"
"Madonna","Love Sensation"
"Madonna","Lucky Star"
"Madonna","Madonna Megamix"
"Madonna","Material Girl"
"Madonna","Music"
"Madonna","Open Your Heart"
"Madonna","Papa Don't Preach"
"Madonna","Power Of Goodbye"
"Madonna","Rain"
"Madonna","Ray Of Light"
"Madonna","Santa Baby"
"Madonna","Secret"
"Madonna","Sorry"
"Madonna","Take A Bow"
"Madonna","This Used To Be My Playground"
"Madonna","True Blue"
"Madonna","Vogue"
"Madonna","Who's That Girl"
"Madonna","You'll See"
"Madonna & Sabrina Carpenter","Bring Your Love"
"Madonna And Justin Timberlake","4 Minutes"
"Madonna Feat. Nicki Minaj","B-tch I'm Madonna"
"Madonna Feat. Nicki Minaj and M.I.A.","Give Me All Your Lovin'"
"Mae Muller","I Wrote A Song"
"Mae Muller","In My Head"
"Mae Stephens","Make Me Your Mrs"
"Mae Stephens & Meghan Trainor","Mr Right"
"Magic","Rude"
"Magic System","Magic In The Air"
"Magician Feat. Years  Years","Sunlight"
"Magnetic Man","I Need Air"
"Magnetic Man Feat. P Money","Anthemic"
"Mago De Oz","Fiesta Pagana"
"Mahalia","I Wish I Missed My Ex"
"Mahmood","Barrio"
"Mahmood","Soldi"
"Main Tera Hero","Besharmi Ki Height"
"Main Tera Hero","Palat (Tera Hero Idhar Hai)"
"Maître Gims","Bella"
"Maitre Gims Feat. Lil Wayne & French Montana","Corazon"
"Maja Ivarsson","Kamikaze Life"
"Majid Al Mohandis","Tenadeek"
"Majid Al Muhandis","Ana Haneet"
"Major Lazer Feat. Ellie Goulding and Tarrus Riley","Powerful"
"Major Lazer Feat. Justin Bieber and MØ","Cold Water"
"Major Lazer Feat. MØ & DJ Snake","Lean On"
"Major Lazer Feat. Nyla & Fuse ODG","Light It Up (Remix)"
"Major Lazer Feat. PARTYNEXTDOOR & Nicki Minaj","Run Up"
"Malcolm Roberts","May I Have The Next Dream With You"
"Maluma","Corazón"
"Maluma","Felices Los 4"
"Mama Cass","Dream A Little Dream"
"Mama Cass","It's Getting Better"
"Mamas & Papas","California Dreaming"
"Mamas & Papas","Creeque Alley"
"Mamas & Papas","Monday Monday"
"Mamma Mia","When I Kissed The Teacher"
"Mamta Sharma, Aishwarya Nigam","Munni Badnaam Hui"
"Man 2 Man Meets Man Parish","Male Stripper"
"Man Of La Mancha","The Impossible Dream"
"Maná","Labios Compartidos"
"Maná","Mi verdad"
"Maná","Oye Mi Amor"
"Maná","Rayando El Sol"
"Maná","Vivir sin aire"
"Mandam A'Leyk","Nawal Al Zoghbi"
"Maneskin","Gossip"
"Maneskin","Own My Mind"
"Maneskin","Timezone"
"Maneskin","Trastevere"
"Maneskin","Valentine"
"Måneskin","I Wanna Be Your Slave"
"Måneskin","ZITTI E BUONI"
"Manfred Mann","Do Wah Diddy"
"Manfred Mann","If You Gotta Go Go Now"
"Manfred Mann","Mighty Quinn"
"Manfred Mann","My Name Is Jack"
"Manfred Mann","Oh No Not My Baby"
"Manfred Mann","Pretty Flamingo"
"Manfred Mann","Ragamuffin Man"
"Manfred Mann's Earth Band","Davy's On The Road Again"
"Manhar Udhas, Anuradha Paudwal","Tu Mera Janu Hai"
"Manhattan Transfer","Chanson D'Amour"
"Manic Street Preachers","A Design For Life"
"Manic Street Preachers","If You Tolerate This"
"Manic Street Preachers","Motorcycle Emptiness"
"Manic Street Preachers","Orwellian"
"Manic Street Preachers","You Stole The Sun From My Heart"
"Mann Feat. 50 Cent","Buzzin'"
"Manolo Escobar","El porompompero"
"Mans Zelmerlow","Heroes"
"Mansun","Wide Open Space"
"Manu Chao","Bongo Bong"
"Manu Chao","Me Gustas Tu"
"Marc Almond","The Days Of Pearly Spencer"
"Marc Anthony","El Cantante"
"Marc Anthony","No Me Ames"
"Marc Anthony","Valió la pena (Salsa version)"
"Marc Anthony","Vivir mi vida"
"Marc Anthony, Will Smith, Bad Bunny","Esta Rico"
"Marco Antonio Solís","Recuérdame"
"Marco Masini","Perché lo fai"
"Marco Mengoni","L'essenziale"
"Marcus Butler Feat. Conor Maynard","I'm Famous"
"Marcus Collins","Seven Nation Army"
"Marcus Marr And Chet Faker","The Trouble With Us"
"Maren Morris","My Church"
"Mari Wilson","Cry Me A River"
"Maria Lawson","Sleepwalking"
"Maria McKee","Show Me Heaven"
"Mariah Carey","Against All Odds"
"Mariah Carey","All I Want For Christmas Is You"
"Mariah Carey","Always Be My Baby"
"Mariah Carey","Anytime You Need A Friend"
"Mariah Carey","Dream Lover"
"Mariah Carey","Emotions"
"Mariah Carey","Fantasy"
"Mariah Carey","Hero"
"Mariah Carey","Infinity"
"Mariah Carey","It's Like That"
"Mariah Carey","Love Takes Time"
"Mariah Carey","Music Box"
"Mariah Carey","Obsessed"
"Mariah Carey","Oh Santa!"
"Mariah Carey","Shake It Off"
"Mariah Carey","Someday"
"Mariah Carey","Thank God I Found You"
"Mariah Carey","The Art Of Letting Go"
"Mariah Carey","Through The Rain"
"Mariah Carey","Touch My Body"
"Mariah Carey","Vision Of Love"
"Mariah Carey","We Belong Together"
"Mariah Carey","Without You"
"Mariah Carey","You're Mine (Eternal)"
"Mariah Carey & Boyz II Men","One Sweet Day"
"Mariah Carey & Luther Vandross","Endless Love"
"Mariah Carey & Whitney Houston","When You Believe"
"Mariah Carey Feat. Jay Z","Heartbreaker"
"Mariah Carey Feat. Snoop Dog & Pharrell","Say Something"
"Marie Myriam","L'oiseau et l'enfant"
"Marie Osmond","Paper Roses"
"Marillion","Kayleigh"
"Marillion","Lavender"
"Marillion","Sugar Mice"
"Marillion","The Sky Above The Rain"
"Marillion","Warm Wet Circles"
"Marilyn Manson","Tainted Love"
"Marilyn Manson","The Beautiful People"
"Marilyn Monroe","Diamonds Are A Girl's Best Friend"
"Marilyn Monroe","I Wanna Be Loved By You"
"Marilyn Monroe","My Heart Belongs To Daddy"
"Marina And The Diamonds","(I Am Not A) Robot"
"Marina And The Diamonds","Hollywood"
"Marina And The Diamonds","Primadonna"
"Marina And The Diamonds","Radioactive"
"Marina And The Diamonds","Starring Role"
"Mario","Let Me Love You"
"Mario Winans","I Don't Wanna Know"
"Mark Ambor","Belong Together"
"Mark Knopfler","Cannibals"
"Mark Knopfler & James Taylor","Sailing To Philadelphia"
"Mark Morrison","Return Of The Mack"
"Mark Ronson & The Business Int","Bang Bang Bang"
"Mark Ronson Feat. Amy Winehouse","Valerie"
"Mark Ronson Feat. Bruno Mars","Uptown Funk"
"Mark Ronson Feat. Camila Cabello","Find U Again"
"Mark Ronson Feat. Daniel Merriweather","Stop Me"
"Mark Ronson Feat. Keyone Starr","I Can't Lose"
"Mark Ronson Feat. Lilly Allen","Oh My God"
"Mark Ronson Feat. Lykke Li","Late Night Feelings"
"Mark Ronson Feat. Miley Cyrus","Nothing Breaks Like A Heart"
"Mark Ronson Feat. Mystikal","Feel Right"
"Mark Ronson Feat. YEBBA","Don't Leave Me Lonely"
"Marlisa","Stand By You"
"Marlon Roudette","New Age"
"Marlon Roudette","When The Beat Drops Out"
"Marmalade","Cousin Norman"
"Marmalade","Falling Apart At The Seams"
"Marmalade","Ob-La-Di, Ob-La-Da"
"Marmalade","Radancer"
"Marmalade","Rainbow"
"Marmalade","Reflections Of My Life"
"Marmalade","Wait For Me Mary-Anne"
"Maroon 5","Animals"
"Maroon 5","Daylight"
"Maroon 5","Harder To Breathe"
"Maroon 5","Love Somebody"
"Maroon 5","Makes Me Wonder"
"Maroon 5","Maps"
"Maroon 5","Memories"
"Maroon 5","Misery"
"Maroon 5","Must Get Out"
"Maroon 5","Not Coming Home (Live)"
"Maroon 5","One More Night"
"Maroon 5","Secret"
"Maroon 5","She Will Be Loved"
"Maroon 5","Shiver"
"Maroon 5","Sugar"
"Maroon 5","Sunday Morning"
"Maroon 5","Sweetest Goodbye"
"Maroon 5","Tangled"
"Maroon 5","The Sun"
"Maroon 5","This Love"
"Maroon 5","This Summer's Gonna Hurt like a Motherf---er"
"Maroon 5","Through With You"
"Maroon 5","Wake Up Call"
"Maroon 5 & Rihanna","If I Never See Your Face Again"
"Maroon 5 Feat. Cardi B","Girls Like You"
"Maroon 5 Feat. Christina Aguilera","Moves Like Jagger"
"Maroon 5 Feat. Future","Cold"
"Maroon 5 Feat. Gwen Stefani","My Heart Is Open"
"Maroon 5 Feat. Julia Michaels","Help Me Out"
"Maroon 5 Feat. Kendrick Lamar","Don't Wanna Know"
"Maroon 5 Feat. SZA","What Lovers Do"
"Maroon 5 Feat. Wiz Khalifa","Payphone"
"Marshmello & Bastille","Happier"
"Marshmello & Demi Lovato","OK Not To Be OK"
"Marshmello Feat. A Day To Remember","Rescue Me"
"Marshmello Feat. Anne-Marie","Friends"
"Marshmello Feat. Chvrches","Here With Me"
"Marshmello feat. Khalid","Numb"
"Marshmello feat. Khalid","Silence"
"Marshmello x Lil Peep","Spotlight"
"Martha & The Muffins","Echo Beach"
"Martha & The Vandellas","Dancing In The Street"
"Martha & The Vandellas","Jimmy Mack"
"Martha & The Vandellas","Nowhere To Run"
"Marti Webb","Take That Look Off Your Face"
"Martin Garrix & David Guetta","So Far Away"
"Martin Garrix & Dua Lipa","Scared To Be Lonely"
"Martin Garrix & Ed Sheeran","Repeat It"
"Martin Garrix & Justin Mylo Feat. Dewain Whitmore","Burn Out"
"Martin Garrix & Khalid","Ocean"
"Martin Garrix Feat. Usher","Don't Look Down"
"Martin Garrix, Bono, The Edge","We Are The People"
"Martin Garrix, Lloyiso","Real Love"
"Martin Jensen","Solo Dance"
"Martin Solveig & GTA","Intoxicated"
"Martin Solveig Feat. Sam White","+1"
"Martina McBride","Independence Day"
"Martine McCutcheon","Perfect Moment"
"Martine McCutcheon","Say I'm Not Alone"
"Marty Robbins","Big Iron"
"Marty Robbins","Devil Woman"
"Marty Robbins","El Paso"
"Marty Wilde","A Teenager In Love"
"Marty Wilde","Bad Boy"
"Marty Wilde","Donna"
"Marty Wilde","Endless Sleep"
"Marty Wilde","Sea Of Love"
"Marvin Gaye","Abraham, Martin & John"
"Marvin Gaye","Got To Give It Up"
"Marvin Gaye","How Sweet It Is (To Be Loved By You)"
"Marvin Gaye","I Heard It Through The Grapevine"
"Marvin Gaye","Let's Get It On"
"Marvin Gaye","Sexual Healing"
"Marvin Gaye","Too Busy Thinking About My Baby"
"Marvin Gaye","Trouble Man"
"Marvin Gaye","You're All I Need To Get By"
"Marvin Gaye & Diana Ross","You Are Everything"
"Marvin Gaye & Kim Weston","It Takes Two"
"Marvin Gaye and Tammi Terrell","Ain't No Mountain High Enough"
"Marwan Khoury","Al Bent Al Lebnaniya"
"Mary Hopkin","Knock Knock Who's There"
"Mary Hopkin","Those Were The Days"
"Mary J Blige","All That I Can Say"
"Mary J Blige","Everything"
"Mary J Blige","Family Affair"
"Mary J Blige","I'm Going Down"
"Mary J Blige","Mighty River"
"Mary J Blige","No More Drama"
"Mary J Blige","Right Now"
"Mary J Blige","Thick Of It"
"Mary J Blige & U2","One"
"Mary J. Blige & Brook Lynn","Enough Crying"
"Mary MacGregor","Torn Between Two Lovers"
"Mary Mary","Shackles"
"Mary Poppins (Musical)","Chim Chim Cher-ee"
"Mary Poppins (Musical)","Feed The Birds"
"Mary Poppins (Musical)","I Love To Laugh"
"Mary Poppins (Musical)","Jolly Holiday"
"Mary Poppins (Musical)","Sister Suffragette"
"Mary Poppins (Musical)","Supercalifragilisticexpialidocious"
"Mary Poppins (Musical)","The Life I Lead"
"Mary Poppins (Musical)","The Perfect Nanny"
"Mary Poppins Returns Soundtrack","A Cover Is Not the Book"
"Mary Wells","My Guy"
"Massiel","La, La, La"
"Massimo Ranieri","Perdere l'amore"
"Massimo Ranieri","Se bruciasse la citta"
"Massive Attack","Teardrop"
"Massive Attack","Unfinished Sympathy"
"Master KG & Nomcebo Zikode","Jerusalema"
"Matchbox","Midnight Dynamos"
"Matchbox","Rockabilly Rebel"
"Matilda The Musical","Revolting Children"
"Matoma & Becky Hill","False Alarm"
"Matrix & Futurebound (Feat. Max Marshall)","Control"
"Matt Cardle","Amazing"
"Matt Cardle","It's Only love"
"Matt Cardle","When We Collide"
"Matt Cardle","When You Were My Girl"
"Matt Monro","Born Free"
"Matt Monro","From Russia With Love"
"Matt Monro","If I Never Sing Another Song"
"Matt Monro","Love Walked In (Alternative Take)"
"Matt Monro","My Kind Of Girl"
"Matt Monro","On A Clear Day"
"Matt Monro","On Days Like These"
"Matt Monro","Portrait Of My Love"
"Matt Monro","Softly As I Leave You"
"Matt Monro","Somewhere"
"Matt Monro","The Impossible Dream"
"Matt Monro","Walk Away"
"Matt Monro","What To Do"
"Matt Monro","Who Can I Turn To"
"Matt Monro","Yesterday"
"Matthew Morrison","Summer Rain"
"Matthew Wilder","Break My Stride"
"Matthews Southern Comfort","Woodstock"
"Maverick Sabre","I Need"
"Max Bygraves","Gilly Gilly Ossenfeffer"
"Max Bygraves","Tulips From Amsterdam"
"Max Bygraves","You Need Hands"
"Max Dean","Can't Decide"
"MAX feat. JVKE & Bazzi","Strings"
"Maxi Priest","Close To You"
"Maximo Park","Our Velocity"
"Maxwell","Get To Know You"
"Maxwell","Pretty Wings"
"Maxwell","This Woman's Work"
"Maya Diab","Aywa"
"Maya Diab","Gatifeen"
"Mayada El Hennawi","Kan Yama Kan"
"Mayday","Gan Bei"
"Mayday","Juéjiàng"
"Mayday","Ni Bu Shi Zhen Zheng De Kuai Le"
"Mayday","Wen Róu"
"Maze Feat. Frankie Beverly","The Morning After"
"Mazzy Star","Fade Into You"
"MBAND","Она вернется"
"MC Hammer","U Can't Touch This"
"McBusted","Air Guitar"
"McBusted","Get Over It"
"McFadden & Whitehead","Ain't No Stopping Us Now"
"McFly","All About You"
"McFly","Don't Stop Me Now"
"McFly","Five Colours In Her Hair"
"McFly","God of Rock 'n' Roll"
"McFly","Lies"
"McFly","Love Is Easy"
"McFly","Love Is On The Radio"
"McFly","Obviously"
"McFly","One For The Radio"
"McFly","Party Girl"
"McFly","Room On The 3rd Floor"
"McFly","That Girl"
"McFly","The Heart Never Lies"
"McFly","You've Got A Friend"
"McFly Feat. Taio Cruz","Shine A Light"
"McSar And The Real McCoy","Another Night"
"Mean Girls (Musical)","I'd Rather Be Me"
"Mean Girls (Musical)","More Is Better"
"Meat Loaf","A Kiss Is A Terrible Thing To Waste"
"Meat Loaf","All Revved Up With No Place To Go"
"Meat Loaf","Bat Out Of Hell"
"Meat Loaf","Couldn't Have Said It Better"
"Meat Loaf","Dead Ringer For Love"
"Meat Loaf","For Crying Out Loud"
"Meat Loaf","Heaven Can Wait"
"Meat Loaf","I'd Do Anything For Love (But I Won't Do That)"
"Meat Loaf","I'd Lie For You (And That's The Truth)"
"Meat Loaf","It's All Coming Back To Me Now"
"Meat Loaf","Midnight At The Lost And Found"
"Meat Loaf","Modern Girl"
"Meat Loaf","No Matter What"
"Meat Loaf","Not A Dry Eye In The House"
"Meat Loaf","Objects In The Rear View Mirror"
"Meat Loaf","Paradise By The Dashboard Light"
"Meat Loaf","Two Out Of Three Ain't Bad"
"Meat Loaf","You Took The Words Right Out Of My Mouth"
"Mecano","Hijo de la luna"
"Mecano","Hoy No Me Puendo Levantar"
"Mecano","Mujer Contra Mujer"
"Meduza","Piece Of Your Heart"
"MEDUZA, Becky Hill, Goodboys","Lose Control"
"Meduza, Dermot Kennedy","Paradise"
"MEDUZA, Hozier","Tell It To My Heart"
"Meek Mill Feat. Nicki Minaj and Chris Brown","All Eyes On You"
"Meek Mill Feat. Tory Lanez","Lord Knows"
"Megadeth","Symphony Of Destruction"
"Megan Thee Stallion","Cobra"
"Megan Thee Stallion","Thot Shit"
"Megan Thee Stallion, Dua Lipa","Sweetest Pie"
"Meghan Trainor","All About That Bass"
"Meghan Trainor","Better When I'm Dancin'"
"Meghan Trainor","Dear Future Husband"
"Meghan Trainor","Lips Are Movin'"
"Meghan Trainor","Made You Look"
"Meghan Trainor","Me Too"
"Meghan Trainor","Mother"
"Meghan Trainor","No"
"Meghan Trainor","No Excuses"
"Meghan Trainor","Still Don't Care"
"Meghan Trainor","To The Moon"
"Meghan Trainor & Mimi Webb","Mind Reader"
"Meghan Trainor Feat Nicki Minaj","Nice To Meet Ya"
"Meghan Trainor Feat. John Legend","Like I'm Gonna Lose You"
"Mei Yan Fang","Nu Ren Hua"
"Mel & Kim","Respectable"
"Mel Torme","Comin' Home, Baby!"
"Melanie","Brand New Key"
"Melanie","Ruby Tuesday"
"Melanie C","Anymore"
"Melanie C","Here It Comes Again"
"Melanie C","I Turn To You"
"Melanie C","Sweat"
"Melanie C","Think About It"
"Melanie C","What Could Possibly Go Wrong?"
"Melanie C Feat. Left Eye","Never Be The Same Again"
"Melanie Martinez","Dollhouse"
"Melba Moore","This Is It"
"Melendi","Tu Jardin con Enanitos"
"Melhem Barakat","Ya Habibi Dawabni Al Hawa"
"Melhem Zein","Oset Hob"
"Melissa Steel Feat. Wretch 32","You Love Me"
"MeloMance","Love, Maybe (From KPop Demon Hunters)"
"Men At Work","Down Under"
"Men At Work","Who Can It Be Now?"
"Men Without Hats","The Safety Dance"
"Mental As Anything","Live It Up"
"Mercury Rev","Goddess on a Hiway"
"Mere Brother Ki Dulhan","Choomantar"
"Mere Brother Ki Dulhan","Dhunki"
"Mere Brother Ki Dulhan","Do Dhaari Talwar"
"Mere Brother Ki Dulhan","Mere Brother Ki Dulhan"
"Meredith Brooks","Bitch"
"Meri Wilson","Telephone Man"
"Meridian Dan","German Whip"
"Merle Haggard","Mama Tried"
"Merle Haggard","Okie From Muskogee"
"Merle Haggard","Silver Wings"
"Metallica","Battery"
"Metallica","Enter Sandman"
"Metallica","For Whom The Bell Tolls"
"Metallica","Hardwired"
"Metallica","I Disappear"
"Metallica","Master Of Puppets"
"Metallica","Memory Remains"
"Metallica","Nothing Else Matters"
"Metallica","One"
"Metallica","St. Anger"
"Metallica","The Day That Never Comes"
"Metallica","The Unforgiven"
"Metallica","Unforgiven II"
"Metallica","Wherever I May Roam"
"Metro Station","Shake It"
"Metronomy","Love Letters"
"MGMT","Electric Feel"
"MGMT","Kids"
"MHD Feat. Wizkid","Bella"
"Miami Band","Bastans"
"Miami Sound Machine","Conga"
"Miami Sound Machine","Doctor Beat"
"Michael Andrews Feat. Gary Jules","Mad World"
"Michael Ball","Music (Prelude)"
"Michael Ball","With One Look"
"Michael Bolton","How Am I Supposed To Live Without You"
"Michael Bolton","How Can We Be Lovers"
"Michael Buble","When You're Smiling"
"Michael Bublé","A Song For You"
"Michael Bublé","All I Do Is Dream Of You"
"Michael Bublé","All Of Me"
"Michael Bublé","At This Moment"
"Michael Bublé","Baby (You've Got What It Takes)"
"Michael Bublé","Call Me Irresponsible"
"Michael Bublé","Can't Help Falling In Love"
"Michael Bublé","Close Your Eyes"
"Michael Bublé","Come Fly With Me"
"Michael Bublé","Crazy Little Thing Called Love"
"Michael Bublé","Crazy Love"
"Michael Bublé","Cry Me A River"
"Michael Bublé","Dream A Little Dream"
"Michael Bublé","Everything"
"Michael Bublé","Feeling Good"
"Michael Bublé","Fever"
"Michael Bublé","For Once In My Life"
"Michael Bublé","Georgia On My Mind"
"Michael Bublé","Haven't Met You Yet"
"Michael Bublé","Heartache Tonight"
"Michael Bublé","Hold On"
"Michael Bublé","Hollywood"
"Michael Bublé","Home"
"Michael Bublé","How Can You Mend A Broken Heart"
"Michael Bublé","I Got It Easy"
"Michael Bublé","It's A Beautiful Day"
"Michael Bublé","Kissing A Fool"
"Michael Bublé","Me And Mrs Jones"
"Michael Bublé","Moondance"
"Michael Bublé","Nobody But Me"
"Michael Bublé","Put Your Head On My Shoulder"
"Michael Bublé","Save The Last Dance For Me"
"Michael Bublé","Some Kind Of Wonderful"
"Michael Bublé","Summer Wind"
"Michael Bublé","Sway"
"Michael Bublé","That's All"
"Michael Bublé","That's Life"
"Michael Bublé","The Christmas Sweater"
"Michael Bublé","The Way You Look Tonight"
"Michael Bublé","To Be Loved"
"Michael Bublé","To Love Somebody"
"Michael Bublé","Try A Little Tenderness"
"Michael Bublé","Who's Lovin' You"
"Michael Bublé","You Don't Know Me"
"Michael Bublé","You'll Never Find Another Love Like Mine"
"Michael Bublé","Young At Heart"
"Michael Bublé","You're Nobody Till Somebody Loves You"
"Michael Bublé","You've Got A Friend In Me"
"Michael Bublé and Reese Witherspoon","Something Stupid"
"Michael Bublé Feat. Bryan Adams","After All"
"Michael Holliday","Story Of My Life"
"Michael Jackson","Bad"
"Michael Jackson","Beat It"
"Michael Jackson","Ben"
"Michael Jackson","Billie Jean"
"Michael Jackson","Black Or White"
"Michael Jackson","Dirty Diana"
"Michael Jackson","Don't Stop 'Til You Get Enough"
"Michael Jackson","Earth Song"
"Michael Jackson","Heal The World"
"Michael Jackson","Human Nature"
"Michael Jackson","Jam"
"Michael Jackson","Liberian Girl"
"Michael Jackson","Man In The Mirror"
"Michael Jackson","Off The Wall"
"Michael Jackson","One Day In Your Life"
"Michael Jackson","P.Y.T. (Pretty Young Thing)"
"Michael Jackson","Remember The Time"
"Michael Jackson","Rock With You"
"Michael Jackson","Rockin' Robin"
"Michael Jackson","She's Out Of My Life"
"Michael Jackson","Smooth Criminal"
"Michael Jackson","Stranger In Moscow"
"Michael Jackson","The Way You Make Me Feel"
"Michael Jackson","They Don't Really Care About Us"
"Michael Jackson","Thriller"
"Michael Jackson","Wanna Be Startin' Somethin'"
"Michael Jackson","You Are Not Alone"
"Michael Jackson","You Rock My World"
"Michael Jackson & Paul McCartney","The Girl Is Mine"
"Michael Jackson and Justin Timberlake","Love Never Felt So Good"
"Michael Jackson Feat. Akon","Hold My Hand"
"Michael Kiwanuka","Home Again"
"Michael Learns To Rock","The Actor"
"Michael Rice","Bigger Than Us (Eurovision 2019 UK Entry)"
"Michael Sembello","Maniac"
"Michel Fugain","Une belle histoire"
"Michel Rmeih","Dakhlo Allah"
"Michelle Branch","Everywhere"
"Michelle McManus","All This Time"
"Michelle Wright","Nobody's Girl"
"Mick Jagger & Joss Stone","Lonely This Christmas"
"Middle Of The Road","Chirpy Chirpy Cheep Cheep"
"Midnight Oil","Beds Are Burning"
"Midnight Star","Midas Touch"
"Migos & Marshmello","Danger"
"Miguel","Adorn"
"Miguel Bose Y Alaska","Amante Bandido"
"Mika","Big Girl (You Are Beautiful)"
"Mika","Elle me dit"
"Mika","Grace Kelly"
"Mika","Happy Ending"
"Mika","Lollipop"
"Mika","Love Today"
"Mika","Relax, Take It Easy"
"Mika","We Are Golden"
"Mika Singh Sajid & Wajid & Wajid Khan","Chinta Ta Chita Chita"
"Mika Singh, Niti Mohan","Whistle Baja 2.0"
"Mike + The Mechanics","Don't Know What Came Over Me"
"Mike + The Mechanics","Over My Shoulder"
"Mike + The Mechanics","The Living Years"
"Mike Brant","Laisse moi t'aimer"
"Mike Oldfield","Moonlight Shadow"
"Mike Oldfield","Shadow On The Wall"
"Mike Posner","Cooler Than Me"
"Mike Posner","I Took A Pill In Ibiza (SeeB Remix)"
"Mike Posner","Move On"
"Mike Posner","Please Don't Go"
"Mike Sarne & Wendy Richards","Come Outside"
"Miley Cyrus","Adore You"
"Miley Cyrus","Can't Be Tamed"
"Miley Cyrus","Dream As One (from Avatar: Fire and Ash)"
"Miley Cyrus","Flowers"
"Miley Cyrus","Jaded"
"Miley Cyrus","Jolene"
"Miley Cyrus","Malibu"
"Miley Cyrus","Midnight Sky"
"Miley Cyrus","More To Lose"
"Miley Cyrus","Mother's Daughter"
"Miley Cyrus","Party In The U.S.A."
"Miley Cyrus","River"
"Miley Cyrus","Secrets"
"Miley Cyrus","See You Again"
"Miley Cyrus","Slide Away"
"Miley Cyrus","Something Beautiful"
"Miley Cyrus","The Climb"
"Miley Cyrus","Used To Be Young"
"Miley Cyrus","We Can't Stop"
"Miley Cyrus","When I Look At You"
"Miley Cyrus","Who Owns My Heart"
"Miley Cyrus","Wrecking Ball"
"Miley Cyrus","Younger Now"
"Miley Cyrus","Younger You"
"Miley Cyrus, Dua Lipa","Prisoner"
"Military Wives","Wherever You Are"
"Milky","Just The Way You Are"
"Milli Vanilli","Girl You Know It's True"
"Millie","My Boy Lollipop"
"Milo Manheim & Meg Donnelly","Someday (from Zombies 2)"
"Mimi Webb","24/5"
"Mimi Webb","Eyes Closed"
"Mimi Webb","Ghost Of You"
"Mimi Webb","Good Without"
"Mimi Webb","Last Train To London"
"Mimi Webb","Love Language"
"Mimi Webb","Mistake"
"Mimi Webb","One Eye Open"
"Mimi Webb","Red Flags"
"Mina","La voce del silenzio"
"Mina","Oggi sono io"
"Mina","Se stasera sono qui"
"Mina Atta & Mohamed Shahin","Ana El Sa7eb"
"Mini Viva","I Left My Heart In Tokyo"
"Minnie Ripperton","Loving You"
"Miranda Lambert","Automatic"
"Miranda Lambert","Baggage Claim"
"Miranda Lambert","Mama's Broken Heart"
"Miranda Lambert","Vice"
"Miranda Lambert  ","Gunpowder & Lead"
"Miriam Bryant & Victor Leksell","Tystnar I Luren"
"Misha B","Do You Think Of Me"
"Misha B","Home Run"
"Miss Saigon (Musical)","I'd Give My Life For You"
"Miss Saigon (Musical)","The Heat Is On In Saigon"
"Miss Saigon (Musical)","The Movie In My Mind"
"Miss Saigon (Musical)","Why God Why"
"Missy Elliott","Get Ur Freak On"
"Missy Elliott","One Minute Man"
"Missy Elliott","Throw It Back"
"Missy Elliott","Work It"
"Missy Elliott Feat. Pharrell Williams","WTF (Where They From)"
"Missy Higgins","Scar"
"Missy Higgins","The Special Two"
"Mis-Teeq","Scandalous"
"MK","(17) Seventeen"
"MK & Chrystal","Dior"
"MKTO","Classic"
"MNEK","Tongue"
"MNEK and Zara Larsson","Never Forget You"
"MNEK Feat. Hailee Steinfeld","Colour"
"Mo","Unsteady (The Voice Final Song)"
"MØ","Final Song"
"Moana","Le bleu lumiere"
"Moana (Disney)","How Far I'll Go"
"Moana (Disney)","Shiny"
"Moana (Disney)","We Know The Way"
"Moana (Disney)","Where You Are"
"Moana (Disney)","You're Welcome"
"Modà","La notte"
"Modà","Tappeto di fragole"
"Modern Romance","Best Years Of Our Lives"
"Modern Talking","Brother Louie"
"Modjo","Lady (Hear Me Tonight)"
"Mohamed Eskandar","Joumhoureyet Alby"
"Mohamed Mounir","Ana Mennek Etaalemt"
"Mohammad Hamaki","Ma Balash"
"Mohammed Rafi","Baharon Phool Barsao"
"Mohammed Rafi, Asha Bhosle","Chura Liya Hai Tumne"
"Mohammed Rafi, Asha Bhosle","O Hasina Zulfo Wali"
"Moloko","Sing It Back"
"Mon Laferte","Tu Falta de Querer"
"Mona Amarcha","Rafaa Daghti"
"Mona Amarcha","Weinak"
"Monaco","What Do You Want From Me"
"Monica","Don't Take It Personal (Just One Of Dem Days)"
"Montell Jordan","This Is How We Do It"
"Monty Python","Always Look On The Bright Side Of Life"
"Monty Python","Every Sperm Is Sacred"
"Monty Python","I Like Chinese"
"Monty Python","Penis Song (Not The Noel Coward Song)"
"Monty Python","Sit On My Face"
"Monty Python","The Galaxy Song"
"Monty Python","The Lumberjack's Song"
"Moody Blues","Go Now"
"Moody Blues","Nights In White Satin"
"Morecambe And Wise","Bring Me Sunshine"
"Morgan Wallen","20 Cigarettes"
"Morgan Wallen","Last Night"
"Morgan Wallen","Whiskey Glasses"
"Morrissey","Every Day Is Like Sunday"
"Morrissey","First Of The Gang To Die"
"Morrissey","Interesting Drug"
"Morrissey","Irish Blood English Heart"
"Morrissey","Let Me Kiss You"
"Morrissey","Pregnant For The Last Time"
"Morrissey","Spent the Day in Bed"
"Morrissey","Suedehead"
"Morrissey","The Last Of The Famous International Playboys"
"Morrissey","The More You Ignore Me, The Closer I Get"
"Morrissey","You Have Killed Me"
"Mother Love Bone","Stardog Champion"
"Motley Crue","Dr. Feelgood"
"Motley Crue","Girls Girls Girls"
"Motley Crue","Home Sweet Home"
"Motley Crue","Live Wire"
"Motley Crue","Looks That Kill"
"Motley Crue","Shout At The Devil"
"Motley Crue","Smoking In The Boy's Room"
"Motley Crue","Wild Side"
"Motorhead","Iron Fist"
"Motorhead","Jailbait"
"Motorhead","The Ace Of Spades"
"Mott The Hoople","All The Young Dudes"
"Moulin Rouge (Musical)","Come What May"
"Moulin Rouge (Musical)","Nature Boy"
"Moulin Rouge (Musical)","One Day I'll Fly Away"
"Moulin Rouge (Musical)","Rhythm Of The Night"
"Moulin Rouge (Musical)","Your Song"
"Moulin Rouge!","El Tango De Roxanne"
"Mountain ","Mississippi Queen"
"Mousse T Vs. Hot 'N Juicy","Horny"
"Mr. Big","To Be With You"
"Mr. Hudson Feat. Kanye West","Supernova"
"Mr. Jukes Feat. Charles Bradley","Grant Green"
"Mr. Mister","Broken Wings"
"Mr. Mister","Kyrie"
"Mr. Probz","Waves (Robin Schulz Radio Edit)"
"Mrs Mills","I Do Like To Be Beside The Seaside"
"Ms. Dynamite","Dy-Na-Mi-Tee"
"Mud","Crazy"
"Mud","Lonely This Christmas"
"Mud","Show Me You're A Woman"
"Mud","The Cat Crept In"
"Mud","The Mud Medley"
"Mud","The Secrets That You Keep"
"Mud","Tiger Feet"
"Mukesh","Awara Hoon"
"Mukesh And Lata Mangeshkar","Kabhi Kabhi Mere Dil Mein Khayal Aati Hai"
"Mulan","A Girl Worth Fighting For"
"Mulan","Honour To Us All"
"Mulan","I'll Make A Man Out Of You"
"Mulan","Reflection"
"Mumford & Sons","Babel"
"Mumford & Sons","Believe"
"Mumford & Sons","Hopeless Wanderer"
"Mumford & Sons","I Will Wait"
"Mumford & Sons","Little Lion Man"
"Mumford & Sons","Lover Of The Light"
"Mumford & Sons","The Wolf"
"Mumford & Sons","Timshel"
"Mumford & Sons","Winter Winds"
"Mumford and Sons","Ghosts That We Knew"
"Mumford and Sons","Holland Road"
"Mumford and Sons","Not With Haste"
"Mumford and Sons","Reminder"
"MUNA","Silk Chiffon"
"Mundy","The Galway Girl"
"Mungo Jerry","In The Summertime"
"Muni Long","His & Hers"
"Murray Head","One Night In Bangkok"
"Muse","Butterflies & Hurricanes"
"Muse","Dead Inside"
"Muse","Feeling Good"
"Muse","Madness"
"Muse","Plug In Baby"
"Muse","Psycho"
"Muse","Resistance"
"Muse","Sing For Absolution"
"Muse","Something Human"
"Muse","Starlight"
"Muse","Supermassive Black Hole"
"Muse","Survival"
"Muse","Time Is Running Out"
"Muse","Uprising"
"Musical Youth","Pass The Dutchie"
"Mutya/Kei$ha/Siobhan","Flatline"
"My Chemical Romance","Famous Last Words"
"My Chemical Romance","Helena"
"My Chemical Romance","I'm Not Okay (I Promise)"
"My Chemical Romance","Teenagers"
"My Chemical Romance","Welcome To The Black Parade"
"My Fair Lady (Musical)","Get Me To The Church On Time"
"My Fair Lady (Musical)","I Could Have Danced All Night"
"My Fair Lady (Musical)","On The Street Where You Live"
"My Fair Lady (Musical)","Wouldn't It Be Loverly"
"Mya","Case Of The Ex"
"Myke Towers","LALA"
"Myke Towers, Camila Cabello, Tainy","Oh Na Na"
"Myles Smith","Gold"
"Myles Smith","Heaven"
"Myles Smith","My First Heartbreak"
"Myles Smith","Stargazing"
"Myles Smith","Stay (If You Wanna Dance)"
"Myles Smith","Wait For You"
"Myles Smith","Whisper"
"Myles Smith & Niall Horan","Drive Safe"
"Myles Smith & Shaboozey","Blink Twice"
"Myriam Fares","Kifak Enta"
"Mystery Jets","Half In Love With Elizabeth"
"N.E.R.D.","Everyone Nose (All The Girls Standing In The Line For  The Bathroom)"
"N.E.R.D.","She Wants To Move"
"N.W.A","Straight Outta Compton"
"Na Ying","Yi Xiao Er Guo"
"Nabeel Shuail","Ma Arwa'ak"
"Nacho & Ozuna","Casualidad"
"Nadine Coyle","Insatiable"
"Naino Ne Baandhi","Gold"
"Najwa Karam","Aal Sakhra"
"Namaste England","Proper Patola"
"Nanci Griffith","From Clare To Here"
"Nancy Ajram","Ah W Noss"
"Nancy Ajram","Inta Eyh"
"Nancy Ajram","Maakoul el Gharam"
"Nancy Sinatra","How Does That Grab You, Darlin'?"
"Nancy Sinatra","These Boots Are Made For Walkin'"
"Nancy Sinatra","You Only Live Twice"
"Nancy Sinatra & Lee Hazlewood","Did You Ever"
"Nancy Sinatra & Lee Hazlewood","Jackson "
"Nancy Sinatra & Lee Hazlewood","Some Velvet Morning"
"Naomi Scott","Speechless (Aladdin 2019)"
"Nas","If I Ruled The World (Imagine That)"
"Nas","Made You Look"
"Nat King Cole","(I Love You) For Sentimental Reasons"
"Nat King Cole","Around The World"
"Nat King Cole","For All We Know"
"Nat King Cole","Let There Be Love"
"Nat King Cole","L-O-V-E"
"Nat King Cole","Love Letters"
"Nat King Cole","Mona Lisa"
"Nat King Cole","Ramblin' Rose"
"Nat King Cole","Smile"
"Nat King Cole","The Christmas Song (Chestnuts)"
"Nat King Cole","The Very Thought Of You"
"Nat King Cole","Those Lazy Hazy Crazy Days Of Summer"
"Nat King Cole","Too Young"
"Nat King Cole","Unforgettable"
"Nat King Cole","When I Fall In Love"
"Natalia Kills","Wonderland"
"Natalie Casey","Chick Chick Chicken"
"Natalie Imbruglia","Big Mistake"
"Natalie Imbruglia","Shiver"
"Natalie Imbruglia","Torn"
"Natalie La Rose Feat. Fetty Wap","Around the World"
"Natalie La Rose Feat. Jeremih","Somebody"
"Natasha Bedingfield","Single"
"Natasha Bedingfield","Soulmate"
"Natasha Bedingfield","These Words"
"Natasha Bedingfield","Unwritten"
"Natasha St-Pier","Tu Trouveras"
"Nathalie Cardone","Hasta Siempre"
"Nathan Dawe","Flowers"
"Nathan Dawe & KSI","Lighter"
"Nathan Dawe x Ella Henderson","21 Reasons"
"Nathan Dawe, Bebe Rexha","Heart Still Beating"
"Nathan Dawe, Joel Corry & Sacha","Higher"
"Nathan Sykes","Famous"
"Nathan Sykes","Kiss Me Quick"
"Nathan Sykes","Over & Over Again"
"Nathan Sykes Feat. G Eazy","Give It Up"
"National Anthem","La Marseillaise"
"Naughty Boy Feat. Beyonce & Arrow Benjamin","Runnin' (Lose It All)"
"Naughty Boy Feat. Emeli Sandé","Lifted"
"Naughty Boy Feat. Sam Smith","La la la"
"Naughty By Nature","Hip Hop Hooray"
"Naughty By Nature","O.P.P"
"Nazareth","Love Hurts"
"Nazia Hassan","Aap Jaisa Koi Meri Zindagi"
"NCT 127","Cherry Bomb"
"N-Dubz","Girls"
"N-Dubz","Ouch"
"N-Dubz","Took It All Away"
"N-Dubz","We Dance On"
"N-Dubz Feat. Mr Hudson","Playing With Fire"
"Ned Miller","From A Jack To A King"
"Negramaro","Meraviglioso"
"Neha Kakkar","Gali Gali"
"Neiked","Sexual"
"Neil Diamond","Acapulco"
"Neil Diamond","America"
"Neil Diamond","Beautiful Noise"
"Neil Diamond","Brooklyn Roads"
"Neil Diamond","Brother Love's Travelling Salvation Show"
"Neil Diamond","Cherry Cherry"
"Neil Diamond","Cracklin' Rosie"
"Neil Diamond","Crunchy Granola Suite"
"Neil Diamond","Desiree"
"Neil Diamond","Dry Your Eyes"
"Neil Diamond","Forever In Blue Jeans"
"Neil Diamond","Girl You'll Be A Woman Soon"
"Neil Diamond","Heartlight"
"Neil Diamond","Hello Again"
"Neil Diamond","Hey Louise"
"Neil Diamond","Holly Holy"
"Neil Diamond","I Am...I Said"
"Neil Diamond","If You Know What I Mean"
"Neil Diamond","I'm A Believer"
"Neil Diamond","Kentucky Woman"
"Neil Diamond","Love On The Rocks"
"Neil Diamond","Play Me"
"Neil Diamond","Pretty Amazing Grace"
"Neil Diamond","Red Red Wine"
"Neil Diamond","September Morn"
"Neil Diamond","Shilo"
"Neil Diamond","Solitary Man"
"Neil Diamond","Soolaimon"
"Neil Diamond","Stargazer"
"Neil Diamond","Summer Love"
"Neil Diamond","Sweet Caroline"
"Neil Diamond","Yesterday's Songs"
"Neil Reid","Mother Of Mine"
"Neil Sedaka","Breaking Up Is Hard To Do"
"Neil Sedaka","Calendar Girl"
"Neil Sedaka","Happy Birthday Sweet Sixteen"
"Neil Sedaka","Laughter In The Rain"
"Neil Sedaka","Neil Sedaka Medley"
"Neil Sedaka","Next Door To An Angel"
"Neil Sedaka","Oh Carol"
"Neil Young","After The Gold Rush"
"Neil Young","Comes a Time"
"Neil Young","Harvest Moon"
"Neil Young","Heart Of Gold"
"Neil Young","Hey Hey, My My (Out of the Blue)"
"Neil Young","Lotta Love"
"Neil Young","Old Man"
"Neil Young","Only Love Can Break Your Heart"
"Neil Young","Rockin' In The Free World"
"Neil Young","World On A String"
"Nek","Laura non c'è"
"Nelly","Hey Porsche"
"Nelly","Hot In Herre"
"Nelly","Just A Dream"
"Nelly Feat. City Spud","Ride Wit Me"
"Nelly Feat. Jeremih","The Fix"
"Nelly Feat. Kelly Rowland","Dilemma"
"Nelly Feat. Nicki Minaj & Pharrell","Get Like Me"
"Nelly Furtado","All Good Things Come To An End"
"Nelly Furtado","Big Hoops (Bigger The Better)"
"Nelly Furtado","Forca"
"Nelly Furtado","Honesty"
"Nelly Furtado","I'm Like A Bird"
"Nelly Furtado","Maneater"
"Nelly Furtado","Promiscuous"
"Nelly Furtado","Say It Right"
"Nelly Furtado","Try"
"Nelly Furtado","Turn Off The Light"
"Nena","99 Luftballons"
"Nena","99 Red Balloons"
"Neneh Cherry","Buffalo Stance"
"Neneh Cherry","Manchild"
"Neon Jungle","Braveheart"
"Neon Jungle","Louder"
"Neon Jungle","Welcome To The Jungle"
"Neon Trees","Everybody Talks"
"NerdOut","Let The Games Begin"
"Nero","Guilt"
"Nero","Promises"
"Nero","Two Minds"
"Netta","Toy"
"New Edition","Candy Girl"
"New Kids On The Block","Hangin' Tough"
"New Kids On The Block","You Got It (The Right Stuff)"
"New Order","Bizzare Love Triangle"
"New Order","Blue Monday"
"New Order","Regret"
"New Order","Restless"
"New Order","True Faith"
"New Order","World In Motion"
"New Radicals","You Get What You Give"
"New York Dolls","Jet Boy"
"New York Dolls","Stranded In The Jungle"
"NewJeans","OMG"
"NewJeans","Super Shy"
"Newton","Sometimes When We Touch"
"Newton Faulkner","Dream Catch Me"
"Newton Faulkner","I Need Something"
"Next","Too Close"
"Ne-Yo","Beautiful Monster"
"Ne-Yo","Closer"
"Ne-Yo","Let Me Love You (Until You Learn To Love Yourself)"
"Ne-Yo","Miss Independent"
"Ne-Yo","Sexy Love"
"Ne-Yo","So Sick"
"Ne-Yo","When You're Mad"
"NF","If You Want Love"
"NF","Let You Down"
"Niall Horan","Dinner Party"
"Niall Horan","Heaven"
"Niall Horan","Little More Time"
"Niall Horan","Nice To Meet Ya"
"Niall Horan","Slow Hands"
"Niall Horan","Too Much To Ask"
"Nick Berry","Every Loser Wins"
"Nick Brewer Feat. Bibi Bourelly","Talk To Me"
"Nick Cave & The Bad Seeds","Into My Arms"
"Nick Cave & The Bad Seeds","Jubilee Street"
"Nick Cave & The Bad Seeds","Red Right Hand"
"Nick Cave & The Bad Seeds","The Mercy Seat"
"Nick Cave & The Bad Seeds Feat. Kylie   Minogue","Where The Wild Roses Grow"
"Nick Drake","Northern Sky"
"Nick Drake","One Of These Things First"
"Nick Drake","Pink Moon"
"Nick Drake","Time Has Told Me"
"Nick Fradiani","Beautiful Life"
"Nick Jonas","Chains"
"Nick Jonas","Jealous"
"Nick Jonas","Levels"
"Nick Jonas & Robin Schulz","Right Now"
"Nick Jonas Feat. Tove Lo","Close"
"Nick Lowe","(What's So Funny 'Bout) Peace, Love And Understanding"
"Nick Lowe","Cruel To Be Kind"
"Nick Lowe","Heart Of The City"
"Nick Lowe","I Knew The Bride"
"Nick Lowe","I Love The Sound Of Breaking Glass"
"Nick Lowe","Marie Provost"
"Nick Lowe","Raging Eyes"
"Nick Lowe","The Nick Lowe Medley"
"Nick Lowe","Without Love"
"Nickelback","Animals"
"Nickelback","Far Away"
"Nickelback","How You Remind Me"
"Nickelback","If Today Was Your Last Day"
"Nickelback","Photograph"
"Nickelback","Rockstar"
"Nickelback","Someday"
"Nickelback","This Afternoon"
"Nickelback","When We Stand Together"
"Nicki Minaj","Anaconda"
"Nicki Minaj","Ganja Burn"
"Nicki Minaj","Girls Fall Like Dominoes"
"Nicki Minaj","Girls Fall Like Dominoes (Clean)"
"Nicki Minaj","Pound The Alarm"
"Nicki Minaj","Red Ruby Da Sleeze"
"Nicki Minaj","Right By My Side"
"Nicki Minaj","Starships"
"Nicki Minaj","Super Bass"
"Nicki Minaj","Super Freaky Girl"
"Nicki Minaj","The Night Is Still Young"
"Nicki Minaj Feat. Drake","Moment 4 Life"
"Nicki Minaj Feat. Drake & Lil Wayne","Truffle Butter"
"Nicki Minaj Feat. Rihanna","Fly"
"Nicky Byrne","Sunlight"
"Nicky Jam","El perdón"
"Nicky Jam","Travesuras"
"Nicky Jam Feat. Enrique Iglesias","El Perdón"
"Nico & Vinz","Am I Wrong"
"Nico & Vinz","In Your Arms"
"Nicola Roberts","Beat Of My Drum"
"Nicola Roberts","Yo-Yo"
"Nicole Scherzinger","Boomerang"
"Nicole Scherzinger","Don't Hold Your Breath"
"Nicole Scherzinger","On The Rocks"
"Nicole Scherzinger","Poison"
"Nicole Scherzinger Feat. 50 Cent","Right There"
"Night Ranger","Sister Christian"
"Nightcrawlers","Push The Feeling On"
"Nik Kershaw","I Won't Let The Sun Go Down On Me"
"Nik Kershaw","The Riddle"
"Nik Kershaw","Wouldn't It Be Good"
"Nikita","Веревки"
"Nikita","Машина"
"Nikki French","Total Eclipse Of The Heart"
"Nikki Webster","Strawberry Kisses"
"Nilsson","Everybody's Talkin'"
"Nilsson","Without You"
"Nina Simone","Ain't Got No, I Got Life"
"Nina Simone","Feeling Good"
"Nina Simone","I Put A Spell On You"
"Nina Simone","Just Like A Woman"
"Nina Simone","My Baby Just Cares For Me"
"Nina Simone","Sinnerman (Short Version)"
"Nina Simone V Groovefinder Remix","Ain't Got No, I Got Life"
"Nine Inch Nails","Closer"
"Nine Inch Nails","Hand That Feeds"
"Nine Inch Nails","Head Like A Hole"
"Nine Inch Nails","Hurt"
"Nine Inch Nails","Survivalism"
"Nino Bravo","Un beso y una flor"
"Nino Ferrer","Le sud"
"Nirvana","Breed"
"Nirvana","Come As You Are"
"Nirvana","Heart-Shaped Box"
"Nirvana","Polly"
"Nirvana","Smells Like Teen Spirit"
"Nirvana","Something In The Way"
"Nirvana","You Know You're Right"
"Nizlopi","JCB Song"
"No Doubt","Don't Speak"
"No Doubt","Hella Good"
"No Doubt","Hey Baby"
"No Doubt","It's My Life"
"No Doubt","Just A Girl"
"No Doubt","Underneath It All"
"No Mercy","Where Do You Go"
"No Way Sis","I'd Like To Teach The World To Sing"
"Noah & The Whale","5 Years Time"
"Noah & The Whale","Give It All Back"
"Noah & The Whale","L.I.F.E.G.O.E.S.O.N."
"Noah & The Whale","Life Is Life"
"Noah & The Whale","Tonight's The Kind Of Night"
"Noah & The Whale","Waiting For My Chance To Come"
"Noah Kahan","Stick Season"
"Noah Kahan","The Great Divide"
"Noah Kahan, Sam Fender","Homesick"
"Noahfinnce","3 Day Headache"
"Noel Gallagher's High Flying Birds","Holy Mountain"
"Noel Gallagher's High Flying Birds","If I Had A Gun"
"Noel Gallagher's High Flying Birds","It's a Beautiful World"
"Noel Gallagher's High Flying Birds","Open The Door, See What You Find"
"Noel Gallagher's High Flying Birds","The Death Of You And Me"
"Noel Gallagher's High Flying Birds","We're On Our Way Now"
"Noemi","Vouto a Pedere"
"Noemi ","Per Tutta La Vita"
"Noemi e Fiorella Mannoia","L'amore Si Odia"
"Noir Désir","Le vent nous portera"
"Noir Désir","L'homme presse"
"Noonoouri, Alle Farben","Dominoes"
"Nora Fatehi, Balqees, Rahma Riad, Manal & RedOne","Light The Sky"
"Norah Jones","Above Ground"
"Norah Jones","Be Here To Love Me"
"Norah Jones","Carnival Town"
"Norah Jones","Cold Cold Heart"
"Norah Jones","Come Away With Me"
"Norah Jones","Creepin' In"
"Norah Jones","Don't Know Why"
"Norah Jones","Happy Pills"
"Norah Jones","In The Morning"
"Norah Jones","I've Got To See You Again"
"Norah Jones","Lonestar"
"Norah Jones","Nightingale"
"Norah Jones","One Flight Down"
"Norah Jones","Seven Years"
"Norah Jones","Sunrise"
"Norah Jones","The Long Way Home"
"Norah Jones","The Nearness Of You"
"Norah Jones","Turn Me On"
"Norah Jones","What Am I To You"
"Norman Greenbaum","Spirit In The Sky"
"Norman Wisdom","Don't Laugh At Me (Film Version)"
"Norman Wisdom","Up In The World (Film Version)"
"Normani","Motivation"
"Notorious B.I.G & Friends","Nasty Girl"
"Notorious B.I.G.","Big Poppa"
"Notorious B.I.G.","Juicy (It's All Good)"
"NSYNC","Bye Bye Bye"
"NSYNC","I Want You Back"
"NSYNC","I'll Never Stop"
"NSYNC","It's Gonna Be Me"
"NSYNC","No Strings Attached"
"NSYNC","Pop"
"NSYNC","Tearin' Up My Heart"
"NSYNC","This I Promise You"
"NSYNC Feat. Nelly","Girlfriend"
"N-Trance","Set You Free"
"N-Trance","Staying Alive"
"Oakenfold Feat. Brittany Murphy","Faster Kill Pussycat"
"Oasis","Acquiesce"
"Oasis","All Around The World"
"Oasis","Be Here Now"
"Oasis","Champagne Supernova"
"Oasis","Cigarettes & Alcohol"
"Oasis","Don't Look Back In Anger"
"Oasis","Don't Stop"
"Oasis","D'You Know What I Mean"
"Oasis","Go Let It Out"
"Oasis","Half The World Away"
"Oasis","Hello"
"Oasis","Hindu Times"
"Oasis","It's Gettin' Better (Man!!)"
"Oasis","Let There Be Love"
"Oasis","Little By Little"
"Oasis","Live Forever"
"Oasis","Lyla"
"Oasis","Masterplan"
"Oasis","Rock & Roll Star"
"Oasis","Roll With It"
"Oasis","She's Electric"
"Oasis","Slide Away"
"Oasis","Some Might Say"
"Oasis","Songbird"
"Oasis","Stand By Me"
"Oasis","Stay Young"
"Oasis","Stop Crying Your Heart Out"
"Oasis","Sunday Morning Call"
"Oasis","Supersonic"
"Oasis","The Importance Of Being Idle"
"Oasis","The Shock Of The Lightning"
"Oasis","Whatever"
"Oasis","Wonderwall"
"Ocean Colour Scene","Better Day"
"Ocean Colour Scene","Riverboat Song"
"Ocean Colour Scene","The Day We Caught The Train"
"Odeal feat. Jorja Smith","Coming Home"
"Odyssey","Going Back To My Roots"
"Odyssey","Native New Yorker"
"Of Monsters & Men","King And Lionheart"
"Of Monsters & Men","Little Talks"
"Of Monsters And Men","Wild Roses"
"Ofenbach","Be Mine"
"Ofenbach, Benjamin Ingrosso","Paradise"
"Ofenbach, Quarterhead- Norma Jean Martine","Head Shoulders Knees & Toes"
"Oh Wonder","Drive"
"Ok Go","Here It Goes Again"
"Oklahoma! (Musical)","Oh What A Beautiful Morning"
"Oklahoma! (Musical)","The Surrey With The Fringe On Top"
"Ol' Dirty Bastard","Shimmy Shimmy Ya"
"Old Dominion","Break Up With Him"
"Old Dominion","One Man Band"
"Oleta Adams","Get Here"
"Oliver Heldens & Becky Hill","Gecko (Overdrive)"
"Oliver Heldens Feat. KStewart","Last All Night (Koala)"
"Oliver Heldens feat. Kylie Minogue","10 out of 10"
"Oliver Heldens feat. Nile Rodgers & House Gospel Choir","I Was Made For Lovin' You"
"Oliver Tree","With You"
"Oliver Tree & David Guetta","Here We Go Again"
"Oliver! (Musical)","As Long As He Needs Me"
"Oliver! (Musical)","Consider Yourself"
"Oliver! (Musical)","Reviewing The Situation"
"Olivia Dean","Man I Need"
"Olivia Dean","Nice To Each Other"
"Olivia Dean","So Easy (To Fall In Love)"
"Olivia Newton-John","A Little More Love"
"Olivia Newton-John","Banks Of The Ohio"
"Olivia Newton-John","Have You Never Been Mellow"
"Olivia Newton-John","I Honestly Love You"
"Olivia Newton-John","Let's Get Physical"
"Olivia Newton-John","Magic"
"Olivia Newton-John","Physical"
"Olivia Newton-John","Sam"
"Olivia Newton-John & Cliff Richard","Suddenly"
"Olivia Newton-John & The Electric Light Orchestra","Xanadu"
"Olivia Rodrigo","Bad Idea Right?"
"Olivia Rodrigo","Can't Catch Me Now"
"Olivia Rodrigo","Deja Vu"
"Olivia Rodrigo","Drivers License"
"Olivia Rodrigo","Drop Dead"
"Olivia Rodrigo","Good 4 U"
"Olivia Rodrigo","Happier"
"Olivia Rodrigo","Obsessed"
"Olivia Rodrigo","Stupid Song"
"Olivia Rodrigo","The Cure"
"Olivia Rodrigo","Traitor"
"Olivia Rodrigo","Vampire"
"Olivia Rodrigo & Joshua Bassett","Even When/The Best Part (Disney)"
"Olly Alexander","Cupid's Bow"
"Olly Alexander","Dizzy"
"Olly Murs","Army of Two"
"Olly Murs","Beautiful To Me"
"Olly Murs","Busy"
"Olly Murs","Dance With Me Tonight"
"Olly Murs","Dear Darlin'"
"Olly Murs","Grow Up"
"Olly Murs","Hand On Heart"
"Olly Murs","Heart On My Sleeve"
"Olly Murs","Hey You Beautiful"
"Olly Murs","Kiss Me"
"Olly Murs","Never Been Better"
"Olly Murs","Oh My Goodness"
"Olly Murs","Please Don't Let Me Go"
"Olly Murs","Right Place, Right Time"
"Olly Murs","Run This Town"
"Olly Murs","Save Me"
"Olly Murs","Seasons"
"Olly Murs","Stevie Knows"
"Olly Murs","Thinking Of Me"
"Olly Murs","Years & Years"
"Olly Murs","You Don't Know Love"
"Olly Murs Feat. Demi Lovato","Up"
"Olly Murs Feat. Flo Rida","Troublemaker"
"Olly Murs Feat. Rizzle Kicks","Heart Skips A Beat"
"Olly Murs feat. Travie McCoy","Wrapped Up"
"Omar","There's Nothing Like This"
"OMC","How Bizarre"
"OMD","(Forever) Live And Die"
"OMD","Electricity"
"OMD","Enola Gay"
"OMD","Pandora's Box"
"OMD","Sailing On The Seven Seas"
"OMD","Souvenir"
"OMD","Walking On The Milky Way"
"Omi","Cheerleader"
"OMI","Cheerleader (Felix Jaehn Remix)"
"Omi","Hula Hoop"
"Once Upon a Time in Mumbaai (Mohit Chauhan)","Pee Loon"
"One Direction","Back For You"
"One Direction","Best Song Ever"
"One Direction","Change My Mind"
"One Direction","C'mon C'mon"
"One Direction","Diana"
"One Direction","Drag Me Down"
"One Direction","Fireproof"
"One Direction","Girl Almighty"
"One Direction","Gotta Be You"
"One Direction","Heart Attack"
"One Direction","History"
"One Direction","Home"
"One Direction","I Want"
"One Direction","I Would"
"One Direction","Infinity"
"One Direction","Kiss You"
"One Direction","Last First Kiss"
"One Direction","Little Things"
"One Direction","Live While We're Young"
"One Direction","Love You Goodbye"
"One Direction","Midnight Memories"
"One Direction","More Than This"
"One Direction","Night Changes"
"One Direction","No Control"
"One Direction","Olivia"
"One Direction","One Thing"
"One Direction","One Way Or Another (Teenage Kicks)"
"One Direction","Over Again"
"One Direction","Perfect"
"One Direction","Rock Me"
"One Direction","Stand Up"
"One Direction","Steal My Girl"
"One Direction","Stockholm Syndrome"
"One Direction","Story Of My Life"
"One Direction","Summer Love"
"One Direction","They Don't Know About Us"
"One Direction","Up All Night"
"One Direction","What Makes You Beautiful"
"One Direction","You & I"
"One Night Only","Just For Tonight"
"One Republic","Beautiful Colors (from Kaiju No. 8)"
"OneRepublic","All The Right Moves"
"OneRepublic","Apologize"
"OneRepublic","Counting Stars"
"OneRepublic","I Ain't Worried"
"OneRepublic","I Lived"
"OneRepublic","If I Lose Myself"
"OneRepublic","Invincible"
"OneRepublic","Kids"
"OneRepublic","Love Runs Out"
"OneRepublic","Mercy"
"OneRepublic","Mirage"
"OneRepublic","Need Your Love"
"OneRepublic","Runaway"
"OneRepublic","Secrets"
"OneRepublic","Stop And Stare"
"Only Fools and Horses (Musical)","Hooky Street"
"Only Fools and Horses (Musical)","The Girl"
"Only The Young","I Do"
"OPM","Heaven Is A Halfpipe"
"Orange Juice","Rip It Up"
"Orson","No Tomorrow"
"Osibisa","Sunshine Day"
"Otis Redding","(Sittin' On) The Dock Of The Bay"
"Otis Redding","A Change Is Gonna Come"
"Otis Redding","Hard To Handle"
"Otis Redding","Love Man"
"O-Town","All Or Nothing"
"O-Town","Liquid Dreams"
"Ottawan","D. I. S. C. O."
"Ottawan","Hands Up"
"Outhere Brothers","Boom Boom Boom"
"Outkast","Hey Ya"
"Outkast","Ms Jackson"
"Outkast","Roses"
"Outkast","So Fresh, So Clean"
"Outkast","The Way You Move"
"Owen Paul","My Favourite Waste Of Time"
"Owl City","Fireflies"
"Owl City","Vanilla Twilight"
"O-Zone","Dragostea Din Tei"
"Ozuna","Baila Baila Baila"
"Ozuna","Tú Foto"
"Ozzy Osbourne","Crazy Train"
"Ozzy Osbourne & Kelly Osbourne","Changes"
"P!nk","All I Know So Far"
"P. Diddy Feat. Christina Aguilera","Tell Me"
"Pablo Alboran","Solamente Tú"
"Pablo Alborán Feat Jesse & Joy","Dónde Está El Amor"
"Paco","Amor de mis amores"
"Paloma Faith","Black And Blue"
"Paloma Faith","Can't Rely On You"
"Paloma Faith","Crybaby"
"Paloma Faith","Just Be"
"Paloma Faith","Make Your Own Kind Of Music"
"Paloma Faith","New York"
"Paloma Faith","Only Love Can Hurt Like This"
"Paloma Faith","Picking Up The Pieces"
"Paloma Faith","Ready for the Good Life"
"Paloma Faith","Stone Cold Sober"
"Paloma Faith","Upside Down"
"Panic! At The Disco","Don't Threaten Me With A Good Time"
"Panic! At The Disco","Emperor's New Clothes"
"Panic! At The Disco","High Hopes"
"Panic! At The Disco","I Write Sins Not Tragedies"
"Panic! At The Disco","Nine In The Afternoon"
"Pantera","Walk"
"Paolo Conte","Via Con Me"
"Paolo Nuitini","Through The Echoes"
"Paolo Nutini","Candy"
"Paolo Nutini","Iron Sky"
"Paolo Nutini","Last Request"
"Paolo Nutini","Let Me Down Easy"
"Paolo Nutini","New Shoes"
"Paolo Nutini","Pencil Full Of Lead"
"Paolo Nutini","Rewind"
"Paolo Nutini","Ten Out Of Ten"
"Papa Roach","Last Resort"
"Paper Lace","Billy Don't Be A Hero"
"Paper Lace","The Night Chicago Died"
"Parade","Perfume"
"Paramore","Ain't It Fun"
"Paramore","Brick By Boring Brick"
"Paramore","Crush Crush Crush"
"Paramore","Hard Times"
"Paramore","Hello Cold World"
"Paramore","Ignorance"
"Paramore","Misery Business"
"Paramore","Monster"
"Paramore","Still Into You"
"Paramore","That's What You Get"
"Parra for Cuva Feat. Anna Naklab","Wicked Games"
"Passenger","Anywhere"
"Passenger","Holes"
"Passenger","Let Her Go"
"Passenger","Sword From The Stone"
"Passenger Feat. Ed Sheeran","Heart's On Fire"
"Pat Benatar","Hit Me With Your Best Shot"
"Pat Benatar","Love Is A Battlefield"
"Pat Boone","Don't Forbid Me"
"Pat Boone","I'll Be Home"
"Pat Boone","Love Letters In The Sand"
"Pat Boone","Remember You're Mine"
"Pat Boone","Speedy Gonzales"
"Pato Banton","Baby Come Back"
"Patricia Kaas","Mon mec à moi"
"Patrick Bruel","J'te l'dis quand même"
"Patrick Bruel","Mon amant de St Jean"
"Patrick Bruel","Place des grands hommes"
"Patrick Sébastien","Les sardines"
"Patrizio Buanne","Il Mondo"
"Patsy Cline","Back In Baby's Arms"
"Patsy Cline","Crazy"
"Patsy Cline","I Fall To Pieces"
"Patsy Cline","She's Got You"
"Patsy Cline","Sweet Dreams"
"Patsy Cline","Walkin' After Midnight"
"Patti Austin & James Ingram","Baby Come To Me"
"Patti Labelle","Lady Marmalade"
"Patti Labelle & Michael McDonald","On My Own"
"Patti Smith","Because The Night"
"Patti Smith","Gloria"
"Paty Cantu","Suerte"
"Paul Anka","Diana"
"Paul Anka","Lonely Boy"
"Paul Anka","Puppy Love"
"Paul Anka","Put Your Head On My Shoulder"
"Paul Anka","You Are My Destiny"
"Paul Carrack","Don't Let The Sun Catch You Crying"
"Paul Carrack","Don't Shed A Tear"
"Paul Carrack","I Need You"
"Paul Carrack","Life's Too Short"
"Paul Carrack","Love Will Keep Us Alive"
"Paul Carrack","Walk In The Room"
"Paul Evans","Hello, This Is Joannie"
"Paul Jones","High Time"
"Paul Jones","I've Been A Bad Bad Boy"
"Paul McCartney","Another Day"
"Paul McCartney","Band On The Run"
"Paul McCartney","Coming Up"
"Paul McCartney","Fuh You"
"Paul McCartney","Helen Wheels"
"Paul McCartney","Jet"
"Paul McCartney","Live And Let Die"
"Paul McCartney","Maybe I'm Amazed"
"Paul McCartney","New"
"Paul McCartney","No More Lonely Nights"
"Paul McCartney","Pipes Of Peace"
"Paul McCartney","Queenie Eye"
"Paul McCartney","Silly Love Songs"
"Paul McCartney","Wonderful Christmastime"
"Paul McCartney","Young Boy"
"Paul McCartney & Stevie Wonder","Ebony & Ivory"
"Paul McCartney & The Frog Chorus","We All Stand Together"
"Paul Nicholas","Dancing With The Captain"
"Paul Simon","Boy In The Bubble"
"Paul Simon","Diamonds On The Soles Of Her Shoes"
"Paul Simon","Fifty Ways To Leave Your Lover"
"Paul Simon","Kodachrome"
"Paul Simon","Mother & Child Reunion"
"Paul Simon","Still Crazy After All These Years"
"Paul Simon","You Can Call Me Al"
"Paul Stanley","Live To Win"
"Paul Weller","Broken Stones"
"Paul Weller","English Rose"
"Paul Weller","Hung Up"
"Paul Weller","Out Of The Sinking"
"Paul Weller","Peacock Suit"
"Paul Weller","The Changingman"
"Paul Weller","Wild Wood"
"Paul Weller","You Do Something To Me"
"Paul Woolford & Diplo","Looking For Me"
"Paul Young","Come Back And Stay"
"Paul Young","Every Time You Go Away"
"Paul Young","Everytime You Go Away"
"Paul Young","Love Of The Common People"
"Paul Young","Wherever I Lay My Hat (Thats My Home)"
"Paul Young & Zuchero","Senza Una Donna"
"Paula Abdul","Opposites Attract"
"Paula Abdul","Straight Up"
"Paula DeAnda","Doing Too Much"
"Paulina Rubio","Mi Nuevo Vicio"
"Paulini","Take Me Home Country Roads"
"Paulo Londra","Adan y Eva"
"Paulo Londra","Plan A"
"Pawsa","Ride On Me"
"Peabo Bryson & Roberta Flack","Tonight I Celebrate My Love"
"Peaches & Herb","Reunited"
"Pearl Jam","Alive"
"Pearl Jam","Black"
"Pearl Jam","Daughter"
"Pearl Jam","Even Flow"
"Pearl Jam","Jeremy"
"Pearl Jam","Just Breathe"
"Pedro Capó, Farruko","Calma Remix"
"Peggy Gou","(It Goes Like) Nanana"
"Peggy Lee","Fever"
"Peggy Lee","Is That All There Is"
"Pentatonix","Hallelujah"
"Peppa Pig","The Bing Bong Song"
"Pepper & Piano","You Took My Heart"
"Percy Sledge","When A Man Loves A Woman"
"Perrie","Christmas Magic"
"Perrie","Cute Aggression"
"Perrie","Woman In Love"
"Perry Como","And I Love You So"
"Perry Como","Delaware"
"Perry Como","For The Good Times"
"Perry Como","I Saw Mommy Kissing Santa Claus"
"Perry Como","It's Impossible"
"Perry Como","Love Makes The World Go Round"
"Perry Como","Magic Moments"
"Perry Como and The Fontane Sisters","It's Beginning To Look A Lot Like Christmas"
"Pet Shop Boys","Always On My Mind"
"Pet Shop Boys","Dancing Star"
"Pet Shop Boys","Go West"
"Pet Shop Boys","Heart"
"Pet Shop Boys","It's A Sin"
"Pet Shop Boys","Left To My Own Devices"
"Pet Shop Boys","Miracles"
"Pet Shop Boys","New London Boy"
"Pet Shop Boys","So Hard"
"Pet Shop Boys","Somewhere"
"Pet Shop Boys","Suburbia"
"Pet Shop Boys","The Pop Kids"
"Pet Shop Boys","West End Girls"
"Peter And Gordon","A World Without Love"
"Peter And Gordon","I Go To Pieces"
"Peter Andre","Kiss The Girl"
"Peter Andre","Mysterious Girl"
"Peter Cetera","Glory Of Love"
"Peter et Sloane","Besoin de rien, envie de toi"
"Peter Frampton","Show Me The Way"
"Peter Gabriel","Games Without Frontiers"
"Peter Gabriel","Sledgehammer"
"Peter Gabriel","Solsbury Hill"
"Peter Gabriel & Kate Bush","Don't Give Up"
"Peter Sarstedt","Frozen Orange Juice"
"Peter Sarstedt","Where Do You Go To My Lovely"
"Peter Sellers & Sophia Loren","Goodness Gracious Me"
"Peter, Bjorn & John Feat. Victoria Bergman","Young Folks"
"Peter, Paul And Mary","Blowin' In The Wind"
"Peter, Paul And Mary","If I Had A Hammer"
"Peter, Paul And Mary","Leaving On A Jet Plane"
"Peter, Paul And Mary","Puff The Magic Dragon"
"Peters & Lee","Welcome Home"
"Petula Clark","Downtown"
"Petula Clark","I Couldn't Live Without Your Love"
"Petula Clark","Sailor"
"Petula Clark","This Is My Song"
"Pharrell & Miley Cyrus","Doctor (Work It Out)"
"Pharrell Feat. Gwen Stefani","Can I Have It Like That"
"Pharrell Williams","Come Get It Bae"
"Pharrell Williams","Double Life (from Despicable Me 4)"
"Pharrell Williams","Freedom"
"Pharrell Williams","Happy"
"Pharrell Williams","Marilyn Monroe"
"Phata Poster Nikla Hero","Main Rang Sharbaton Ka"
"Phata Poster Nikla Hero","Tu Mere Agal Bagal Hai"
"Phats & Small","Turn Around"
"Phil Collins","A Groovy Kind Of Love"
"Phil Collins","Against All Odds (Take A Look At Me Now)"
"Phil Collins","Another Day In Paradise"
"Phil Collins","I Wish It Would Rain"
"Phil Collins","In The Air Tonight"
"Phil Collins","One More Night"
"Phil Collins","Sussudio"
"Phil Collins","Two Hearts"
"Phil Collins","You Can't Hurry Love"
"Phil Collins & Marilyn Martin","Separate Lives"
"Phil Collins & Phil Bailey","Easy Lover"
"Phil Coulter","The Town I Loved So Well"
"Phil Oakey & Giorgio Moroder","Together In Electric Dreams"
"Philip George","Alone No More"
"Philip George","Wish You Were Mine"
"Phyllis Nelson","Move Closer"
"Pia Mia","Touch"
"Pia Mia Feat. Chris Brown and Tyga","Do It Again"
"Piano Singalong","Alexander's Ragtime Band"
"Piano Singalong","Baby Face"
"Piano Singalong","Bless 'Em All"
"Piano Singalong","Bye Bye Blackbird"
"Piano Singalong","Hello Dolly"
"Piano Singalong","Hello, Hello, Who's Your Lady Friend"
"Piano Singalong","If You Knew Susie"
"Piano Singalong","I'm Looking Over A Four Leaf Clover"
"Piano Singalong","I've Got A Lovely Bunch Of Coconuts"
"Piano Singalong","Kiss Me Goodnight Sergeant Major"
"Piano Singalong","Lily Of Laguna"
"Piano Singalong","Maybe It's Because I'm A Londoner"
"Piano Singalong","Pack Up Your Troubles"
"Piano Singalong","Side By Side"
"Piano Singalong","The White Cliffs Of Dover"
"Piano Singalong","Underneath The Arches"
"Piano Singalong","You Are My Sunshine"
"Piano Singalong","You Made Me Love You"
"Piano Singalong","You Must Have Been A Beautiful Baby"
"Piano Singalong (Al Jolson)","When The Red Red Robin"
"Piano Singalong (Florrie Forde)","Hold Your Hand Out, Naughty Boy!"
"Piano Singalong (GPS Arrangement)","21 Today"
"Piano Singalong (Laurel And Hardy)","On The Trail Of The Lonesome Pine"
"Piano Singalong (Mrs Mills)","As Time Goes By"
"Piano Singalong (Mrs Mills)","Bring Me Sunshine"
"Piano Singalong (Mrs Mills)","By The Light Of The Silvery Moon"
"Piano Singalong (Mrs Mills)","Don't Dilly Dally (My Old Man Said Follow The Van)"
"Piano Singalong (Mrs Mills)","Down At The Old Bull And Bush"
"Piano Singalong (Mrs Mills)","Five Foot Two, Eyes Of Blue"
"Piano Singalong (Mrs Mills)","Get Me To The Church On Time"
"Piano Singalong (Mrs Mills)","I'm Forever Blowing Bubbles"
"Piano Singalong (Mrs Mills)","Knees Up Mother Brown"
"Piano Singalong (Mrs Mills)","Love And Marriage"
"Piano Singalong (Mrs Mills)","Ma (He's Making Eyes At Me)"
"Piano Singalong (Mrs Mills)","On Mother Kelly's Doorstep"
"Piano Singalong (Mrs Mills)","Powder Your Face With Sunshine"
"Piano Singalong (Mrs Mills)","Que Sera Sera"
"Piano Singalong (Mrs Mills)","Show Me The Way To Go Home"
"Piano Singalong (Mrs Mills)","The Lambeth Walk"
"Piano Singalong (Mrs Mills)","Tiptoe Through The Tulips"
"Piano Singalong (Mrs Mills)","We'll Meet Again"
"Piano Singalong (Mrs Mills)","When You're Smiling"
"Piano Singalong (Mrs Mills)","Wish Me Luck As You Wave Me Goodbye"
"Piano Singalong (Mrs Mills/Marilyn Monroe)","Diamonds Are A Girl's Best Friend"
"Piano Singalong (Stanley Holloway)","Any Old Iron"
"Pierre Bachelet","Les Corons"
"Pilot","January"
"Pilot","Magic"
"Pink","All Out Of Fight"
"Pink","Beautiful Trauma"
"Pink","Blow Me (One Last Kiss)"
"Pink","Bridge Of Light"
"Pink","Can We Pretend"
"Pink","Dear Mr President"
"Pink","Don't Let Me Get Me"
"Pink","F**kin' Perfect"
"Pink","Family Portrait"
"Pink","Funhouse"
"Pink","Get The Party Started"
"Pink","Glitter In The Air"
"Pink","God Is A DJ"
"Pink","Heartbreak Down"
"Pink","I Don't Believe You"
"Pink","Just Like A Pill"
"Pink","Just Like Fire"
"Pink","Leave Me Alone (I'm Lonely)"
"Pink","Nobody Knows"
"Pink","Please Don't Leave Me"
"Pink","Raise Your Glass"
"Pink","So What"
"Pink","Sober"
"Pink","Stupid Girls"
"Pink","There You Go"
"Pink","Trouble"
"Pink","Trustfall"
"Pink","Try"
"Pink","U And Ur Hand"
"Pink","Walk Me Home"
"Pink","What About Us"
"Pink","Who Knew"
"Pink Feat. Eminem","Revenge"
"Pink Feat. Lily Allen","True Love (Clean)"
"Pink Feat. Nate Ruess","Just Give Me A Reason"
"Pink Feat. Wrabel","90 Days"
"Pink Floyd","Another Brick In The Wall"
"Pink Floyd","Brain Damage - Eclipse"
"Pink Floyd","Breathe"
"Pink Floyd","Comfortably Numb"
"Pink Floyd","Coming Back To Life"
"Pink Floyd","Hey You"
"Pink Floyd","Money"
"Pink Floyd","Nobody Home"
"Pink Floyd","See Emily Play"
"Pink Floyd","Shine On You Crazy Diamond"
"Pink Floyd","The Final Cut"
"Pink Floyd","The Great Gig In The Sky"
"Pink Floyd","Time"
"Pink Floyd","Welcome To The Machine"
"Pink Floyd","Wish You Were Here"
"Pink Martini","Amado Mio"
"Pink Pantheress","Boy's a liar"
"Pink Pantheress","Mosquito"
"Pink, Khalid","Hurts 2B Human"
"Pinkees","Danger Games"
"Pinkerton's Assorted Colours","Mirror Mirror"
"Pinkfong","Baby Shark"
"PinkPantheress","Pain"
"PinkPantheress","Tonight"
"PinkPantheress feat. Central Cee","Nice To Meet You"
"Pino Daniele","Quando"
"Pinocchio (Disney)","When You Wish Upon A Star"
"Pitbull","Back In Time"
"Pitbull","Echa Pa'lla (Manos Pa'rriba)"
"Pitbull","El Taxi"
"Pitbull","Freedom"
"Pitbull","Hotel Room Service"
"Pitbull","I Know You Want Me (Calle Ocho)"
"Pitbull Feat. Chris Brown","International Love"
"Pitbull Feat. Kesha","Timber"
"Pitbull Feat. Marc Anthony","Rain Over Me"
"Pitbull Feat. Ne-Yo","Time Of Our Lives"
"Pitbull Feat. Ne-Yo, Afrojack & Nayer","Give Me Everything (Tonight)"
"Pitbull Feat. Shakira","Get It Started"
"Pitbull Feat. TJR","Don't Stop The Party"
"Pixie Lott","All About Tonight"
"Pixie Lott","Band Aid"
"Pixie Lott","Boys And Girls"
"Pixie Lott","Break Up Song"
"Pixie Lott","Broken Arrow"
"Pixie Lott","Cry Me Out"
"Pixie Lott","Gravity"
"Pixie Lott","Kiss The Stars"
"Pixie Lott","Mama Do"
"Pixie Lott","Turn it Up"
"Pixie Lott","Use Somebody"
"Pixies","Debaser"
"Pixies","Gouge Away"
"Pixies","Here Comes Your Man"
"Pixies","Monkey Gone To Heaven"
"Pixies","Where Is My Mind"
"PJ & Duncan","Let's Get Ready To Rumble"
"Placebo","Beautiful James"
"Placebo","Every You Every Me"
"Placebo","Nancy Boy"
"Placebo","Pure Morning"
"Placebo","Song To Say Goodbye"
"Placebo","The Bitter End"
"Plain White T's","Hey There Delilah"
"Plan B","Candy"
"Plan B","Fanatica Sensual"
"Plan B","Heartbeat"
"Plan B","Ill Manors"
"Plan B","In The Name Of Man"
"Plan B","Mi Vecinita"
"Plan B","Prayin'"
"Plan B","She Said"
"Plan B (Feat. Labrinth)","Playing With Fire"
"Plastic Bertrand","Ca Plane Pour Moi"
"PM Dawn","Set Adrift On Memory Bliss"
"Pocahontas (Disney)","Colours Of The Wind"
"Pocahontas (Disney)","Just Around The River Bend"
"Pocahontas (Disney)","Listen With Your Heart"
"Pocahontas (Disney)","Savages (Parts I & II)"
"Poison","Every Rose Has Its Thorn"
"Pokemon","Pokemon Theme"
"Polo G","RAPSTAR"
"Pop Idols","Ain't No Sunshine"
"Pop Idols","I Wanna Dance With Somebody"
"Pop Idols","It's Not Unusual"
"Pop Idols","Light My Fire"
"Porgy & Bess (Musical)","Summertime"
"Portugal. The Man","Feel It Still"
"Post Malone","Better Now"
"Post Malone","Chemical"
"Post Malone","Circles"
"Post Malone","Enough is Enough"
"Post Malone","Go Flex"
"Post Malone","Leave"
"Post Malone","Motley Crew"
"Post Malone","Mourning"
"Post Malone","Overdrive"
"Post Malone","What Don't Belong to Me"
"Post Malone","Wow."
"Post Malone & Swae Lee","Sunflower (Spider-Man: Into The Spiderverse)"
"Post Malone Feat. 21 Savage","Rockstar"
"Post Malone feat. Luke Combs","Guy For That"
"Post Malone feat. Morgan Wallen","I Had Some Help"
"Post Malone Feat. Quavo","Congratulations"
"Post Malone feat. Ty Dolla $ign","Psycho"
"Post Malone Feat. Young Thug","Goodbyes"
"Post Malone, The Weeknd","One Right Now"
"Powderfinger","My Happiness"
"Powfu","Death Bed"
"Pras Michel","Ghetto Superstar"
"Prefab Sprout","The King Of Rock 'n' Roll"
"Prefab Sprout","When Love Breaks Down"
"Primal Scream","Country Girl"
"Primal Scream","Movin' On Up"
"Primal Scream","Rocks"
"Prince","1999"
"Prince","Alphabet Street"
"Prince","Diamonds & Pearls"
"Prince","Get Off"
"Prince","Kiss"
"Prince","Let's Go Crazy"
"Prince","Little Red Corvette"
"Prince","My Name Is Prince"
"Prince","Purple Rain"
"Prince","Raspberry Beret"
"Prince","Sexy MF"
"Prince","Sign 'O' The Times"
"Prince","Sometimes It Snows In April"
"Prince","The Most Beautiful Girl In The World"
"Prince","When Doves Cry"
"Prince Royce","Darte Un Beso"
"Prince Royce","Stand By Me"
"Priscilla","Regarde-Moi"
"Priyanka Chopra Feat. Pitbull","Exotic"
"Procol Harum","A Whiter Shade Of Pale"
"Professor Green","Never Be A Right Time"
"Professor Green Feat. Ed Drewett","I Need You Tonight"
"Professor Green Feat. Emeli Sandé","Read All About It"
"Professor Green Feat. Lily Allen","Just Be Good To Green"
"Professor Green Feat. Rag'n'Bone Man","Photographs"
"Prospa & Cloonee","Free Your Mind"
"PSY","Gangnam Style"
"PSY","Gentleman"
"Public Enemy","Fight The Power"
"Public Enemy","Harder Than You Think"
"Puddle Of Mudd","Blurry"
"Puff Daddy Feat. Faith Evans & 112","I'll Be Missing You"
"Puff Daddy Feat. R. Kelly","Satisfy You"
"Pulp","Babies"
"Pulp","Common People"
"Pulp","Disco 2000"
"Pulp","Do You Remember The First Time?"
"Pulp","Help The Aged"
"Pulp","Mile End"
"Pulp","Sorted For E's And Wizz"
"Pulp","This Is Hardcore"
"Puretone","Addicted To Bass"
"Pussycat","Mississippi"
"Quarterflash","Harden My Heart"
"Quavo feat. Lana Del Rey","Tough"
"Queen","A Kind Of Magic"
"Queen","Another One Bites The Dust"
"Queen","Bicycle Race"
"Queen","Bohemian Rhapsody"
"Queen","Breakthru'"
"Queen","Crazy Little Thing Called Love"
"Queen","Don't Stop Me Now"
"Queen","Face It Alone"
"Queen","Fat Bottomed Girls"
"Queen","Flash's Theme"
"Queen","Friends Will Be Friends"
"Queen","Good Old Fashioned Lover Boy"
"Queen","Hammer To Fall"
"Queen","Headlong"
"Queen","I Want It All"
"Queen","I Want To Break Free"
"Queen","I'm Going Slightly Mad"
"Queen","Innuendo"
"Queen","Killer Queen"
"Queen","London Thumakda"
"Queen","Love Of My Life"
"Queen","No-One But You"
"Queen","Now I'm Here"
"Queen","O Gujariya"
"Queen","One Vision"
"Queen","Play The Game"
"Queen","Radio Ga Ga"
"Queen","Save Me"
"Queen","Seven Seas Of Rhye"
"Queen","Sheer Heart Attack"
"Queen","Somebody To Love"
"Queen","Thank God It's Christmas"
"Queen","The Queen Medley 1"
"Queen","The Queen Medley 2"
"Queen","The Queen Medley 3"
"Queen","The Show Must Go On"
"Queen","These Are The Days Of Our Lives"
"Queen","We Are The Champions"
"Queen","We Will Rock You"
"Queen","Who Wants To Live Forever"
"Queen","You're My Best Friend"
"Queen ","Tie Your Mother Down"
"Queens Of The Stone Age","3's & 7's"
"Queens Of The Stone Age","Go With The Flow"
"Queens Of The Stone Age","In My Head"
"Queens Of The Stone Age","Little Sister"
"Queens Of The Stone Age","Lost Art Of Keeping A Secret"
"Queens Of The Stone Age","No One Knows"
"Queens Of The Stone Age","Sick Sick Sick"
"Quest pistols","Санта Лючия"
"Quest Pistols Show и MONATIK","Мокрая"
"Quevedo","Vista Al Mar"
"Qusai","The Job"
"R Dean Taylor","There's A Ghost In My House"
"R Rajkumar","Gandi Baat"
"R Rajkumar","Saree Ke Fall Sa"
"R. City Feat. Adam Levine","Locked Away"
"R. Kelly","Bump 'N Grind"
"R. Kelly","Happy People"
"R. Kelly","I Believe I Can Fly"
"R. Kelly","If I Could Turn Back The Hands Of Time"
"R. Kelly","Ignition"
"R. Kelly","She's Got That Vibe"
"R. Kelly","The World's Greatest"
"R.E.M.","At My Most Beautiful"
"R.E.M.","Daysleeper"
"R.E.M.","Drive"
"R.E.M.","Everybody Hurts"
"R.E.M.","Imitation Of Life"
"R.E.M.","It's The End Of The World As We Know It"
"R.E.M.","Losing My Religion"
"R.E.M.","Man On The Moon"
"R.E.M.","Medley"
"R.E.M.","Near Wild Heaven"
"R.E.M.","Shiny Happy People"
"R.E.M.","Stand"
"R.E.M.","The Great Beyond"
"R.E.M.","The One I Love"
"R.E.M.","The Sidewinder Sleeps Tonight"
"Raag Patel","Ambar Se Toda"
"Raanjhanaa","Raanjhanaa"
"Raanjhanaa","Tum Tak"
"Raazi","Dilbaro"
"Rabih Baroud","Taibo"
"Rabih Gemayel","Men Jdid"
"Race 2","Lat Lag Gayee"
"Racey","Some Girls"
"Rachel Platten","Fight Song"
"Rachel Platten","Stand by You"
"Rachel Stevens","Some Girls"
"Racing Cars","They Shoot Horses Don't They"
"Radio Futura","Enamorado De La Moda Juvenil"
"Radiohead","2+2=5"
"Radiohead","All I Need"
"Radiohead","Creep"
"Radiohead","Fake Plastic Trees"
"Radiohead","High And Dry"
"Radiohead","Jigsaw Falling Into Place"
"Radiohead","Karma Police"
"Radiohead","Let Down"
"Radiohead","Lotus Flower"
"Radiohead","No Surprises"
"Radiohead","Nude"
"Radiohead","Paranoid Android"
"Radiohead","Street Spirit"
"Radiohead","The Bends"
"Radiohead","There There"
"Rae Morris","Someone Out There"
"Rae Morris","Under The Shadows"
"Rae Sremmurd Feat. Gucci Maine","Black Beatles"
"Raees (Pawni Pandey)","Laila Main Laila"
"Raffaella Carra","Do It Do It Again"
"Rage Against The Machine","Bullet In The Head"
"Rage Against The Machine","Killing In The Name"
"Rage Against The Machine","Wake Up"
"Ragheb Alama","Alby Eshekha"
"Ragheb Alama","Nasini El Donya"
"Ragheb Alama & Elissa","Betgheb Betrouh"
"Ragini MMS 2","Baby Doll"
"Ragini MMS 2","Chaar Botal Vodka"
"Rag'n'Bone Man","All You Ever Wanted"
"Rag'n'Bone Man","As You Are"
"Rag'n'Bone Man","Human"
"Rag'n'Bone Man","Put A Little Hurt On Me"
"Rag'n'Bone Man","Skin"
"Rag'n'Bone Man","Wolves"
"Rahul Dev Barman","Dhanno Ki Ankho Me"
"Rainbow","All Night Long"
"Rainbow","I Surrender"
"Rainbow","Since You've Been Gone"
"Rak-Su","Dimelo"
"Rak-Su","I Want You To Freak"
"Ralph McTell","Streets Of London"
"Ram Jam","Black Betty"
"Ram Jam Band","Black Betty"
"Ramleela","Ishqyaun Dhishqyaun"
"Ramleela","Lahu Munh Lag Gaya"
"Ramleela","Tattad Tattad"
"Ramy Ayach","Albi Wjaani"
"Ramy Ayach","Rae'h"
"Ramy Gamal","Ewaadini"
"RAMZ","Barking"
"Randy Crawford","Almaz"
"Randy Crawford","One Day I'll Fly Away"
"Randy Crawford","Rainy Night In Georgia"
"Randy Crawford","You Might Need Somebody"
"Raphael","Como Yo Te Amo"
"Rashid Al Majid","Kether Kel Shay Waheshny"
"Rauw Alejandro","Todo de ti"
"Rauw Alejandro & Bad Bunny","Qué Pasaría"
"Ravyn Lenae","Handle"
"Ravyn Lenae","Love Me Not"
"Ray Charles","Crying Time"
"Ray Charles","Georgia On My Mind"
"Ray Charles","Hit The Road Jack"
"Ray Charles","I Can't Stop Loving You"
"Ray Charles","I've Got A Woman"
"Ray Charles","Take These Chains From My Heart"
"Ray Charles","You Don't Know Me"
"Ray J","One Wish"
"Ray Lamontagne","Trouble"
"Ray Parker Jr.","Ghostbusters"
"RAYE","Click Clack Symphony"
"RAYE","Nightingale Lane"
"RAYE","Where Is My Husband"
"RAYE, 070 Shake","Escapism"
"Razorlight","America"
"Razorlight","Before I Fall To Pieces"
"Razorlight","Can't Stop This Feeling I've Got"
"Razorlight","Golden Touch"
"Razorlight","In The Morning"
"Razorlight","Somewhere Else"
"Ready","Character Dheela"
"Reba McEntire","For My Broken Heart"
"Reba McEntire","Is There Life Out There"
"Rebecca Black","Friday"
"Rebecca Ferguson","Backtrack"
"Rebecca Ferguson","Bones"
"Rebecca Ferguson","I Hope"
"Rebecca Ferguson","Nothing's Real But Love"
"Rebecca Ferguson","Too Good To Lose"
"Red Hot Chili Peppers","Aeroplane"
"Red Hot Chili Peppers","Blood Sugar Sex Magik"
"Red Hot Chili Peppers","Breaking The Girl"
"Red Hot Chili Peppers","By The Way"
"Red Hot Chili Peppers","Californication"
"Red Hot Chili Peppers","Can't Stop"
"Red Hot Chili Peppers","Dani California"
"Red Hot Chili Peppers","Give It Away"
"Red Hot Chili Peppers","Higher Ground"
"Red Hot Chili Peppers","If You Have To Ask"
"Red Hot Chili Peppers","Road Trippin'"
"Red Hot Chili Peppers","Scar Tissue"
"Red Hot Chili Peppers","Sir Psycho Sexy"
"Red Hot Chili Peppers","Snow (Hey Oh)"
"Red Hot Chili Peppers","Suck My Kiss"
"Red Hot Chili Peppers","The Zephyr Song"
"Red Hot Chili Peppers","Under The Bridge"
"Red Velvet","Bad Boy"
"Redbone","Come And Get Your Love"
"Redfoo","Let's Get Ridiculous"
"Redfoo","New Thang"
"Rednex","Cotton Eye Joe"
"Reef","Place Your Hands"
"Reel 2 Reel","I Like To Move It"
"Regard","Ride It"
"Regard & Raye","Secrets"
"Rels B","Tu Vas Sin (fav)"
"Rema","Calm Down"
"Ren Xian Qi","Xin Tai Ruan"
"Renato Zero","Amico Assoluto"
"Renato Zero","Angelina"
"Renaud","Manhattan-Kaboul"
"Renaud","Mistral gagnant"
"Renee & Renato","Save Your Love"
"Renée Fleming","O mio babbino caro"
"Rent (Musical)","One Song Glory"
"Rent (Musical)","Seasons of Love"
"Rent (Musical)","Take Me Or Leave Me"
"Rent (The Musical)","Out Tonight"
"REO Speedwagon","Can't Fight This Feeling"
"REO Speedwagon","Keep On Loving You"
"Republica","Ready To Go"
"Rex Orange County","10/10"
"Rex Orange County","Drama"
"Rex Orange County","Keep It Up"
"Rezillos","Top Of The Pops"
"Ricardo Arjona","Como Duele"
"Ricardo Arjona","Fuiste Tú"
"Ricardo Arjona","Señora de las Cuatro Décadas"
"Ricardo Arjona","Te Conozco"
"Riccardo Cocciante","Bella Senz'Anima"
"Ricchi e Poveri","Cosa Sei"
"Ricchi e Poveri","Mamma Maria"
"Ricchi e Poveri","Sara Perché Ti Amo"
"Richard Ashcroft","A Song For The Lovers"
"Richard Ashcroft","Break The Night With Colour"
"Richard Cocciante","Le coup de soleil"
"Richard Harris","MaCarthur Park"
"Richard Hawley","For Your Lover Give Some Time"
"Richard Marx","Hazard"
"Richard Marx","Now And Forever"
"Richard Marx","Right Here Waiting"
"Richie Valens","Tell Laura I Love Her"
"Rick Astley","Keep Singing"
"Rick Astley","Never Gonna Give You Up"
"Rick Astley","Together Forever"
"Rick Astley","Whenever You Need Somebody"
"Rick James","Superfreak"
"Rick Nelson","Be-Bop Baby"
"Rick Nelson","Believe What You Say"
"Rick Nelson","Fools Rush In"
"Rick Nelson","Poor Little Fool"
"Rick Springfield","Affair Of The Heart"
"Rick Springfield","Celebrate Youth"
"Rick Springfield","Don't Talk To Strangers"
"Rick Springfield","I Get Excited"
"Rick Springfield","I've Done Everything For You"
"Rick Springfield","Jessie's Girl"
"Rick Springfield","Love Is Alright Tonight"
"Rick Springfield","Love Somebody"
"Rick Springfield","My Father's Chair"
"Rick Springfield","Souls"
"Rick Springfield","State Of The Heart"
"Rick Springfield","What Kind Of Fool Am I"
"Ricky Gervais","Free Love Freeway"
"Ricky Martin","Adios"
"Ricky Martin","Livin' La Vida Loca (Radio Edit)"
"Ricky Martin","Maria (Un, dos, tres)"
"Ricky Martin","Nobody Wants To Be Lonely"
"Ricky Martin","Shake Your Bon Bon"
"Ricky Martin","She Bangs"
"Ricky Nelson","Garden Party"
"Ricky Nelson","Hello Mary Lou"
"Ricky Nelson","Never Be Anyone Else But You"
"Ricky Nelson","Stood Up"
"Ricky Tomlinson","Christmas, My A**e!"
"Ricky Valance","Tell Laura I Love Her"
"Right Said Fred","Deeply Dippy"
"Right Said Fred","I'm Too Sexy"
"Rihanna","American Oxygen"
"Rihanna","Bitch Better Have My Money"
"Rihanna","Breakin' Dishes"
"Rihanna","California King Bed"
"Rihanna","Cheers (Drink To That)"
"Rihanna","Diamonds"
"Rihanna","Disturbia"
"Rihanna","Don't Stop The Music"
"Rihanna","Farewell"
"Rihanna","Friend Of Mine (the Smurfs Movie)"
"Rihanna","If It's Lovin' That You Want"
"Rihanna","Kiss It Better"
"Rihanna","Lift Me Up"
"Rihanna","Love on the Brain"
"Rihanna","Man Down"
"Rihanna","Needed Me"
"Rihanna","Oh Baby"
"Rihanna","Only Girl (In The World)"
"Rihanna","Pon De Replay"
"Rihanna","Pour It Up"
"Rihanna","Rehab"
"Rihanna","Rihanna Megamix"
"Rihanna","Rude Boy"
"Rihanna","Russian Roulette"
"Rihanna","S&M"
"Rihanna","S.O.S"
"Rihanna","Shut Up And Drive"
"Rihanna","Sledgehammer"
"Rihanna","Take A Bow"
"Rihanna","Te Amo"
"Rihanna","Towards the Sun"
"Rihanna","Umbrella"
"Rihanna","Unfaithful"
"Rihanna","We Ride"
"Rihanna","What Now"
"Rihanna","Where Have You Been"
"Rihanna","You Da One"
"Rihanna & Kanye West & Paul McCartney","FourFiveSeconds"
"Rihanna Feat. Calvin Harris","We Found Love"
"Rihanna Feat. Chris Brown","Birthday Cake"
"Rihanna Feat. David Guetta","Right Now"
"Rihanna Feat. Drake","What's My Name?"
"Rihanna Feat. Drake","Work"
"Rihanna Feat. Jay-Z","Talk That Talk"
"Rihanna Feat. Mikky Ekko","Stay"
"Rihanna Feat. Ne-Yo","Hate That I Love You"
"Rihanna Feat. SZA","Consideration (clean)"
"Ringo Starr","Back Off Boogaloo"
"Ringo Starr","It Don't Come Easy"
"Ringo Starr","You're Sixteen"
"Rise Against","Savior"
"Rita Coolidge","All Time High"
"Rita McNeil","Working Man"
"Rita Ora","Anywhere"
"Rita Ora","Ask & You Shall Receive"
"Rita Ora","How To Be Lonely"
"Rita Ora","Let You Love Me"
"Rita Ora","Party and Bulls**t (How We Do Party)"
"Rita Ora","Poison"
"Rita Ora","Proud"
"Rita Ora","Radioactive"
"Rita Ora","Roc The Life"
"Rita Ora","Shine Ya Light"
"Rita Ora","That Girl"
"Rita Ora","You Only Love Me"
"Rita Ora","Your Song"
"Rita Ora Feat. Bebe Rexha, Cardi B and Charli XCX","Girls"
"Rita Ora Feat. Calvin Harris","I Will Never Let You Down"
"Rita Ora Feat. Chris Brown","Body On Me"
"Rita Ora Feat. Tinie Tempah","R.I.P."
"Ritchie Valens","La Bamba"
"Riton, Nightcrawler, Mufasa & Hypeman, Dopamine","Friday"
"Riva Feat. Dannii Minogue","Who Do You Love Now"
"Rixton","Hotel Ceiling"
"Rixton","Me And My Broken Heart"
"Rixton","We All Want The Same Thing"
"Rizzle Kicks","Down With The Trumpets"
"Rizzle Kicks","Lost Generation"
"Rizzle Kicks","Mama Do The Hump"
"Rizzle Kicks","Tell Her"
"Rizzle Kicks","Traveller's Chant"
"Rizzle Kicks","When I Was A Youngster"
"Roachford","Cuddly Toy"
"Rob Grant feat. Lana Del Rey","Lost at Sea"
"Robbie Sly & Mick Hucknall","Night Nurse"
"Robbie Williams","Advertising Space"
"Robbie Williams","Ain't That A Kick In The Head"
"Robbie Williams","Angels"
"Robbie Williams","Be A Boy"
"Robbie Williams","Better Man"
"Robbie Williams","Blasphemy"
"Robbie Williams","Bodies"
"Robbie Williams","Candy"
"Robbie Williams","Come Undone"
"Robbie Williams","Different"
"Robbie Williams","Eternity"
"Robbie Williams","Feel"
"Robbie Williams","Freedom"
"Robbie Williams","Go Gentle"
"Robbie Williams","Handsome Man"
"Robbie Williams","Have You Met Miss Jones"
"Robbie Williams","Heavy Entertainment Show"
"Robbie Williams","Hot Fudge"
"Robbie Williams","I Will Talk & Hollywood Will Listen"
"Robbie Williams","It Was A Very Good Year"
"Robbie Williams","Jesus In A Camper Van"
"Robbie Williams","Let Me Entertain You"
"Robbie Williams","Losers"
"Robbie Williams","Lost - XXV"
"Robbie Williams","Love My Life"
"Robbie Williams","Mack The Knife"
"Robbie Williams","Me & My Shadow"
"Robbie Williams","Me And My Monkey"
"Robbie Williams","Millennium"
"Robbie Williams","Morning Sun"
"Robbie Williams","Mr. Bojangles"
"Robbie Williams","No Regrets"
"Robbie Williams","Old Before I Die"
"Robbie Williams","Party Like A Russian"
"Robbie Williams","Road To Mandalay"
"Robbie Williams","Rock DJ"
"Robbie Williams","Rudebox"
"Robbie Williams","Sexed Up"
"Robbie Williams","She's Madonna"
"Robbie Williams","She's The One"
"Robbie Williams","Shine My Shoes"
"Robbie Williams","Something Beautiful"
"Robbie Williams","Strong"
"Robbie Williams","Supreme"
"Robbie Williams","Well Did You Evah!"
"Robbie Williams","You Know Me"
"Robbie Williams & Gary Barlow","Shame"
"Robbie Williams & Kylie Minogue","Kids"
"Robbie Williams & Nicole Kidman","Something Stupid"
"Robbie WIlliams feat. Jesse & Joy","Human"
"Robert Palmer","Addicted To Love"
"Robert Palmer","Bad Case Of Loving You"
"Robert Palmer","Simply Irresistible"
"Robert Plant & Alison Krauss","Killing The Blues"
"Robert Plant & Alison Krauss","Through The Morning, Through The Night"
"Roberta Flack","The First Time Ever I Saw Your Face"
"Robin Beck","First Time"
"Robin Gibb","Saved By The Bell"
"Robin S","Show Me Love"
"Robin Schulz Feat. Francesco Yates","Sugar"
"Robin Schulz Feat. Ilsey","Headlights"
"Robin Schulz Feat. Jasmine Thompson","Sun Goes Down"
"Robin Thicke","Lost Without You"
"Robin Thicke Feat. Kendrick Lamar","Give It 2 U"
"Robin Thicke Feat. T.I. & Pharrell","Blurred Lines"
"Robson & Jerome","I Believe"
"Robson & Jerome","Saturday Night At The Movies"
"Robson & Jerome","Up On The Roof"
"Robyn","Be Mine"
"Robyn","Blow My Mind"
"Robyn","Call Your Girlfriend"
"Robyn","Dancing On My Own"
"Robyn","Dopamine"
"Robyn","Show Me Love"
"Robyn","Talk To Me"
"Robyn With Kleerup","With Every Heartbeat"
"Rocco Granata","Marina"
"Rockwell","Somebody's Watching Me"
"Rocky Sharpe And The Replays","Rama Lama Ding Dong"
"Rocky Sharpe And The Replays","Shout Shout (Knock Yourself Out)"
"Rod Stewart","Baby Jane"
"Rod Stewart","Crazy She Calls Me"
"Rod Stewart","Da Ya Think I'm Sexy"
"Rod Stewart","Every Beat Of My Heart"
"Rod Stewart","Every Time We Say Goodbye"
"Rod Stewart","First Cut Is The Deepest"
"Rod Stewart","Forever Young"
"Rod Stewart","Have I Told You Lately"
"Rod Stewart","I Don't Want To Talk About It"
"Rod Stewart","I Was Only Joking"
"Rod Stewart","If Loving You Is Wrong I Don't Wanna Be Right"
"Rod Stewart","I'll Be Seeing you"
"Rod Stewart","It Had To Be You"
"Rod Stewart","It's Over"
"Rod Stewart","Love Is"
"Rod Stewart","Maggie May"
"Rod Stewart","Moonglow"
"Rod Stewart","Nevertheless"
"Rod Stewart","Please"
"Rod Stewart","Sailing"
"Rod Stewart","She Makes Me Happy"
"Rod Stewart","Some Guys Have All The Luck"
"Rod Stewart","The Killing Of Georgie"
"Rod Stewart","The Motown Song"
"Rod Stewart","The Very Thought Of You"
"Rod Stewart","The Way You Look Tonight"
"Rod Stewart","They Can't Take That Away From Me"
"Rod Stewart","Tom Trauberts Blues (Waltzing Matilda)"
"Rod Stewart","Tonight's The Night (Gonna Be Alright)"
"Rod Stewart","Where or When"
"Rod Stewart","You Wear It Well"
"Rod Stewart","Young Turks"
"Rod Stewart","You're In My Heart"
"Rod Stewart & Jools Holland","Almost Like Being In Love"
"Rodolfo y su Tipica","La Colegiala"
"Roger Miller","King Of The Road"
"Roger Whittaker","Last Farewell"
"Roger Whittaker","New World In The Morning"
"Rogue Traders","Voodoo Child"
"Roll Deep","Green Light"
"Rolling Stones","Angry"
"Rolling Stones","Gimme Shelter"
"Romeo Santos","Eres Mia"
"Romeo Santos","Propuesta Indecente"
"Romeo Santos Feat Drake","Odio"
"Romeo Santos Feat. Juan Luis Guerra","Carmín"
"Ronan Keating","I Hope You Dance"
"Ronan Keating","If Tomorrow Never Comes"
"Ronan Keating","Let Me Love You"
"Ronan Keating","Life Is A Rollercoaster"
"Ronan Keating","She Believes In Me"
"Ronan Keating","The Way You Make Me Feel"
"Ronan Keating","This I Promise You"
"Ronan Keating","This Is Your Song"
"Ronan Keating","When You Say Nothing At All"
"Ronan Keating & Yusuf Islam","Father & Son"
"Ronan Keating And Yusuf Islam","Father And Son"
"Ronan Keating Feat. Lulu","We've Got Tonight"
"Ronnie Hilton","A Windmill In Old Amsterdam"
"Ronnie Hilton","No Other Love"
"Ronnie Lane","How Come"
"Rosalía & Yahritza y Su Esencia","La Perla"
"ROSALÍA, The Weeknd","La Fama"
"Rosana","El Talismán"
"Rosé feat. Bruno Mars","APT"
"Rose Royce","Car Wash"
"Rose Royce","Love Don't Live Here Anymore"
"Rose Royce","Wishing On A Star"
"Rose-Marie","The Answer To Everything"
"Rose-Marie","When Your Old Wedding Ring Was New"
"Rosemary Clooney","Mambo Italiano"
"Route 94 Feat. Jess Glynne","My Love"
"Roxette","Dressed For Success"
"Roxette","How Do You Do"
"Roxette","It Must Have Been Love"
"Roxette","Joyride"
"Roxette","Listen To Your Heart"
"Roxette","Sleeping In My Car"
"Roxette","The Look"
"Roxy Music","Angel Eyes"
"Roxy Music","Avalon"
"Roxy Music","Dance Away"
"Roxy Music","Jealous Guy"
"Roxy Music","Love Is The Drug"
"Roxy Music","More Than This"
"Roxy Music","Virginia Plain"
"Roy","Chittiyaan Kalaiyaan"
"Roy Orbison","A Love So Beautiful"
"Roy Orbison","Blue Angel"
"Roy Orbison","Borne On The Wind"
"Roy Orbison","Breaking Up Is Breaking My Heart"
"Roy Orbison","California Blue"
"Roy Orbison","Claudette"
"Roy Orbison","Crying"
"Roy Orbison","Dream Baby"
"Roy Orbison","Falling"
"Roy Orbison","Goodnight"
"Roy Orbison","I Drove All Night"
"Roy Orbison","I'm Hurtin'"
"Roy Orbison","In Dreams"
"Roy Orbison","It's Over"
"Roy Orbison","Lana"
"Roy Orbison","Oh Pretty Woman"
"Roy Orbison","Only The Lonely"
"Roy Orbison","Penny Arcade"
"Roy Orbison","Pretty Paper"
"Roy Orbison","Running Scared"
"Roy Orbison","The Actress"
"Roy Orbison","The Crowd"
"Roy Orbison","The Roy Orbison Medley 1"
"Roy Orbison","The Roy Orbison Medley 2"
"Roy Orbison","You Got It"
"Royal Blood","Figure It Out"
"Royal Blood","How Did We Get So Dark"
"Royal Blood","Lights Out"
"Royal Blood","Out of the Black"
"Rozalla","Everybody's Free"
"Ruby","Leih Bidari Keda"
"Rudimental & Major Lazer Feat. Anne-Marie & Mr. Eazi","Let Me Live"
"Rudimental Feat. Anne-Marie & Will Heard","Rumour Mill"
"Rudimental Feat. Ed Sheeran","Lay It All On Me"
"Rudimental Feat. Ella Eyre","Waiting All Night"
"Rudimental Feat. Emeli Sandé","Free"
"Rudimental Feat. Foxes","Right Here"
"Rudimental Feat. Foy Vance","Never Let You Go"
"Rudimental Feat. James Arthur","Sun Comes Up"
"Rudimental Feat. Jess Glynne, Macklemore & Dan Caplen","These Days"
"Rudimental Feat. John Newman","Feel The Love"
"Rudimental Feat. John Newman","Not Giving In"
"Rudimental Feat. Will Heard","I Will For Love"
"Rudy Mancuso","Mama"
"Ruel","Painkiller"
"Rufus Wainwright","Going To A Town"
"Rufus Wainwright","Hallelujah"
"Rui Da Silva Feat. Cassandra","Touch Me"
"Rumer","Goodbye Girl"
"Rumer","Slow"
"Run D.M.C. Vs Jason Nevins","It's Like That"
"Run D.M.C. Vs Jason Nevins","It's Like That (Duet)"
"Run DMC","Christmas In Hollis"
"Run DMC","It's Tricky"
"RuPaul","Cover Girl"
"RuPaul","Glamazon"
"RuPaul","Jealous of My Boogie"
"RuPaul","Read U Wrote U"
"RuPaul","Sissy That Walk"
"RuPaul","Supermodel (You Better Work)"
"RuPaul","The Beginning"
"RuPaul Feat. Big Freedia","Peanut Butter"
"Rupert Holmes","Escape (The Piña Colada Song)"
"Rush","Closer To The Heart"
"Rush","The Spirit Of Radio"
"Rush","Turn The Page"
"Russ Abbot","Atmosphere"
"Rustom","Tere Sang Yaara"
"Ruth B","Lost Boy"
"Ruti","Racing Cars"
"Ryan Adams","Oh My Sweet Carolina"
"Ryan Adams","To Be Without You"
"Ryan And Sharpay","Bop To The Top"
"Ryan Gosling","I'm Just Ken (Barbie The Movie)"
"Ryan Gosling & Emma Stone","City Of Stars"
"S Club","Say Goodbye"
"S Club 7","Bring It All Back"
"S Club 7","Don't Stop Moving"
"S Club 7","Have You Ever"
"S Club 7","Never Had A Dream Come True"
"S Club 7","Reach"
"S Club 7","S Club Party"
"S Club 7","Two In A Million"
"S Club Juniors","Automatic High"
"S Club Juniors","One Step Closer"
"S. P. Balasubrahmanyam","Dil Deewana"
"S.O.S. Band","Just Be Good To Me"
"Saad Lamjarred","Ghlatana"
"Saad Lamjarred","Lem'alim"
"Saad Lamjarred","Mal Habibi"
"Sabah","Amourty Elhelwah"
"Sabrina Carpenter","Bad Chem"
"Sabrina Carpenter","Busy Woman"
"Sabrina Carpenter","Buy Me Presents"
"Sabrina Carpenter","Espresso"
"Sabrina Carpenter","House Tour"
"Sabrina Carpenter","Juno"
"Sabrina Carpenter","Manchild"
"Sabrina Carpenter","Please Please Please"
"Sabrina Carpenter","Skin"
"Sabrina Carpenter","Such A Funny Way"
"Sabrina Carpenter","Sue Me"
"Sabrina Carpenter","Taste"
"Sabrina Carpenter","Tears"
"Sabrina Carpenter","When Did You Get Hot?"
"Sacha Distel","Raindrops Keep Falling On My Head"
"Sad Cafe","Every Day Hurts"
"Sade","By Your Side"
"Sade","No Ordinary Love"
"Sade","Paradise"
"Sade","Smooth Operator"
"Sade","Sweetest Taboo"
"Sade","Why Can't We Live Together"
"Sade","Your Love Is King"
"Sage the Gemini Feat. Nick Jonas","Good Thing"
"Sailor","Glass Of Champagne"
"Saint Motel","My Type"
"Saja Boys","Sodapop (From KPop Demon Hunters)"
"Saja Boys","Your Idol (From KPop Demon Hunters)"
"Sally Oldfield","Mirrors"
"Salt-N-Pepa","Let's Talk About Sex"
"Salt-N-Pepa","Push It"
"Salt-N-Pepa","Shoop"
"Salt-N-Pepa Feat. En Vogue","Whatta Man"
"Salvador Sobral","Amar Pelos Dois"
"Sam & Dave","Soul Man"
"Sam And The Womp","Bom Bom"
"Sam Bailey","Skyscraper"
"Sam Brown","Stop"
"Sam Cooke","(What A) Wonderful World"
"Sam Cooke","A Change Is Gonna Come"
"Sam Cooke","Another Saturday Night"
"Sam Cooke","Chain Gang"
"Sam Cooke","Cupid"
"Sam Cooke","Only Sixteen"
"Sam Cooke","Twistin' The Night Away"
"Sam Cooke","You Send Me"
"Sam Feldt Feat. Kimberly Anne","Show Me Love"
"Sam Feldt, Rita Ora","Follow Me"
"Sam Fender","Arm's Length"
"Sam Fender","Hypersonic Missiles"
"Sam Fender","I'm Always On Stage"
"Sam Fender","People Watching"
"Sam Fender","Play God"
"Sam Fender","Remember My Name"
"Sam Fender","Saturday"
"Sam Fender","Seventeen Going Under"
"Sam Fender","Talk To You"
"Sam Fender","The Treadmill"
"Sam Fender","Winter Song"
"Sam Fender feat. Olivia Dean","Rein Me In"
"Sam Fischer","This City"
"Sam Fox","Touch Me"
"Sam Hunt","House Party"
"Sam Hunt","Leave The Night On"
"Sam Hunt","Take Your Time"
"Sam Ryder","Mountain"
"Sam Ryder","Somebody"
"Sam Ryder","Space Man"
"Sam Ryder","White Lies"
"Sam Smith","Baby, You Make Me Crazy"
"Sam Smith","Fire On Fire (from Watership Down)"
"Sam Smith","How Do You Sleep"
"Sam Smith","I'm Not Here To Make Friends"
"Sam Smith","I'm Not The Only One"
"Sam Smith","Like I Can"
"Sam Smith","Money On My Mind"
"Sam Smith","Nirvana"
"Sam Smith","One Last Song"
"Sam Smith","Pray"
"Sam Smith","Restart"
"Sam Smith","Stay With Me"
"Sam Smith","To Die For"
"Sam Smith","Too Good At Goodbyes"
"Sam Smith","Writing's on the Wall"
"Sam Smith & Demi Lovato","I'm Ready"
"Sam Smith & Kim Petras","Unholy"
"Sam Smith & Normani","Dancing With a Stranger"
"Sam Smith Feat. John Legend","Lay Me Down"
"Sam Sparro","Black & Gold"
"Sam Sparro","Wish I Never Met You"
"Sam Thompkins","Phones In Heaven"
"Samantha Jade","Firestarter"
"Samantha Jade Feat. Pitbull","Shake That"
"Sampha","(No One Knows Me) Like the Piano"
"Sanam Re","Sanam Re"
"Sandi Thom","I Wish I Was A Punk Rocker"
"Sandie Shaw","(There's) Always Something There To Remind Me"
"Sandie Shaw","Long Live Love"
"Sandie Shaw","Puppet On A String"
"Sandra Kim","J'aime La Vie"
"Santana","Black Magic Woman"
"Santana","Evil Ways"
"Santana","Just Feel Better"
"Santana","Maria Maria"
"Santana Feat. Rob Thomas","Smooth"
"Santo California","Tornerò"
"Sara Bareilles","Fire"
"Sara Bareilles","Love Song"
"Sara Evans","A Little Bit Stronger"
"Sarah Brightman","Nella Fantasia"
"Sarah Brightman And Hot Gossip","I Lost My Heart To A Starship Trooper"
"Sarah Jeffery","Queen of Mean (Descendants 3)"
"Sarah McLachlan","Adia"
"Sarah McLachlan","Angel"
"Sarah McLachlan","Fallen"
"Sarah McLachlan","I Love You"
"Sarah McLachlan","I Will Remember You"
"Sarah Vaughn","It Might As Well Be Spring"
"Sarah Vaughn","Misty"
"Sarah Vaughn","Moonlight In Vermont"
"Sash!","Ecuador"
"Satyameva Jayate","Dilbar Dilbar (Remix)"
"Sault","Wildfires"
"Savage Garden","Affirmation"
"Savage Garden","Animal Song"
"Savage Garden","I Knew I Loved You"
"Savage Garden","I Want You"
"Savage Garden","To The Moon & Back"
"Savage Garden","Truly Madly Deeply"
"Savera, Shalmali Kholgade","Beqaaboo"
"Saw Doctors","I Useta Lover"
"Saw Doctors","N17"
"SBTRKT","Hold On"
"Scaffold","Lily The Pink"
"Scatman John","Scatman"
"Scissor Sisters","Filthy/Gorgeous"
"Scissor Sisters","Fire With Fire"
"Scissor Sisters","I Don't Feel Like Dancin'"
"Scissor Sisters","Land Of A Thousand Words"
"Scissor Sisters","Laura"
"Scissor Sisters","Mary"
"Scissor Sisters","Only The Horses"
"Scissor Sisters","She's My Man"
"Scissor Sisters","Take Your Mama"
"Scooter","Back In The UK"
"Scott McKenzie","San Francisco"
"Scott Walker","Joanna"
"Scouting For Girls","Elvis Ain't Dead"
"Scouting For Girls","Famous"
"Scouting For Girls","Heartbeat"
"Scouting For Girls","I Wish I Was James Bond"
"Scouting For Girls","Love How It Hurts"
"Scouting For Girls","She's So Lovely"
"Scouting For Girls","This Ain't A Love Song"
"Screaming Trees","Nearly Lost You"
"Scrubs (TV Theme)","Superman"
"Seal","Crazy"
"Seal","Do You Ever"
"Seal","Every Time I'm With You"
"Seal","Kiss From A Rose"
"Sean Kingston","Beautiful Girls"
"Sean Kingston","Fire Burning"
"Sean Kingston","Party All Night (Sleep All Day)"
"Sean Kingston & Justin Bieber","Eenie Meenie"
"Sean Paul","Baby Boy"
"Sean Paul","Get Busy"
"Sean Paul","Gimme The Light"
"Sean Paul","She Doesn't Mind"
"Sean Paul Feat. Alexis Jordan","Got 2 Luv U"
"Sean Paul Feat. Dua Lipa","No Lie"
"Sean Paul Feat. Sasha","I'm Still In Love With You"
"Sebastián Yatra","No Hay Nadie Mas"
"Sech, Darell","Otro Trago"
"Secret Affair","My World"
"Secret Affair","Time For Action"
"Seeb & Bastille","Grip"
"Seether Vs Amy Lee","Broken"
"Seinabo Sey","Younger"
"Selena","Amor Prohibido"
"Selena Gomez","Back To You"
"Selena Gomez","Bad Liar"
"Selena Gomez","Come & Get It"
"Selena Gomez","Come And Get It"
"Selena Gomez","In The Dark"
"Selena Gomez","Kill 'Em With Kindness"
"Selena Gomez","Look At Her Now"
"Selena Gomez","Lose You To Love Me"
"Selena Gomez","Love On"
"Selena Gomez","My Mind & Me"
"Selena Gomez","Same Old Love"
"Selena Gomez","Single Soon"
"Selena Gomez","Slow Down"
"Selena Gomez","Tell Me Something I Don't Know"
"Selena Gomez","The Heart Wants What It Wants"
"Selena Gomez","Wolves"
"Selena Gomez & Benny Blanco","Sunset Blvd"
"Selena Gomez & The Scene","Hit The Lights"
"Selena Gomez & The Scene","Naturally"
"Selena Gomez & The Scene","Who Says"
"Selena Gomez Feat. A$AP Rocky","Good For You"
"Selena Gomez feat. Benny Blanco & Gracie Abrams","Call Me When You Break Up"
"Selena Gomez Feat. Gucci Mane","Fetish"
"Self Esteem","I Do This All The Time"
"Semisonic","Closing Time"
"Semisonic","Secret Smile"
"September","Can't Get Over"
"Serebro","Скажи, не молчи"
"Serebro","Я тебя не отдам"
"Serge Gainsbourg","Je Suis Venu Te Dire Que Je M'En Vais"
"Serge Gainsbourg","La Chanson De Prévert"
"Serge Gainsbourg & Jane Birkin","Je T'Aime... Moi Non Plus"
"Serge Lama","Je suis malade"
"Sergio Bruni","Tarantella"
"Sergio Dalma","Bailar Pegados"
"Sertab Erener","Everyway That I Can"
"Sesame Street (TV Theme)","Sesame Street"
"Seventeen","Hot"
"Seventeen","Super"
"Severine","Un Banc, Un Arbre, Une Rue"
"Sex Pistols","God Save The Queen"
"Sex Pistols","My Way"
"Shaandaar","Gulaabo"
"Shabba Ranks","Mr Loverman (Duet Version)"
"Shaboozey","A Bar Song (Tipsy)"
"Shaboozey","Cowgirl"
"Shaggy","Angel"
"Shaggy","Boombastic"
"Shaggy","Hey Sexy Lady"
"Shaggy","It Wasn't Me"
"Shaggy","Oh Carolina"
"Shaggy & Ali G","Julie"
"Shaggy Feat. Mohombi, Faydee & Costi","I Need Your Love"
"Shakespear's Sister","All The Queen's Horses"
"Shakespear's Sister","Stay"
"Shakin' Stevens","A Love Worth Waiting For"
"Shakin' Stevens","As Long As I Have You"
"Shakin' Stevens","Because I Love You"
"Shakin' Stevens","Brand New Man"
"Shakin' Stevens","Cry Just A Little Bit"
"Shakin' Stevens","Give Me Your Heart Tonight"
"Shakin' Stevens","Green Door"
"Shakin' Stevens","I Might"
"Shakin' Stevens","I'll Be Home This Christmas"
"Shakin' Stevens","It's Raining"
"Shakin' Stevens","Lipstick, Powder And Paint"
"Shakin' Stevens","Marie, Marie"
"Shakin' Stevens","Merry Christmas Everyone"
"Shakin' Stevens","Now Listen"
"Shakin' Stevens","Oh Julie"
"Shakin' Stevens","Shirley"
"Shakin' Stevens","Shotgun Boogie"
"Shakin' Stevens","So Long Baby Goodbye"
"Shakin' Stevens","Teardrops"
"Shakin' Stevens","The Best Christmas Of Them All"
"Shakin' Stevens","The Shaky Medley 1"
"Shakin' Stevens","The Shaky Medley 2"
"Shakin' Stevens","The Shaky Medley 3"
"Shakin' Stevens","This Ole House"
"Shakin' Stevens","What Do You Want To Make Those Eyes At Me For"
"Shakin' Stevens","Why Do You Treat Me This Way"
"Shakin' Stevens","You Drive Me Crazy"
"Shakin' Stevens","You Never Talked About Me"
"Shakira","Antología"
"Shakira","Dare (La La La)"
"Shakira","Don't Bother"
"Shakira","Empire"
"Shakira","Je l'aime à mourir (La quiero a morir)"
"Shakira","Me Enamore"
"Shakira","She Wolf"
"Shakira","Try Everything"
"Shakira","Underneath Your Clothes"
"Shakira","Waka Waka"
"Shakira","Whenever Wherever"
"Shakira and Alejandro Sanz","La Tortura"
"Shakira feat. Karol G","TQG"
"Shakira Feat. Pitbull","Rabiosa"
"Shakira Feat. Rihanna","Can't Remember To Forget You"
"Shakira Feat. Wyclef Jean","Hips Don't Lie"
"Shalamar","A Night To Remember"
"Shalamar","I Can Make You Feel Good"
"Sham 69","Hurry Up Harry"
"Sham Rock","Tell Me Ma"
"Shane Codd","Get Out Of My Head"
"Shane Filan","Everything To Me"
"Shane Filan","Unbreakable"
"Shania Twain","Any Man Of Mine"
"Shania Twain","Don't Be Stupid (You Know I Love You)"
"Shania Twain","Forever & For Always"
"Shania Twain","From This Moment On"
"Shania Twain","Honey I'm Home"
"Shania Twain","I'm Gonna Getcha Good"
"Shania Twain","Man! I Feel Like A Woman"
"Shania Twain","Swingin' With My Eyes Closed"
"Shania Twain","That Don't Impress Me Much"
"Shania Twain","You're Still The One"
"Shanks & Bigfoot","Sweet Like Chocolate"
"Shannon Noll","What About Me"
"Shapeshifters","Lola's Theme"
"Shawn Mendes","A Little Too Much"
"Shawn Mendes","Heart Of Gold"
"Shawn Mendes","If I Can't Have You"
"Shawn Mendes","Imagination"
"Shawn Mendes","In My Blood"
"Shawn Mendes","Mercy"
"Shawn Mendes","Nervous"
"Shawn Mendes","Running Low"
"Shawn Mendes","Something Big"
"Shawn Mendes","Stitches"
"Shawn Mendes","There's Nothin' Holding Me Back"
"Shawn Mendes","When You're Gone"
"Shawn Mendes","Why Why Why"
"Shawn Mendes","Wonder"
"Shawn Mendes","Youth (feat. Khalid)"
"Shawn Mendes & Camila Cabello","I Know What You Did Last Summer"
"Shawn Mendes & Camila Cabello","Senorita"
"Shawn Mendes & Tainy","Summer Of Love"
"Shayne Ward","Breathless"
"Shayne Ward","No Promises"
"Shayne Ward","Someone To Love"
"Shayne Ward","Stand By Me"
"Shayne Ward","That's My Goal"
"Shed Seven","Bully Boy"
"Shed Seven","Chasing Rainbows"
"Shed Seven","Disco Down"
"Shed Seven","Let's Go"
"Sheena Easton","For Your Eyes Only"
"Sheena Easton","Modern Girl"
"Sheena Easton","Morning Train"
"Sheppard","Geronimo"
"Sherbet","Howzat"
"Sherine Abdel Wahab","Koly Melkak"
"Sherine Abdel Wahab","Mashaer"
"Sheryl Crow","All I Wanna Do"
"Sheryl Crow","Everyday Is A Winding Road"
"Sheryl Crow","If It Makes You Happy"
"Sheryl Crow","My Favourite Mistake"
"Sheryl Crow","Run Baby Run"
"Sheryl Crow","Soak Up The Sun"
"Sheryl Crow","Sweet Child O' Mine"
"Sheryl Crow","The First Cut Is The Deepest"
"Sheryl Crow","Tomorrow Never Dies"
"Shift K3Y & A.M.E","Entirety"
"Shinedown","Burning Bright"
"Shinedown","If You Only Knew"
"Shinedown","Second Chance"
"Shinedown","The Crow And The Butterfly"
"Shirley Bassey","Big Spender"
"Shirley Bassey","Diamonds Are Forever"
"Shirley Bassey","Goldfinger"
"Shirley Bassey","I (Who Have Nothing)"
"Shirley Bassey","Kiss Me Honey Honey Kiss Me"
"Shirley Bassey","Moonraker"
"Shirley Bassey","Never Never Never"
"Shirley Bassey","Reach For The Stars"
"Shirley Bassey","This Is My Life"
"Shirley Bassey","When You Smile"
"Shirley Bassey & The Propellerheads","History Repeating"
"Shocking Blue","Venus"
"Shola Ama","You Might Need Somebody"
"Shontelle","Impossible"
"Shontelle","T-Shirt"
"Showaddywaddy","A Little Bit Of Soap"
"Showaddywaddy","Chain Gang"
"Showaddywaddy","Come On, Let's Go"
"Showaddywaddy","Dancin' Party"
"Showaddywaddy","Heartbeat"
"Showaddywaddy","Heavenly"
"Showaddywaddy","Hey Mister Christmas"
"Showaddywaddy","Hey Rock & Roll"
"Showaddywaddy","I Wonder Why"
"Showaddywaddy","Personality"
"Showaddywaddy","Pretty Little Angel Eyes"
"Showaddywaddy","Remember Then"
"Showaddywaddy","Rock 'N' Roll Lady"
"Showaddywaddy","Sweet Music"
"Showaddywaddy","The Showaddywaddy Medley 1"
"Showaddywaddy","The Showaddywaddy Medley 2"
"Showaddywaddy","The Showaddywaddy Medley 3"
"Showaddywaddy","Three Steps To Heaven"
"Showaddywaddy","Trocadero"
"Showaddywaddy","Under The Moon Of Love"
"Showaddywaddy","When"
"Showaddywaddy","You've Got What It Takes"
"Showboat","Old Man River"
"Shreya Ghoshal & Nikhil Paul George","Aashiyan"
"Shuddh Desi Romance","Gulabi"
"Sia","Alive"
"Sia","Big Girls Cry"
"Sia","Bird Set Free"
"Sia","California Dreamin'"
"Sia","Chandelier"
"Sia","Cheap Thrills"
"Sia","Elastic Heart"
"Sia","Rainbow"
"Sia","Salted Wound"
"Sia","Snowman"
"Sia","Unforgettable"
"Sia feat Paris Hilton","Fame Won't Love You"
"Sia Feat. Kendrick Lamar","The Greatest"
"Sia Feat. Labrinth","To Be Human"
"Sia, David Guetta","Floating Through Space"
"Sia, Kylie Minogue","Dance Alone"
"Sienna Spiro","Die On This Hill"
"Sienna Spiro","The Visitor"
"Sienna Spiro","You Stole The Show"
"Sigala","Easy Love"
"Sigala","Sweet Lovin'"
"Sigala Feat. Becky Hill","Wish You Well"
"Sigala Feat. Ella Eyre","Came Here For Love"
"Sigala Feat. Ella Henderson","We Got Love"
"Sigala Feat. Imani and DJ Fresh","Say You Do"
"Sigala Feat. John Newman and Nile Rodgers","Give Me Your Love"
"Sigala Feat. Paloma Faith","Lullaby"
"Sigala feat. Stefflon Don","Feels This Good"
"Sigala, Ella Eyre, Meghan Trainor (Feat. French Montana)","Just Got Paid"
"Sigala, James Arthur","Lasting Lover"
"Sigala, Rita Ora","You For Me"
"Sigma & Diztortion Feat. Jacob Banks","Redemption"
"Sigma & Rita Ora","Coming Home"
"Sigma Feat. Birdy","Find Me"
"Sigma Feat. Ella Henderson","Glitterball"
"Sigma Feat. Labrinth","Higher"
"Sigma Feat. Paloma Faith","Changing"
"Sigrid","Don't Feel Like Crying"
"Sigrid","Ghost"
"Sigrid","High Five"
"Sigrid","Home To You"
"Sigrid","Mirror"
"Sigrid","Strangers"
"Sigrid","The Hype"
"Sigrid, Bring Me The Horizon","Bad Life"
"Silento","Watch Me (Whip - Nae Nae)"
"Silk City Feat. Dua Lipa, Diplo & Mark Ronson","Electricity"
"SIlver","Wham Bam Shang-A-Lang"
"Silverchair","Tomorrow"
"Simon & Garfunkel","America"
"Simon & Garfunkel","April Come She Will"
"Simon & Garfunkel","At The Zoo"
"Simon & Garfunkel","Baby Driver"
"Simon & Garfunkel","Bridge Over Troubled Water"
"Simon & Garfunkel","Cecilia"
"Simon & Garfunkel","El Condor Pasa (If I Could)"
"Simon & Garfunkel","Hazy Shade Of Winter"
"Simon & Garfunkel","Homeward Bound"
"Simon & Garfunkel","I Am A Rock"
"Simon & Garfunkel","Kathy's Song"
"Simon & Garfunkel","Keep The Customer Satisfied"
"Simon & Garfunkel","Me And Julio Down By The Schoolyard"
"Simon & Garfunkel","Mrs Robinson"
"Simon & Garfunkel","Scarborough Fair"
"Simon & Garfunkel","Slip Slidin' Away"
"Simon & Garfunkel","Sound Of Silence"
"Simon & Garfunkel","The 59th Street Bridge Song (Feelin' Groovy)"
"Simon & Garfunkel","The Boxer"
"Simon & Garfunkel","The Only Living Boy In New York"
"Simon Webbe","No Worries"
"Simona Molinari","In cerca di te"
"Simple Minds","Alive & Kicking"
"Simple Minds","Belfast Child"
"Simple Minds","Don't You (Forget About Me)"
"Simple Minds","Love Song"
"Simple Minds","Waterfront"
"Simple Plan","Welcome To My Life"
"Simple Plan","When I'm Gone"
"Simple Plan Feat. Natasha Bedingfield","Jet Lag"
"Simple Plan Feat. Sean Paul","Summer Paradise"
"Simply Red","A New Flame"
"Simply Red","Every Time We Say Goodbye"
"Simply Red","Fairground"
"Simply Red","For Your Babies"
"Simply Red","Holding Back The Years"
"Simply Red","If You Don't Know Me By Now"
"Simply Red","Money's Too Tight To Mention"
"Simply Red","Shine On"
"Simply Red","Something Got Me Started"
"Simply Red","Stars"
"Simply Red","Sunrise"
"Simply Red","The Right Thing"
"Simply Red","You Make Me Feel Brand New"
"Sinead O'Connor","No Man's Woman"
"Sinead O'Connor","Nothing Compares 2 U"
"Sing Street","Drive It Like You Stole It"
"Singuila","C'est Trop"
"Sinitta","So Macho"
"Siouxsie And The Banshees","Dear Prudence"
"Siouxsie And The Banshees","Happy House"
"Siouxsie And The Banshees","Hong Kong Gardens"
"Siouxsie and the Banshees","Spellbound"
"Sir Mix A Lot ","Baby Got Back"
"Sisqo","Thong Song"
"Sister Act 2","Joyful Joyful"
"Sister Sledge","Frankie"
"Sister Sledge","He's the Greatest Dancer"
"Sister Sledge","Lost In Music"
"Sister Sledge","Thinking Of You"
"Sister Sledge","We Are Family"
"Sisters Of Mercy","Lucrecia, My Reflection"
"Six","Six (The Musical)"
"Sixpence None The Richer","Kiss Me"
"Skee-Lo","I Wish"
"Skepta Feat. JME","That's Not Me"
"Skindred","That's My Jam"
"Skinner, Baddiel & Lightning Seeds","Three Lions"
"Skinner, Baddiel & Lightning Seeds","Three Lions '98"
"Skrillex and Diplo Feat. Justin Bieber","Where Are U Now"
"Skunk Anansie","Because Of You"
"Skunk Anansie","Brazen"
"Skunk Anansie","Hedonism"
"Skunk Anansie","Weak"
"Sky Blu Feat. Mark Rosas","Pop Bottles"
"Skye Newman","Family Matters (F1 Movie)"
"Skye Newman","FU & UF"
"Skye Newman","Out Out"
"Skye Newman","Walk"
"Skylar Grey","I Know You"
"SL2","On A Ragga Tip"
"Slade","Coz I Luv You"
"Slade","Cum On Feel The Noize"
"Slade","Everyday"
"Slade","Get Down Get With It"
"Slade","Mama Weer All Crazee Now"
"Slade","Merry Xmas Everybody"
"Slade","Skweeze Me Pleeze Me"
"Slade","Slade Medley"
"Slade","Take Me Back 'Ome"
"Sleeper","Inbetweener"
"Sleeper","Sale Of The Century"
"Sleepy Hallow","2055"
"Slim Dusty","A Pub With No Beer"
"Slipknot","Duality"
"Slipknot","Psychosocial"
"Slipknot","Vermillion"
"Slow Moving Millie","Please Please Please Let Me Get What I Want"
"Slowthai","Selfish"
"Sly & The Family Stone","Dance To The Music"
"Sly & The Family Stone","Everyday People"
"Sly & The Family Stone","Family Affair"
"Sly & The Family Stone","Hot Fun In The Summertime"
"Sly & The Family Stone","Sing A Simple Song"
"Small Faces","All Or Nothing"
"Small Faces","Lazy Sunday"
"Small Faces","Sha La La La Lee"
"Smash Mouth (Shrek Soundtrack)","All Star"
"Smash Mouth (Shrek Soundtrack)","I'm A Believer"
"Smash Mouth (Shrek Soundtrack)","Walkin' On The Sun"
"Smashing Pumpkins","1979"
"Smashing Pumpkins","Today"
"Smokey Robinson & The Miracles","Being With You"
"Smokey Robinson & The Miracles","The Tears Of A Clown"
"Smokey Robinson & The Miracles","Tracks Of My Tears"
"Smokie","Changing All The Time"
"Smokie","Don't Play Your Rock 'N' Roll To Me"
"Smokie","For A Few Dollars More"
"Smokie","If You Think You Know How To Love Me"
"Smokie","It's Your Life"
"Smokie","Lay Back In The Arms Of Someone"
"Smokie","Living Next Door To Alice"
"Smokie","Mexican Girl"
"Smokie","Needles & Pins"
"Smokie","Oh Carol"
"Smokie","Poor Lady"
"Smokie","Something's Been Making Me Blue"
"Smokie","Wild Wild Angels"
"Snakehips Feat. Tinashe and Chance The Rapper","All My Friends"
"Snakehips Feat. ZAYN","Cruel"
"Snap","Rhythm Is A Dancer"
"Snap","The Power"
"Snoop Dogg","Drop It Like It's Hot"
"Snoop Dogg","Gin & Juice"
"Snoop Dogg Feat. Charlie Wilson","Peaches N Cream"
"Snoop Doggy Dogg","What's My Name"
"Snoop Doggy Dogg","Who Am I? (What's My Name?)"
"Snow","Informer"
"Snow Patrol","Called Out In The Dark"
"Snow Patrol","Chasing Cars"
"Snow Patrol","In The End"
"Snow Patrol","Open Your Eyes"
"Snow Patrol","Run"
"Snow Patrol","This Isn't Everything You Are"
"Snow Patrol","You Could Be Happy"
"Snow Patrol","You're All I Have"
"Snow White And The Seven Dwarfs (Disney)","Someday My Prince Will Come"
"So Solid Crew","21 Seconds"
"Soda Stereo","De Música Ligera"
"Soft Cell","Bedsitter"
"Soft Cell","Say Hello, Wave Goodbye"
"Soft Cell","Tainted Love"
"Soft Cell","Torch"
"Soft Cell","What"
"Soldat Louis","Du rhum, des femmes"
"Solo Music Feat. Kimblee","Fade"
"Soloman King","She Wears My Ring"
"Solomon Burke","Cry To Me"
"Sombr","12 to 12"
"Sombr","Back To Friends"
"Sombr","Homewrecker"
"Sombr","Potential"
"Sombr","Undressed"
"Song Of The South","Zip A Dee Doo Dah"
"Sonia","Better The Devil You Know"
"Sonia","You'll Never Stop Me From Loving You"
"Sonique","I Put A Spell On You"
"Sonique","It Feels So Good"
"Sonny & Cher","I Got You Babe"
"Sonu Ke Titu Ki Sweety","Bom Diggy Diggy"
"Sonu Ke Titu Ki Sweety","Chote Chote Peg"
"Sonu Ke Titu Ki Sweety","Dil Chori Sada Ho Gaya"
"Sonu Ke Titu Ki Sweety","Tera Yaar Hoon Main"
"Sonu Nigam","Kal Ho Naa Ho"
"Sonu Nigam, Shilpa Rao","Allah Maaf Kare"
"Sophie B. Hawkins","Damn I Wish I Was Your Lover"
"Sophie Ellis Bextor","Freedom of the Night"
"Sophie Ellis Bextor","Groovejet (If This Ain't Love)"
"Sophie Ellis Bextor","Murder On The Dancefloor"
"Sophie Ellis Bextor","Young Blood"
"Soprano","Cosmo"
"Soprano","Roule"
"Soul Asylum","Runaway Train"
"Soul II Soul","Back To Life"
"Soulja Boy Tell Em","Crank That"
"Soundgarden","Black Hole Sun"
"Soundgarden","Blow Up The Outside World"
"Soundgarden","Burden In My Hand"
"Soundgarden","Fell On Black Days"
"Soundgarden","Jesus Christ Pose"
"Soundgarden","Outshined"
"Source Feat. Candi Staton","You Got The Love"
"South Pacific","I'm Gonna Wash That Man"
"South Pacific","Some Enchanted Evening"
"Southside Johnny & The Asbury Jukes","I Don't Want To Go Home"
"Space","Ballad Of Tom Jones"
"Space","Female Of The Species"
"Space","Neighbourhood"
"Spacey Jane","Booster Seat"
"Spagna","Call Me"
"Spandau Ballet","Gold"
"Spandau Ballet","I'll Fly For You"
"Spandau Ballet","Only When You Leave"
"Spandau Ballet","Through The Barricades"
"Spandau Ballet","To Cut A Long Story Short"
"Spandau Ballet","True"
"Sparks","Never Turn Your Back On Mother Earth"
"Sparks","This Town Ain't Big Enough"
"Sparks","This Town Ain't Big Enough For Both Of Us"
"Spencer Davis Group","Keep On Running"
"Spencer Davis Group","Somebody Help Me"
"Spice Girls","2 Become 1"
"Spice Girls","Goodbye"
"Spice Girls","Headlines (Friendship Never Ends)"
"Spice Girls","Holler"
"Spice Girls","Mama"
"Spice Girls","Say You'll Be There"
"Spice Girls","Spice Up Your Life"
"Spice Girls","Stop"
"Spice Girls","Too Much"
"Spice Girls","Viva Forever"
"Spice Girls","Wannabe"
"Spice Girls","Who Do You Think You Are"
"Spinal Tap","Big Bottom"
"Spinal Tap","Hell Hole"
"Spinal Tap","Sex Farm"
"Spinal Tap","Tonight I'm Gonna Rock You Tonight"
"Spitting Image","The Chicken Song"
"Squeeze","Cool For Cats"
"Squeeze","Goodbye Girl"
"Squeeze","Is That Love"
"Squeeze","Labelled With Love"
"Squeeze","Pulling Mussels (From The Shell)"
"Squeeze","Tempted"
"Squeeze","Up The Junction"
"St. Etienne","He's On The Phone"
"St. Winifred's School Choir","There's No-One Quite Like Grandma"
"Stacy Lattisaw","Jump To The Beat"
"Staind","It's Been A While"
"Staind","Outside"
"Stan Ridgway","Camouflage"
"Standard","Let's Do It (Let's Fall In Love)"
"Standard Irish","Danny Boy"
"Standard Irish","Gypsy Rover"
"Standard Irish","Molly Malone (Cockles & Mussels)"
"Standard Irish","Paddy McGinty's Goat"
"Standard Irish","The Fields Of Athenry"
"Standard Irish","The Rose Of Tralee"
"Standard Irish","When Irish Eyes Are Smiling"
"Stargate Feat. Pink & Sia","Waterfall"
"Starland Vocal Band","Afternoon Delight"
"Starlight Express","Light At The End Of The Tunnel"
"Starship","Nothing's Gonna Stop Us Now"
"Starship","We Built This City"
"Status Quo","Again & Again"
"Status Quo","Break The Rules"
"Status Quo","Caroline"
"Status Quo","Down Down"
"Status Quo","Down The Dustpipe"
"Status Quo","In The Army Now"
"Status Quo","Jam Side Down"
"Status Quo","Looking Out For Caroline"
"Status Quo","Marguerita Time"
"Status Quo","Pictures Of Matchstick Men"
"Status Quo","Rain"
"Status Quo","Rockin' All Over The World"
"Status Quo","What You're Proposing"
"Status Quo","Whatever You Want"
"StaySolidRocky","Party Girl"
"Stealers Wheel","Stuck In The Middle With You"
"Steel Panther","Death To All But Metal"
"Steel Panther","Gloryhole"
"Steely Dan","Do It Again"
"Steely Dan","Don't Take Me Alive"
"Steely Dan","Josie"
"Stephen Fretwell","Emily"
"Stephen Sanchez","Be More"
"Steppenwolf","Born To Be Wild"
"Steps","5, 6, 7, 8"
"Steps","Better Best Forgotten"
"Steps","Better The Devil You Know"
"Steps","Chain Reaction"
"Steps","Dancing With A Broken Heart"
"Steps","Deeper Shade Of Blue"
"Steps","Heartbeat"
"Steps","I Know Him So Well"
"Steps","It's The Way You Make Me Feel"
"Steps","Last Thing On My Mind"
"Steps","Love's Got A Hold On My Heart"
"Steps","One For Sorrow"
"Steps","Scared Of The Dark"
"Steps","Stomp"
"Steps","Summer Of Love"
"Steps","Thank Abba For The Music"
"Steps","Tragedy"
"Stereo Kicks","Love Me So"
"Stereo MC's","Step It Up"
"Stereophonics","A Thousand Trees"
"Stereophonics","All In One Night"
"Stereophonics","Caught By The Wind"
"Stereophonics","C'est la Vie"
"Stereophonics","Dakota"
"Stereophonics","Do Ya Feel My Love?"
"Stereophonics","Handbags & Gladrags"
"Stereophonics","Have A Nice Day"
"Stereophonics","I Wanna Get Lost With You"
"Stereophonics","I Wouldn't Believe Your Radio"
"Stereophonics","Indian Summer"
"Stereophonics","Just Looking"
"Stereophonics","Maybe Tomorrow"
"Stereophonics","Mr Writer"
"Stereophonics","Pick A Part That's New"
"Stereophonics","Song for the Summer"
"Stereophonics","Step On My Old Size Nines"
"Stereophonics","Superman"
"Stereophonics","The Bartender And The Thief"
"Steve Aoki Feat. BTS","Waste It On Me"
"Steve Brookstein","Against All Odds"
"Steve Harley","Here Comes The Sun"
"Steve Harley & Cockney Rebel","Make Me Smile (Come Up And See Me)"
"Steve Houghton","Wind Beneath My Wings"
"Steve Miller Band","Abracadabra"
"Steve Miller Band","Fly Like an Eagle"
"Steve Miller Band","The Joker"
"Steve Winwood","Back In The High Life"
"Steve Winwood","Higher Love"
"Steve Winwood","Valerie"
"Steven Tyler","I Make My Own Sunshine"
"Stevie McCrorie","Lost Stars"
"Stevie Nicks","After The Glitter Fades"
"Stevie Nicks","Beauty And The Beast"
"Stevie Nicks","Bella Donna"
"Stevie Nicks","Edge Of Seventeen"
"Stevie Nicks","How Still My Love"
"Stevie Nicks","If Anyone Falls"
"Stevie Nicks","Kind Of Woman"
"Stevie Nicks","Rooms On Fire"
"Stevie Nicks","Stand Back"
"Stevie Wonder","Don't You Worry About A Thing"
"Stevie Wonder","For Once In My Life"
"Stevie Wonder","Happy Birthday"
"Stevie Wonder","I Just Called To Say I Love You"
"Stevie Wonder","I Wish"
"Stevie Wonder","Isn't She Lovely"
"Stevie Wonder","Lately"
"Stevie Wonder","Living For The City"
"Stevie Wonder","Master Blaster"
"Stevie Wonder","My Cherie Amour"
"Stevie Wonder","Overjoyed"
"Stevie Wonder","Part Time Lover"
"Stevie Wonder","Positivity"
"Stevie Wonder","Ribbon In The Sky"
"Stevie Wonder","Signed, Sealed, Delivered I'm Yours"
"Stevie Wonder","Sir Duke"
"Stevie Wonder","Superstition"
"Stevie Wonder","You Are The Sunshine Of My Life"
"Stevie Wonder Feat. Ariana Grande","Faith"
"Sting","Brand New Day"
"Sting","Desert Rose"
"Sting","Englishman In New York"
"Sting","Fields Of Gold"
"Sting","Fragile"
"Sting","I Can't Stop Thinking About You"
"Sting","It's Probably Me"
"Sting","Russians"
"Sting","Seven Days"
"Sting","Shape Of My Heart"
"Stone Sour","Inhale"
"Stone Temple Pilots","Plush"
"Stooshe","Black Heart"
"Stooshe","My Man Music"
"Stooshe","Slip"
"Stooshe","Waterfalls"
"Storm Queen","Look Right Through (MK Remix)"
"Stormzy","Big For Your Boots"
"Stormzy","Crown"
"Stormzy","Firebabe"
"Stormzy","Vossi Bop"
"Stormzy","WickedSkengMan 4"
"Stormzy Feat. Ed Sheeran & Burna Boy","Own It"
"Stormzy Feat. MNEK","Blinded By Your Grace Pt. 2"
"Strawberry Switchblade","Since Yesterday"
"Stray Cats","Rock This Town"
"Stromae","Alors on Danse"
"Stromae","Papaoutai"
"Student of The Year","Radha"
"Student of The Year","The Disco Song"
"Style Council","Long Hot Summer"
"Style Council","Walls Come Tumbling Down"
"Style Council","You're The Best Thing"
"Stylo G Feat. Gyptian","My Number 1"
"Styl-Plus","Olufunmi"
"Styx","Babe"
"Sublime","Caress Me Down"
"Sublime","Santeria"
"Suchetha Basrur","Falak Tak Garaj Tu"
"Suede","Animal Nitrate"
"Suede","Beautiful Ones"
"Suede","Trash"
"Sugababes","About You Now"
"Sugababes","Freak Like Me"
"Sugababes","Get Sexy"
"Sugababes","Girls"
"Sugababes","Hole In The Head"
"Sugababes","Overload"
"Sugababes","Push The Button"
"Sugababes","Round Round"
"Sugababes","Shook"
"Sugababes","Stronger"
"Sugababes","Too Lost In You"
"Sugababes","Ugly"
"Sugababes","Wear My Kiss"
"Sugababes","When The Rain Comes"
"Sugababes vs. Girls Aloud","Walk This Way"
"Sugar Minnott","We've Got A Good Thing Going"
"Sugar Ray","Every Morning"
"Sugarhill Gang","Rapper's Delight"
"Sugarland","All I Want To Do"
"Sugarland","Stuck Like Glue"
"Sugarland","Tonight"
"Sukhwinder Singh And Sapna Awasthi","Chaiyya Chaiyya"
"Sultan","Baby Ko Bass Pasand Hai"
"Sum 41","Fat Lip"
"Sum 41","In Too Deep"
"Summer Magic","Ugly Bug Ball"
"Sunblock","First Time"
"SUNMI","Siren"
"Sunset Boulevard (Musical)","With One Look"
"Super Furry Animals","Juxtaposed With U"
"Supergrass","Alright"
"SuperM","Jopping"
"Superman Lovers","Starlight"
"Superorganism","Everybody Wants To Be Famous"
"Supertramp","Breakfast In America"
"Supertramp","Dreamer"
"Supertramp","Give A Little Bit"
"Supertramp","Goodbye Stranger"
"Supertramp","It's Raining Again"
"Supertramp","Logical Song"
"SuRie","Storm"
"Survivor","Burning Heart"
"Survivor","Eye Of The Tiger"
"Susan Boyle","Amazing Grace"
"Susan Boyle","Cry Me A River"
"Susan Boyle","Daydream Believer"
"Susan Boyle","How Great Thou Art"
"Susan Boyle","I Dreamed A Dream"
"Susan Boyle","I Know Him So Well"
"Susan Boyle","Proud"
"Susan Boyle","Silent Night"
"Susan Boyle","The End Of The World"
"Susan Boyle","Up To The Mountain"
"Susan Boyle","Who I Was Born To Be"
"Susan Boyle","Wild Horses"
"Susan Boyle","You'll See"
"Susan Maughan","Bobby's Girl"
"Sutherland Brothers & Quiver","Arms Of Mary"
"Suzanne Vega","Luka"
"Suzanne Vega","Marlene On The Wall"
"Suzanne Vega","Tom's Diner"
"Suzi Quatro","Can The Can"
"Suzi Quatro","Devil Gate Drive"
"Suzi Quatro","If You Can't Give Me Love"
"Suzi Quatro & Chris Norman","Stumblin' In"
"Swedish House Mafia","Don't You Worry Child"
"Swedish House Mafia","Save The World"
"Swedish House Mafia & The Weeknd","Moth To A Flame"
"Swedish House Mafia Feat. Pharrell","One (Your Name)"
"Sweeney Todd (Musical)","Johanna"
"Sweeney Todd (Musical)","My Friends"
"Sweeney Todd (Musical)","Pretty Women"
"Sweeney Todd (Musical)","The Contest"
"Sweet","Funny Funny"
"Sweet","Little Willy"
"Sweet Charity","If My Friends Could See Me Now"
"Sweet Female Attitude","Flowers"
"Sweet Sensation","Sad Sweet Dreamer"
"Swing Out Sister","Breakout"
"Swing Republic","Crazy In Love"
"Swinging Blue Jeans","Hippy Hippy Shake"
"Swinging Blue Jeans","You're No Good"
"Switch Disco feat. R3HAB & Sam Feldt","Sleep Tonight (This is The Life)"
"SWV","I'm So Into You"
"SWV","Right Here"
"SWV","Weak"
"Sylvia","Y Viva Espana"
"System Of A Down","Chop Suey!"
"System Of A Down","Hypnotize"
"System Of A Down","Spiders"
"System Of A Down","Toxicity"
"SZA","Good Days"
"SZA","Save The Day (From ""Hoppers"")"
"SZA Feat. Kendrick Lamar","Doves In The Wind"
"T. Rex","20th Century Boy"
"T. Rex","Children Of The Revolution"
"T. Rex","Cosmic Dancer"
"T. Rex","Get It On"
"T. Rex","Hot Love"
"T. Rex","I Love To Boogie"
"T. Rex","Metal Guru"
"T. Rex","Ride A White Swan"
"T. Rex","Solid Gold Easy Action"
"T. Rex","Telegram Sam"
"T.A.T.U.","All The Things She Said"
"T.I. Feat. Justin Timberlake","Dead And Gone"
"T.I. Feat. Rihanna","Live Your Life"
"TAEMIN","MOVE"
"Tai Zheng Xiao","Qian Zhi He"
"Tai Zheng Xiao","Zhao Yi Ge Zi Dai Ti"
"Taio Cruz","Break Your Heart"
"Taio Cruz","Dynamite"
"Taio Cruz","Telling The World"
"Taio Cruz","Troublemaker"
"Taio Cruz Feat. Flo Rida","Hangover"
"Taio Cruz Feat. Kylie Minogue","Higher"
"Take That","A Million Love Songs"
"Take That","Babe"
"Take That","Back For Good"
"Take That","Could It Be Magic"
"Take That","Everything Changes"
"Take That","Giants"
"Take That","Greatest Day"
"Take That","Hello"
"Take That","Hey Boy"
"Take That","Hold Up A Light"
"Take That","How Deep Is Your Love"
"Take That","How Did It Come To This"
"Take That","It Only Takes A Minute"
"Take That","Kidz"
"Take That","Love Ain't Here Anymore"
"Take That","Love Love"
"Take That","Never Forget"
"Take That","New Day"
"Take That","Patience"
"Take That","Pray"
"Take That","Relight My Fire"
"Take That","Rule The World"
"Take That","S.O.S."
"Take That","Said It All"
"Take That","Shine"
"Take That","Sure"
"Take That","The Circus"
"Take That","The Flood"
"Take That","The Garden"
"Take That","These Days"
"Take That","Up All Night"
"Take That","When We Were Young"
"Take That","You And Me"
"Taken By Trees","Sweet Child O' Mine"
"Tal","Le sens de la vie"
"Tal Bachman","She's So High"
"Talaash","Muskaanein Jhooti Hai"
"Talia Mar","Self Portrait"
"Talk Talk","It's My Life"
"Talking Heads","And She Was"
"Talking Heads","Burning Down The House"
"Talking Heads","Once In A Lifetime"
"Talking Heads","Psycho Killer"
"Talking Heads","Road To Nowhere"
"Tame Impala","Dracula"
"Tame Impala","The Less I Know The Better"
"Tamer Hosny","Haaolak Kelma"
"Tamer Hosny","Kool Haga Benna"
"Tammy Wynette","D.I.V.O.R.C.E."
"Tammy Wynette","Stand By Your Man"
"Tammy Wynette","Your Good Girl's Gonna Go Bad"
"Tamperer feat. Maya","Hammer To The Heart"
"Tangerine Kitty","Dumb Ways To Die"
"Tangled (Disney)","I See The Light"
"Tangled (Disney)","I've Got A Dream"
"Tangled (Disney)","Mother Knows Best"
"Tangled (Disney)","When Will My Life Begin"
"Tanita Tikaram","A Good Tradition"
"Tarzan (Disney)","You'll Be In My Heart"
"Tasmin Archer","Sleeping Satellite"
"Tate McRae","2 Hands"
"Tate McRae","Anything But Love"
"Tate McRae","Greedy"
"Tate McRae","Just Keep Watching (F1 Movie)"
"Tate McRae","Nobody's Girl"
"Tate McRae","Revolving Door"
"Tate McRae","She's All I Wanna Be"
"Tate McRae","Sports Car"
"Tate McRae feat. The Kid LAROI","I Know Love"
"Tavares","Don't Take Away The Music"
"Tavares","Heaven Must Be Missing An Angel"
"Tavares","More Than A Woman"
"Taylor Dayne","Tell It To My Heart"
"Taylor Henderson","Borrow My Heart"
"Taylor Hicks","Do I Make You Proud"
"Taylor Hicks","Takin' It To The Streets"
"Taylor Swift","22"
"Taylor Swift","A Place In This World"
"Taylor Swift","All Too Well"
"Taylor Swift","Anti-Hero"
"Taylor Swift","Back To December"
"Taylor Swift","Bad Blood"
"Taylor Swift","Beautiful Eyes"
"Taylor Swift","Beautiful Ghosts (from Cats)"
"Taylor Swift","Begin Again"
"Taylor Swift","Better Than Revenge"
"Taylor Swift","Bigger Than The Whole Sky"
"Taylor Swift","Blank Space"
"Taylor Swift","Breathe"
"Taylor Swift","Call It What You Want"
"Taylor Swift","Cardigan"
"Taylor Swift","Change"
"Taylor Swift","Cold As You"
"Taylor Swift","Crazier"
"Taylor Swift","Cruel Summer"
"Taylor Swift","Dear John"
"Taylor Swift","Elizabeth Taylor"
"Taylor Swift","Enchanted"
"Taylor Swift","Eyes Open"
"Taylor Swift","Father Figure"
"Taylor Swift","Fifteen"
"Taylor Swift","Forever & Always"
"Taylor Swift","Gorgeous"
"Taylor Swift","Haunted"
"Taylor Swift","Hey Stephen"
"Taylor Swift","I Heart"
"Taylor Swift","I Knew It, I Knew You (Toy Story 5)"
"Taylor Swift","I Knew You Were Trouble"
"Taylor Swift","If This Was A Movie"
"Taylor Swift","I'm Only Me When I'm With You"
"Taylor Swift","Innocent"
"Taylor Swift","It Is Over Now (Taylor's Version From The Vault)"
"Taylor Swift","Jump Then Fall"
"Taylor Swift","Last Kiss"
"Taylor Swift","Lavender Haze"
"Taylor Swift","Long Live"
"Taylor Swift","Look What You Made Me Do"
"Taylor Swift","Love Story"
"Taylor Swift","Lover"
"Taylor Swift","Mary's Song (Oh My My My)"
"Taylor Swift","Mean"
"Taylor Swift","Mine"
"Taylor Swift","Never Grow Up"
"Taylor Swift","Opalite"
"Taylor Swift","Our Song"
"Taylor Swift","Out Of The Woods"
"Taylor Swift","Picture To Burn"
"Taylor Swift","Ready For It?"
"Taylor Swift","Red"
"Taylor Swift","Shake It Off"
"Taylor Swift","Should've Said No"
"Taylor Swift","Sparks Fly"
"Taylor Swift","Speak Now"
"Taylor Swift","Stay Beautiful"
"Taylor Swift","Style"
"Taylor Swift","Sweeter Than Fiction"
"Taylor Swift","Teardrops On My Guitar"
"Taylor Swift","Tell Me Why"
"Taylor Swift","The Best Day"
"Taylor Swift","The Fate Of Ophelia"
"Taylor Swift","The Man"
"Taylor Swift","The Outside"
"Taylor Swift","The Story Of Us"
"Taylor Swift","The Way I Loved You"
"Taylor Swift","Tied Together With A Smile"
"Taylor Swift","Tim McGraw"
"Taylor Swift","Today Was A Fairytale"
"Taylor Swift","We Are Never Ever Getting Back Together"
"Taylor Swift","Welcome To New York"
"Taylor Swift","White Horse"
"Taylor Swift","Wildest Dreams"
"Taylor Swift","Willow"
"Taylor Swift","You Belong With Me"
"Taylor Swift","You Need To Calm Down"
"Taylor Swift","Your Not Sorry"
"Taylor Swift Feat. Bon Iver","Exile"
"Taylor Swift Feat. Brendon Urie","Me!"
"Taylor Swift Feat. Ed Sheeran","Everything Has Changed"
"Taylor Swift Feat. Ed Sheeran & Future","End Game"
"Taylor Swift feat. Post Malone","Fortnight"
"Taylor Swift Feat. The Civil Wars","Safe & Sound"
"Tears For Fears","Everybody Wants To Rule The World"
"Tears For Fears","Head Over Heels"
"Tears For Fears","Mad World"
"Tears For Fears","Shout"
"Tears For Fears","Sowing The Seeds Of Love"
"Tears For Fears","Woman In Chains"
"Technotronic","Pump Up The Jam"
"Teddy Bears","To Know Him Is To Love Him"
"Teddy Pendergrass","Close The Door"
"Teddy Pendergrass","Love T.K.O."
"Teddy Swims","Bad Dreams"
"Teddy Swims","Hammer To The Heart"
"Teddy Swims","I Can't Make You Love Me"
"Teddy Swims","Lose Control"
"Teddy Swims","Mr Know It All"
"Teddy Swims","Need You More"
"Teddy Swims","The Door"
"Teddy Swims feat. Givēon","Are You Even Real"
"Teen Beach Movie (Disney)","Cruisin' For A Bruisin'"
"Tees Maar Khan","Sheila Ki Jawani"
"Téléphone","Ca c'est vraiment toi"
"Téléphone","Cendrillon"
"Téléphone","Un autre monde"
"Teletubbies","Teletubbies Say ""Eh-Oh!"""
"Tenacious D","Tribute"
"Tenacious D","Wonderboy"
"Tennessee Ernie Ford","Sixteen Tons"
"Tenpole Tudor","Swords Of A Thousand Men"
"Terence Trent D'Arby","If You Let Me Stay"
"Terence Trent D'Arby","Sign Your Name"
"Terence Trent D'Arby","Wishing Well"
"Terrorvision","Tequila (Mint Royale Shot)"
"Terry Bush","Maybe Tomorrow"
"Terry Callier","Ordinary Joe"
"Terry Jacks","Seasons In The Sun"
"Terry Scott","My Brother"
"Tevin Campbell","Can We Talk"
"Texas","Black Eyed Boy"
"Texas","I Don't Want A Lover"
"Texas","In Demand"
"Texas","Say What You Want"
"Texas","Start a Family"
"Texas","Summer Son"
"Thalia","No Me Ensenaste"
"The 1975","Chocolate"
"The 1975","Give Yourself A Try"
"The 1975","I'm In Love With You"
"The 1975","Me & You Together Song"
"The 1975","Robbers"
"The 1975","Sex"
"The 1975","Somebody Else"
"The 1975","The City"
"The 1975","TooTimeTooTimeTooTime"
"The 1975","UGH!"
"The 5th Dimension","""Up, Up And Away"""
"The 5th Dimension","Aquarius/Let The Sunshine"
"The Alan Parsons Project","The Eye In The Sky"
"The All-American Rejects","Dirty Little Secret"
"The All-American Rejects","Gives You Hell"
"The Allisons","Are You Sure (For Duo)"
"The Amazons","Mother"
"The Andrews Sisters","Boogie Woogie Bugle Boy"
"The Andrews Sisters","Don't Sit Under The Apple Tree (With Anyone Else But Me)"
"The Angels","Am I Ever Gonna See Your Face Again"
"The Animals","Bring It On Home To Me"
"The Animals","Don't Let Me Be Misunderstood"
"The Animals","The House Of The Rising Sun"
"The Animals","We Gotta Get Out Of This Place"
"The Applejacks","Tell Me When"
"The Archies","Sugar Sugar"
"The Associates","Party Fears Two"
"The Asteroids Galaxy Tour","The Golden Age"
"The Automatic","Monster"
"The Bachelors","Charmaine"
"The Bachelors","Diane"
"The Bachelors","I Believe"
"The Bachelors","No Arms Can Ever Hold You"
"The Band","Up On Cripple Creek"
"The Band Perry","All Your Life"
"The Band Perry","If I Die Young"
"The Bangles","Eternal Flame"
"The Bangles","Manic Monday"
"The Bangles","Walk Like An Egyptian"
"The Baseballs","Angels"
"The Baseballs","Bleeding Love"
"The Baseballs","Crazy In Love"
"The Baseballs","Don't Cha"
"The Baseballs","Hey There Delilah"
"The Baseballs","Hot 'N' Cold"
"The Baseballs","I Don't Feel Like Dancin'"
"The Baseballs","Let's Get Loud"
"The Baseballs","Love In This Club"
"The Baseballs","This Love"
"The Baseballs","Umbrella"
"The Bay City Rollers","All Of Me Loves All Of You"
"The Bay City Rollers","I Only Want To Be With You"
"The Bay City Rollers","Keep On Dancing"
"The Beach Boys","Add Some Music To Your Day"
"The Beach Boys","Barbara Ann"
"The Beach Boys","Breakaway"
"The Beach Boys","California Girls"
"The Beach Boys","Do It Again"
"The Beach Boys","Don't Worry Baby"
"The Beach Boys","Fun Fun Fun"
"The Beach Boys","God Only Knows"
"The Beach Boys","Good Vibrations"
"The Beach Boys","Help Me, Rhonda"
"The Beach Boys","I Get Around"
"The Beach Boys","Kokomo"
"The Beach Boys","Little Saint Nick"
"The Beach Boys","Sloop John B"
"The Beach Boys","Surfer Girl"
"The Beach Boys","Surfin' USA"
"The Beach Boys","Then I Kissed Her"
"The Beach Boys","Wouldn't It Be Nice"
"The Beat","Mirror In The Bathroom"
"The Beatles","A Day In The Life"
"The Beatles","A Hard Day's Night"
"The Beatles","Across The Universe"
"The Beatles","Act Naturally"
"The Beatles","All My Loving"
"The Beatles","All You Need Is Love"
"The Beatles","And I Love Her"
"The Beatles","Anna (Go To Him)"
"The Beatles","Baby It's You"
"The Beatles","Back In The USSR"
"The Beatles","Because"
"The Beatles","Being For The Benefit Of Mr Kite"
"The Beatles","Birthday"
"The Beatles","Blackbird"
"The Beatles","Can't Buy Me Love"
"The Beatles","Come Together"
"The Beatles","Day Tripper"
"The Beatles","Dear Prudence"
"The Beatles","Devil In Her Heart"
"The Beatles","Dig A Pony"
"The Beatles","Do You Want To Know A Secret"
"The Beatles","Don't Bother Me"
"The Beatles","Don't Let Me Down"
"The Beatles","Drive My Car"
"The Beatles","Eight Days A Week"
"The Beatles","Eleanor Rigby"
"The Beatles","Fool On The Hill"
"The Beatles","For You Blue"
"The Beatles","From Me To You"
"The Beatles","Get Back"
"The Beatles","Getting Better"
"The Beatles","Girl"
"The Beatles","Glass Onion"
"The Beatles","Golden Slumbers/Carry That Weight"
"The Beatles","Good Day Sunshine"
"The Beatles","Got To Get You Into My Life"
"The Beatles","Happiness Is A Warm Gun"
"The Beatles","Hello Goodbye"
"The Beatles","Help!"
"The Beatles","Helter Skelter"
"The Beatles","Here Comes The Sun"
"The Beatles","Hey Bulldog"
"The Beatles","Hey Jude"
"The Beatles","I Am The Walrus"
"The Beatles","I Feel Fine"
"The Beatles","I Saw Her Standing There"
"The Beatles","I Should Have Known Better"
"The Beatles","I Want To Hold Your Hand"
"The Beatles","I Will"
"The Beatles","If I Fell"
"The Beatles","I'll Cry Instead"
"The Beatles","I'll Follow The Sun"
"The Beatles","I'll Get You"
"The Beatles","I'm A Loser"
"The Beatles","I'm Down"
"The Beatles","I'm Happy Just To Dance With You"
"The Beatles","I'm Only Sleeping"
"The Beatles","In My Life"
"The Beatles","It's All Too Much"
"The Beatles","I've Got A Feeling"
"The Beatles","I've Just Seen A Face"
"The Beatles","Julia"
"The Beatles","Lady Madonna"
"The Beatles","Let It Be"
"The Beatles","Love Me Do"
"The Beatles","Lucy In The Sky With Diamonds"
"The Beatles","Maxwell's Silver Hammer"
"The Beatles","Michelle"
"The Beatles","Money (That's What I Want)"
"The Beatles","Norwegian Wood (This Bird Has Flown)"
"The Beatles","Now And Then"
"The Beatles","Nowhere Man"
"The Beatles","Ob-La-Di, Ob-La-Da"
"The Beatles","Octopus's Garden"
"The Beatles","Oh Darling"
"The Beatles","Old Brown Shoe"
"The Beatles","Paperback Writer"
"The Beatles","Penny Lane"
"The Beatles","Please Mr. Postman"
"The Beatles","Please Please Me"
"The Beatles","Revolution"
"The Beatles","Rocky Raccoon"
"The Beatles","Run For Your Life"
"The Beatles","Sergeant Pepper's Lonely Hearts Club Band"
"The Beatles","Sgt Pepper/With A Little Help (Medley)"
"The Beatles","She Loves You"
"The Beatles","She's A Woman"
"The Beatles","She's Leaving Home"
"The Beatles","Something"
"The Beatles","Strawberry Fields Forever"
"The Beatles","Taxman"
"The Beatles","The Ballad Of John And Yoko"
"The Beatles","The Beatles Medley 1"
"The Beatles","The Beatles Medley 2"
"The Beatles","The Beatles Medley 3"
"The Beatles","The Beatles Medley 4"
"The Beatles","The Continuing Story Of Bungalow Bill"
"The Beatles","The Night Before"
"The Beatles","Things We Said Today"
"The Beatles","This Boy"
"The Beatles","Ticket To Ride"
"The Beatles","Twist & Shout"
"The Beatles","Two Of Us"
"The Beatles","We Can Work It Out"
"The Beatles","When I'm 64"
"The Beatles","While My Guitar Gently Weeps"
"The Beatles","Why Don't We Do It In The Road"
"The Beatles","With A Little Help From My Friends"
"The Beatles","Words Of Love"
"The Beatles","Yellow Submarine"
"The Beatles","Yesterday"
"The Beatles","You Never Give Me Your Money"
"The Beatles","You're Going To Lose That Girl"
"The Beatles","You've Got To Hide Your Love Away"
"The Beatles","You've Really Got A Hold On Me"
"The Bee Gees","Alone"
"The Bee Gees","Bee Gees Medley"
"The Bee Gees","Emotion"
"The Bee Gees","Fanny (Be Tender With My Love)"
"The Bee Gees","For Whom The Bell Tolls"
"The Bee Gees","Love You Inside Out"
"The Bee Gees","My World"
"The Bee Gees","New York Mining Disaster 1941"
"The Bee Gees","Secret Love"
"The Bee Gees","Spicks And Specks"
"The Bee Gees","The Bee Gees Boogie Medley"
"The Bee Gees","To Love Somebody"
"The Bee Gees","You Should Be Dancing"
"The Bee Gees","You Win Again"
"The Black Eyed Peas","Boom Boom Pow"
"The Black Eyed Peas","Don't Lie"
"The Black Eyed Peas","Don't Phunk With My Heart"
"The Black Eyed Peas","Don't Stop The Party"
"The Black Eyed Peas","Hey Mama"
"The Black Eyed Peas","I Gotta Feeling"
"The Black Eyed Peas","Imma Be"
"The Black Eyed Peas","Just Can't Get Enough"
"The Black Eyed Peas","Meet Me Halfway"
"The Black Eyed Peas","My Humps"
"The Black Eyed Peas","Rock That Body"
"The Black Eyed Peas","Shut Up"
"The Black Eyed Peas","The Time (The Dirty Bit)"
"The Black Eyed Peas","Where Is The Love"
"The Black Keys","Fever"
"The Black Keys","Gold On The Ceiling"
"The Black Keys","Lo/Hi"
"The Black Keys","Lonely Boy"
"The Black Keys","Next Girl"
"The Black Keys","This Is Nowhere"
"The Blue Oyster Cult","Don't Fear The Reaper"
"The Bluebells","Young At Heart"
"The Blues Brothers (Soundtrack)","6345-789"
"The Blues Brothers (Soundtrack)","Blues Brothers Medley 1"
"The Blues Brothers (Soundtrack)","Blues Brothers Medley 2"
"The Blues Brothers (Soundtrack)","Do You Love Me"
"The Blues Brothers (Soundtrack)","Everybody Needs Somebody To Love"
"The Blues Brothers (Soundtrack)","Gimme Some Lovin'"
"The Blues Brothers (Soundtrack)","Hey Bartender"
"The Blues Brothers (Soundtrack)","Minnie The Moocher"
"The Blues Brothers (Soundtrack)","Rawhide"
"The Blues Brothers (Soundtrack)","Shake A Tail Feather"
"The Blues Brothers (Soundtrack)","She Caught The Katy"
"The Blues Brothers (Soundtrack)","Soul Man"
"The Blues Brothers (Soundtrack)","Sweet Home Chicago"
"The Blues Brothers (Soundtrack)","Who's Making Love"
"The Book Of Mormon","Hello!"
"The Book Of Mormon","I Believe"
"The Box Tops","Neon Rainbow"
"The Brand New Heavies","Sometimes"
"The Breeders","Cannonball"
"The Buzzcocks","Boredom"
"The Buzzcocks","Ever Fallen In Love"
"The Buzzcocks","Everybody's Happy Nowadays"
"The Buzzcocks","Harmony In My Head"
"The Buzzcocks","What Do I Get?"
"The Byrds","I'll Feel A Whole Lot Better"
"The Byrds","Mr. Tambourine Man"
"The Byrds","So You Want To Be A Rock 'N' Roll Star"
"The Calling","Wherever You Will Go"
"The Cardigans","Erase/Rewind"
"The Cardigans","Lovefool"
"The Cardigans","My Favourite Game"
"The Cardigans & Tom Jones","Burnin' Down The House"
"The Carpenters","You're The One"
"The Cars","Drive"
"The Cars","My Best Friend's Girl"
"The Cascades","Rhythm Of The Rain"
"The Chainsmokers","Side Effects"
"The Chainsmokers & Coldplay","Something Just Like This"
"The Chainsmokers & Kim Petras","Don't Lie"
"The Chainsmokers Feat. Daya","Don't Let Me Down"
"The Chainsmokers Feat. Halsey","Closer"
"The Champs","Tequila"
"The Charlatans","Plastic Machinery"
"The Charlatans","The Only One I Know"
"The Cheeky Girls","Cheeky Song (Touch My Bum)"
"The Cheeky Girls","Take Your Shoes Off"
"The Chemical Brothers","Go"
"The Chicks","Travelin Soldier"
"The Chiffons","He's So Fine"
"The Chiffons","Sweet Talkin' Guy"
"The Choirboys","Run To Paradise"
"The Chordettes","Lollipop"
"The Christians","Harvest For The World"
"The Civil Wars","Barton Hollow"
"The Civil Wars","The One That Got Away"
"The Clash","Guns Of Brixton"
"The Clash","I Fought The Law"
"The Clash","London Calling"
"The Clash","Rock The Casbah"
"The Clash","Should I Stay Or Should I Go"
"The Clash","Train in Vain (Stand by Me)"
"The Collapsable Hearts Club","Easy Street"
"The Commitments (Musical)","Dark End Of The Street"
"The Commitments (Musical)","Destination Anywhere"
"The Commitments (Musical)","Do Right Woman, Do Right Man"
"The Commitments (Musical)","Hard To Handle"
"The Commitments (Musical)","I Can't Stand The Rain"
"The Commitments (Musical)","In The Midnight Hour"
"The Commitments (Musical)","Mr. Pitiful"
"The Commitments (Musical)","Mustang Sally"
"The Commitments (Musical)","Mustang Sally/In The Midnight Hour (Medley - Long)"
"The Commitments (Musical)","Never Loved A Man"
"The Commitments (Musical)","Take Me To The River"
"The Commitments (Musical)","Try A Little Tenderness"
"The Commodores","Easy"
"The Commodores","Nightshift"
"The Commodores","Sail On"
"The Commodores","Still"
"The Commodores","Three Times A Lady"
"The Common Linnets","Calm After The Storm"
"The Communards","Don't Leave Me This Way"
"The Connells","74 - 75"
"The Contours","Do You Love Me"
"The Coral","Dreaming Of You"
"The Coral","In The Morning"
"The Corrs","Breathless"
"The Corrs","Dreams"
"The Corrs","Give Me A Reason"
"The Corrs","I Do what I Like"
"The Corrs","I Never Loved You Anyway"
"The Corrs","Irresistible"
"The Corrs","Radio"
"The Corrs","Runaway"
"The Corrs","So Young"
"The Corrs","Summer Sunshine"
"The Corrs","What Can I Do"
"The Corrs","Would You Be Happier"
"The Courteeners","Not Nineteen Forever"
"The Cramps","Goo Goo Muck"
"The Cranberries","Analyse"
"The Cranberries","Dreams"
"The Cranberries","Linger"
"The Cranberries","Promises"
"The Cranberries","Zombie"
"The Crew Cuts","Sh-Boom (Life Could Be A Dream)"
"The Crickets","Don't Ever Change"
"The Crusaders Feat. Randy Crawford","Street Life"
"The Cryin' Shames","Please Stay"
"The Crystals","Da Doo Ron Ron"
"The Crystals","He's A Rebel"
"The Crystals","Then He Kissed Me"
"The Cufflinks","Tracy"
"The Cure","Boys Don't Cry"
"The Cure","Close To Me"
"The Cure","Friday I'm In Love"
"The Cure","In Between Days"
"The Cure","Just Like Heaven"
"The Cure","Lullaby"
"The Cure","The Love Cats"
"The Damned","Eloise"
"The Damned","Love Song"
"The Damned","New Rose"
"The Damned","Shadow Of Love"
"The Dandy Warhols","Bohemian Like You"
"The Darkness","Christmas Time (Don't Let The Bells End)"
"The Darkness","Friday Night"
"The Darkness","Get Your Hands Off My Woman"
"The Darkness","Givin' Up"
"The Darkness","Growing On Me"
"The Darkness","Holding My Own"
"The Darkness","I Believe In A Thing Called Love"
"The Darkness","Love Is Only A Feeling"
"The Darts","Come Back My Love"
"The Darts","Daddy Cool"
"The Detroit Spinners","Working My Way Back To You"
"The Dickies","Banana Splits (Tra La La Song)"
"The Dirty Picture (Kamal Khan)","Ishq Sufiyana"
"The Divine Comedy","Becoming More Like Alfie"
"The Divine Comedy","Something For The Weekend"
"The Divinyls","I Touch Myself"
"The Doobie Brothers","Another Park, Another Sunday"
"The Doobie Brothers","Listen To The Music"
"The Doobie Brothers","Long Train Running"
"The Doors","Break On Through"
"The Doors","L.A. Woman"
"The Doors","People Are Strange"
"The Doors","Riders On The Storm"
"The Doors","The End"
"The Drifters","At The Club"
"The Drifters","Can I Take You Home Little Girl"
"The Drifters","Come On Over To My Place"
"The Drifters","Dance With Me"
"The Drifters","Down On The Beach"
"The Drifters","Every Night's A Saturday Night With You"
"The Drifters","Harlem Child"
"The Drifters","Hello Happiness"
"The Drifters","I'll Take You Where The Music's Playing"
"The Drifters","Kissin'  In The Back Row Of The Movies"
"The Drifters","Like Sister And Brother"
"The Drifters","Love Games"
"The Drifters","On Broadway"
"The Drifters","Saturday Night At The Movies"
"The Drifters","Save The Last Dance For Me"
"The Drifters","Some Kind Of Wonderful"
"The Drifters","Spanish Harlem"
"The Drifters","The Drifters Medley"
"The Drifters","There Goes My First Love"
"The Drifters","This Magic Moment"
"The Drifters","Under The Boardwalk"
"The Drifters","Up On The Roof"
"The Drifters","When My Little Girl Is Smiling"
"The Drifters","You're More Than A Number In My Little Red  Book"
"THE DRIVER ERA","You Keep Me Up At Night"
"The Drums","Let's Go Surfing"
"The Dubliners","Black Velvet Band"
"The Dubliners","Finnegan's Wake"
"The Dubliners","Seven Drunken Nights"
"The Dubliners","The Wild Rover (Faster With Claps)"
"The Dubliners","The Wild Rover (Normal Speed)"
"The Dubliners","Whiskey In The Jar"
"The Eagles","Best Of My Love"
"The Eagles","Certain Kind Of Fool"
"The Eagles","Desperado"
"The Eagles","Doolin-Dalton"
"The Eagles","Eagles Medley 1"
"The Eagles","Eagles Medley 2"
"The Eagles","Eagles Medley 3"
"The Eagles","Good Day In Hell"
"The Eagles","Heartache Tonight"
"The Eagles","Hotel California"
"The Eagles","I Can't Tell You Why"
"The Eagles","Life In The Fast Lane"
"The Eagles","Love Will Keep Us Alive"
"The Eagles","Lyin' Eyes"
"The Eagles","New Kid In Town"
"The Eagles","Nightingale"
"The Eagles","On The Border"
"The Eagles","One Of These Nights"
"The Eagles","Out Of Control"
"The Eagles","Peaceful Easy Feeling"
"The Eagles","Please Come Home For Christmas"
"The Eagles","Take It To The Limit"
"The Eagles","Tequila Sunrise"
"The Eagles","The Greeks Don't Want No Freaks"
"The Eagles","The Sad Cafe"
"The Eagles","Wasted Time"
"The Eagles","You Never Cry Like A Lover"
"The Emotions","Best Of My Love"
"The Enemy","You're Not Alone"
"The Equals","Baby Come Back"
"The Everly Brothers","('Til) I Kissed You"
"The Everly Brothers","All I Have To Do Is Dream"
"The Everly Brothers","Bird Dog"
"The Everly Brothers","Bye Bye Love"
"The Everly Brothers","Cathy's Clown"
"The Everly Brothers","Claudette"
"The Everly Brothers","Crying In The Rain"
"The Everly Brothers","Ebony Eyes"
"The Everly Brothers","Let It Be Me"
"The Everly Brothers","Take A Message To Mary"
"The Everly Brothers","The Price Of Love"
"The Everly Brothers","Wake Up Little Susie"
"The Everly Brothers","Walk Right Back"
"The Everly Brothers","When Will I Be Loved"
"The Fantastics","Something Old, Something New"
"The Farm","All Together Now 2004"
"The Feeling","Fill My Little World"
"The Feeling","Love It When You Call"
"The Feeling","Never Be Lonely"
"The Feeling","Rose"
"The Feeling","Sewn"
"The Fifth Element","Diva Dance"
"The Firm","Star Trekkin'"
"The Flamin' Lips","Do You Realise?"
"The Flamingos","I Only Have Eyes For You"
"The Fortunes","Freedom Come, Freedom Go"
"The Fortunes","Here Comes That Rainy Day Feeling Again"
"The Fortunes","Storm In The Teacup"
"The Fortunes","You've Got Your Troubles"
"The Foundations","Baby Now That I Found You"
"The Foundations","Build Me Up Buttercup"
"The Four Seasons","Big Girls Don't Cry"
"The Four Seasons","December '63 (Oh What A Night)"
"The Four Seasons","Let's Hang On"
"The Four Seasons","Who Loves You"
"The Four Tops","I Can't Help Myself"
"The Four Tops","It's The Same Old Song"
"The Four Tops","Reach Out (I'll Be There)"
"The Fratellis","Chelsea Dagger"
"The Fratellis","Whistle For The Choir"
"The Fray","How To Save A Life"
"The Fray","Over My Head (Cable Car)"
"The Fray","You Found Me"
"The Fresh Prince of Bel Air","Fresh Prince of Bel Air"
"The Fugees","Killing Me Softly"
"The Fugees","No Woman No Cry"
"The Fureys And Davey Arthur","When You Were Sweet Sixteen"
"The Game Feat. 50 Cent","How We Do"
"The Gap Band","Oops Upside Your Head"
"The Gap Band","You Dropped A Bomb On Me"
"The Gaslight Anthem","Great Expectations"
"The Gipsy Kings","A mi manera (Comme d'habitude)"
"The Gipsy Kings","Baila Me"
"The Gipsy Kings","Djobi, Djoba"
"The Gipsy Kings","Hotel California (Spanish Mix)"
"The Gipsy Kings","Medley (Hit Mix '99)"
"The Gipsy Kings","Un Amor"
"The Gipsy Kings","Volare"
"The Goo Goo Dolls","Iris"
"The Goo Goo Dolls","Stay With You"
"The Grass Roots","Midnight Confessions"
"The Greatest Showman Cast","A Million Dreams"
"The Greatest Showman Cast","Come Alive"
"The Greatest Showman Cast","From Now On"
"The Greatest Showman Cast","The Other Side"
"The Heavy","How You Like Me Now"
"The Hollies","Bus Stop"
"The Hollies","Carrie Anne"
"The Hollies","Gasoline Alley Bred"
"The Hollies","He Ain't Heavy He's My Brother"
"The Hollies","Here I Go Again"
"The Hollies","Holliedaze (The Hollies Medley)"
"The Hollies","I'm Alive"
"The Hollies","Jennifer Eccles"
"The Hollies","Just One Look"
"The Hollies","Let Love Pass"
"The Hollies","On A Carousel"
"The Hollies","Suspended Animation"
"The Hollies","The Air That I Breathe"
"The Hollies","We're Through"
"The Honeycombs","Have I The Right"
"The Hoosiers","Goodbye Mr. A"
"The Hoosiers","Worried About Ray"
"The Housemartins","Caravan Of Love"
"The Housemartins","Five Get Over Excited"
"The Housemartins","Happy Hour"
"The Housemartins","Me And The Farmer"
"The Housemartins","Sheep"
"The Hues Corporation","Rock The Boat"
"The Human League","(Keep Feeling) Fascination"
"The Human League","Don't You Want Me"
"The Human League","Human"
"The Human League","Love Action (I Believe In Love)"
"The Human League","Mirror Man"
"The Human League","Open Your Heart"
"The Human League","The Sound Of The Crowd"
"The Isley Brothers","Contagious"
"The Jackson 5","ABC"
"The Jackson 5","Blame It On The Boogie"
"The Jackson 5","Can You Feel It"
"The Jackson 5","I Want You Back"
"The Jackson 5","I'll Be There"
"The Jackson 5","Santa Claus Is Coming To Town"
"The Jags","Back Of My Hand"
"The Jam","A Town Called Malice"
"The Jam","All Around The World"
"The Jam","David Watts"
"The Jam","Down In The Tube Station At Midnight"
"The Jam","Eton Rifles"
"The Jam","Going Underground"
"The Jam","Mr Clean"
"The Jam","Start"
"The Jam","That's Entertainment"
"The Jam","The Bitterest Pill (I Ever Had To Swallow)"
"The Jam","To Be Someone"
"The Jersey Boys","Dawn (Go Away)"
"The Jersey Boys","The Jersey Boys Medley"
"The Jonas Brothers","Coming Home For Christmas"
"The Jonas Brothers","S.O.S."
"The Jungle Book (Disney)","I Wanna Be Like You"
"The Jungle Book (Disney)","The Bare Necessities"
"The Justice Collective","He Ain't Heavy, He's My Brother"
"The Kid Laroi","A Perfect World"
"The Kid Laroi","All I Want Is You"
"The Kid LAROI","Aperol Spritz"
"The Kid Laroi","Back When You Were Mine"
"The Kid LAROI","Bleed"
"The Kid LAROI","HEAVEN"
"The Kid Laroi","Hot Girl Problems"
"The Kid Laroi","Pieces"
"The Kid Laroi","She Don't Need To Know"
"The Kid LAROI","Still Yours (From The Doc)"
"The Kid LAROI","Without You"
"The Kid LAROI, Justin Bieber","Stay"
"The Kids","Vil Du Vaerra Me Mae Hjem I Natt"
"The Kids From Fame","Starmaker"
"The Killers","All These Things That I've Done"
"The Killers","Bones"
"The Killers","For Reasons Unknown"
"The Killers","Human"
"The Killers","Mr. Brightside"
"The Killers","On Top"
"The Killers","Read My Mind"
"The Killers","Runaways"
"The Killers","Shot At The Night"
"The Killers","Smile Like You Mean It"
"The Killers","Somebody Told Me"
"The Killers","Spaceman"
"The Killers","When You Were Young"
"The Killers","Your Side Of Town"
"The Kingsmen ","Louie Louie"
"The Kinks","All Day And All Of The Night"
"The Kinks","Apeman"
"The Kinks","Autumn Almanac"
"The Kinks","Come Dancing"
"The Kinks","Days"
"The Kinks","Dead End Street"
"The Kinks","Dedicated Follower Of Fashion"
"The Kinks","Everybody's Gonna Be Happy"
"The Kinks","Lola"
"The Kinks","Plastic Man"
"The Kinks","Set Me Free"
"The Kinks","Stop Your Sobbing"
"The Kinks","Sunny Afternoon"
"The Kinks","Supersonic Rocket Ship"
"The Kinks","Till The End Of The Day"
"The Kinks","Tired Of Waiting For You"
"The Kinks","Waterloo Sunset"
"The Kinks","You Really Got Me"
"The Knack","My Sharona"
"The Kooks","Naïve"
"The Kooks","No Pressure"
"The Kooks","She Moves In Her Own Way"
"The Kooks","Shine On"
"The Lady And The Tramp (Disney)","Bella Notte"
"The Lady And The Tramp (Disney)","He's A Tramp"
"The Lambrettas","Poison Ivy"
"The La's","There She Goes"
"The Lathums","Struggle"
"The Lemonheads","Mrs. Robinson"
"The Libertines","Can't Stand Me Now"
"The Libertines","Don't Look Back Into The Sun"
"The Lion King (Disney)","Be Prepared"
"The Lion King (Disney)","Can You Feel The Love Tonight"
"The Lion King (Disney)","Circle Of Life"
"The Lion King (Disney)","Hakuna Matata"
"The Lion King (Disney)","He Lives In You"
"The Lion King (Disney)","I Just Can't Wait To Be King"
"The Lion King (Disney)","Lion Sleeps Tonight"
"The Little Mermaid (Disney)","Part Of Your World"
"The Little Mermaid (Disney)","Under The Sea"
"The Lonely Island Feat. Adam Levine & Kendrick Lamar","Yolo"
"The Lonely Island Feat. T-Pain","I'm On A Boat"
"The Longest Johns","Wellerman"
"The Lotus Eaters","The First Picture Of You"
"The Lovin' Spoonful","Summer In The City"
"The Lumineers","Ho Hey"
"The Maccabees","Marks To Prove It"
"The Maccabees","Toothpaste Kisses"
"The Magic Numbers","Love Me Like You"
"The Mamas And The Papas","Dedicated To The One I Love"
"The Marcels","Blue Moon"
"The Marvelettes","When You're Young And In Love"
"The Mavericks","Dance The Night Away"
"The Mavericks","I've Got This Feeling"
"The Mike Flowers Pops","Wonderwall"
"The Miracles","You've Really Got A Hold On Me"
"The Mixtures","Pushbike Song"
"The Mock Turtles","Can You Dig It?"
"The Models","Out Of Mind, Out Of Sight"
"The Monkees","A Little Bit Me, A Little Bit You"
"The Monkees","Daydream Believer"
"The Monkees","Hey Hey We're The Monkees"
"The Monkees","I'm A Believer"
"The Monkees","Last Train To Clarksville"
"The Monkees","Look Out (Here Comes Tomorrow)"
"The Motors","Airport"
"The Move","Blackberry Way"
"The Move","Firebrigade"
"The Move","Flowers In The Rain"
"The Muppet Show (TV Theme)","The Muppet Show Theme"
"The Muppets","Man Or Muppet (2011 film)"
"The National","The System Only Dreams in Total Darkness"
"The New Seekers","Beg Steal Or Borrow"
"The New Seekers","I'd Like To Teach The World To Sing"
"The New Seekers","Look What They've Done to My Song"
"The New Seekers","Never Ending Song Of Love"
"The New Seekers","You Won't Find Another Fool Like Me"
"The Noisettes","Don't Upset The Rhythm"
"The Noisettes","Never Forget You"
"The Noisettes","That Girl (Duet Version)"
"The Noisettes","Wild Young Hearts"
"The Nolans","Attention To Me"
"The Nolans","I'm In The Mood For Dancing"
"The Notorious B.I.G.","Mo Money Mo Problems"
"The O.C. (TV Theme)","California"
"The Offspring","Kids Aren't Alright"
"The Offspring","Pretty Fly For A White Guy"
"The Offspring","Self Esteem"
"The Offspring","Why Don't You Get A Job"
"The O'Jays","For The Love Of Money"
"The O'Jays","I Love Music"
"The O'Jays","Love Train"
"The Olsen Brothers","Fly On The Wings Of Love"
"The Only Ones","Another Girl Another Planet"
"The Ordinary Boys  Feat. Lady Sovereign","Nine 2 Five"
"The Osmonds","Crazy Horses"
"The Osmonds","Goin' Home"
"The Osmonds","Let Me In"
"The Osmonds","Love Me For A Reason"
"The Overlanders","Michelle"
"The Overtones","Carolyn"
"The Overtones","Gambling Man"
"The Paper Dolls","Something Here In My Heart (Keeps A Telling Me No)"
"The Partridge Family","I Think I Love You"
"The Pearls","Guilty"
"The Phantom Of The Opera (Musical)","All I Ask Of You"
"The Phantom Of The Opera (Musical)","Music Of The Night"
"The Phantom Of The Opera (Musical)","The Phantom Of The Opera"
"The Pirates Of Penzance (Musical)","Major-General's Song"
"The Platters","Only You"
"The Platters","The Great Pretender"
"The Pogues","A Pair Of Brown Eyes"
"The Pogues","Dark Streets Of London"
"The Pogues","Dirty Old Town"
"The Pogues","Fairytale Of New York"
"The Pogues","Fiesta"
"The Pogues","Sally MacLennane"
"The Pogues","South Australia"
"The Pogues & The Dubliners","The Irish Rover"
"The Pointer Sisters","Automatic"
"The Pointer Sisters","I'm So Excited"
"The Pointer Sisters","Jump (For My Love)"
"The Pointer Sisters","Slowhand"
"The Police","Can't Stand Losing You"
"The Police","De Do Do Do, De Da Da Da"
"The Police","Don't Stand So Close To Me"
"The Police","Every Breath You Take"
"The Police","Every Little Thing She Does Is Magic"
"The Police","Message In A Bottle"
"The Police","Roxanne"
"The Police","So Lonely"
"The Police","Walking On The Moon"
"The Poni-Tails","Born Too Late"
"The Power Station","Some Like It Hot"
"The Presidents Of The USA","Lump"
"The Presidents Of The USA","Peaches"
"The Presidents Of The USA","Video Killed The Radio Star"
"The Pretenders","2000 Miles"
"The Pretenders","Back On The Chain Gang"
"The Pretenders","Brass In Pocket"
"The Pretenders","Don't Get Me Wrong"
"The Pretenders","Hymn To Her"
"The Pretenders","I Go To Sleep"
"The Pretenders","I'll Stand By You"
"The Pretenders","Kid"
"The Pretenders","Stop Your Sobbing"
"The Pretenders","Talk Of The Town"
"The Pretty Reckless","Light Me Up"
"The Pretty Reckless","Make Me Wanna Die"
"The Primitives","Crash"
"The Proclaimers","I'm Gonna Be (500 Miles)"
"The Proclaimers","I'm On My Way"
"The Proclaimers","Letter From America"
"The Proclaimers","Life With You"
"The Proclaimers (from Shrek)","I'm On My Way"
"The Prodigy","Breathe"
"The Prodigy","Firestarter"
"The Psychedelic Furs","Pretty In Pink"
"The Pussycat Dolls","Club Song"
"The Pussycat Dolls","Hush Hush"
"The Pussycat Dolls","I Hate This Part"
"The Pussycat Dolls","React"
"The Pussycat Dolls","Stick Wit U"
"The Pussycat Dolls","Sway"
"The Pussycat Dolls","Wait A Minute"
"The Pussycat Dolls","When I Grow Up"
"The Pussycat Dolls Feat. Busta Rhymes","Don't Cha"
"The Pussycat Dolls Feat. Missy Elliot","Whatcha Think About That"
"The Pussycat Dolls Feat. Snoop Dogg","Buttons"
"The Pussycat Dolls Feat. will.i.am","Beep"
"The Raconteurs","Broken Boy Soldier"
"The Raconteurs","Steady, As She Goes"
"The Rah Band","Clouds Across The Moon"
"The Ramones","Baby I Love You"
"The Ramones","I Wanna Be Sedated"
"The Ramones","Rock 'n' Roll High School"
"The Rascals","Ain't Gonna Eat My Heart Out Anymore"
"The Rasmus","In The Shadows"
"The Real Thing","Can't Get By Without You"
"The Real Thing","You To Me Are Everything"
"The Rebel MC","Street Tuff"
"The Reflections","(Just Like) Romeo And Juliet"
"The Righteous Brothers","Unchained Melody"
"The Righteous Brothers","You've Lost That Lovin' Feelin'"
"The Righteous Brothers","You've Lost That Loving Feeling"
"The Rockin' Berries","He's In Town"
"The Rockin' Berries","Poor Man's Son"
"The Rocky Horror Picture Show (Musical)","Dammit Janet"
"The Rocky Horror Picture Show (Musical)","Hot Patootie"
"The Rocky Horror Picture Show (Musical)","I Can Make You A Man"
"The Rocky Horror Picture Show (Musical)","Over At The Frankenstein Place"
"The Rocky Horror Picture Show (Musical)","Science Fiction Double Feature"
"The Rocky Horror Picture Show (Musical)","Sweet Transvestite"
"The Rocky Horror Picture Show (Musical)","Time Warp"
"The Rocky Horror Picture Show (Musical)","Toucha Toucha Touch Me"
"The Rolling Stones","19th Nervous Breakdown"
"The Rolling Stones","Angie"
"The Rolling Stones","As Tears Go By"
"The Rolling Stones","Beast Of Burden"
"The Rolling Stones","Brown Sugar"
"The Rolling Stones","Come On"
"The Rolling Stones","Doom And Gloom"
"The Rolling Stones","Get Off Of My Cloud"
"The Rolling Stones","Honky Tonk Women"
"The Rolling Stones","It's All Over Now"
"The Rolling Stones","It's Only Rock And Roll (But I Like It)"
"The Rolling Stones","Jumpin' Jack Flash"
"The Rolling Stones","Let's Spend The Night Together"
"The Rolling Stones","Little Red Rooster"
"The Rolling Stones","Miss You"
"The Rolling Stones","Mother's Little Helper"
"The Rolling Stones","Not Fade Away"
"The Rolling Stones","Paint It Black"
"The Rolling Stones","Route 66"
"The Rolling Stones","Ruby Tuesday"
"The Rolling Stones","Satisfaction"
"The Rolling Stones","Start Me Up"
"The Rolling Stones","Street Fighting Man"
"The Rolling Stones","Sympathy For The Devil"
"The Rolling Stones","The Last Time"
"The Rolling Stones","The Rolling Stones Medley"
"The Rolling Stones","Time Is On My Side"
"The Rolling Stones","Under My Thumb"
"The Rolling Stones","Wild Horses"
"The Rolling Stones","You Better Move On"
"The Romantics","What I Like About You"
"The Ronettes","Frosty The Snowman"
"The Ronettes","I Saw Mommy Kissing Santa Claus"
"The Ronettes","Sleigh Ride"
"The Rubberbandits","Horse Outside"
"The Rubettes","Juke Box Jive"
"The Rubettes","Sugar Baby Love"
"The Rubettes","Tonight"
"The Saturdays","30 Days"
"The Saturdays","All Fired Up"
"The Saturdays","Disco Love"
"The Saturdays","Ego"
"The Saturdays","Faster"
"The Saturdays","Forever Is Over"
"The Saturdays","Gentleman"
"The Saturdays","Higher"
"The Saturdays","Issues"
"The Saturdays","Just Can't Get Enough"
"The Saturdays","Missing You"
"The Saturdays","Not Giving Up"
"The Saturdays","Notorious"
"The Saturdays","Up"
"The Saturdays","What Are You Waiting For?"
"The Saturdays","Work"
"The Scissor Sisters","Everybody Wants The Same Thing"
"The Scissor Sisters","I Can't Decide"
"The Scissor Sisters","Intermission"
"The Scissor Sisters","It Can't Come Quickly Enough"
"The Scissor Sisters","Kiss You Off"
"The Scissor Sisters","Lights"
"The Scissor Sisters","Lovers In The Backseat"
"The Scissor Sisters","Might Tell You Tonight"
"The Scissor Sisters","Music Is The Victim"
"The Scissor Sisters","Ooh"
"The Scissor Sisters","Paul McCartney"
"The Scissor Sisters","Return To Oz"
"The Scissor Sisters","The Other Side"
"The Scissor Sisters","Tits On The Radio"
"The Score","Oh My Love"
"The Scorpions","Rock You Like A Hurricane"
"The Scorpions","Still Loving You"
"The Scorpions","Wind Of Change"
"The Scotts","The Scotts"
"The Screaming Jets","Better"
"The Script","Arms Open"
"The Script","Break Even"
"The Script","For The First Time"
"The Script","If You Could See Me Now"
"The Script","Man On A Wire"
"The Script","Millionaires"
"The Script","No Good In Goodbye"
"The Script","Nothing"
"The Script","Rain"
"The Script","Six Degrees Of Separation"
"The Script","Superheroes"
"The Script","Talk You Down"
"The Script","The Last Time"
"The Script","The Man Who Can't Be Moved"
"The Script Feat. B.o.B","Walk Away"
"The Script Feat. will.i.am","Hall Of Fame"
"The Seahorses","Blinded By The Sun"
"The Seahorses","Love Is The Law"
"The Searchers","Bumble Bee"
"The Searchers","Don't Throw Your Love Away"
"The Searchers","Goodbye My Love"
"The Searchers","Love Potion No 9"
"The Searchers","Needles & Pins"
"The Searchers","Someday We're Gonna Love Again"
"The Searchers","Sweets For My Sweet"
"The Searchers","Take It Or Leave It"
"The Searchers","The Searchers Medley"
"The Searchers","What Have They Done To The Rain"
"The Searchers","When You Walk In The Room"
"The Seashells","Maybe I Know"
"The Seekers","A World Of Our Own"
"The Seekers","Georgy Girl"
"The Seekers","I Am Australian"
"The Seekers","I'll Never Find Another You"
"The Seekers","Island Of Dreams"
"The Seekers","Morningtown Ride"
"The Seekers","The Carnival Is Over"
"The Seekers","The Seekers Medley"
"The Sex Pistols","Anarchy In The U.K."
"The Shadows","Let Me Be The One"
"The Shamen","Ebeneezer Goode"
"The Shangri-Las","Leader Of The Pack"
"The Shirelles","Foolish Little Girl"
"The Shirelles","Will You Love Me Tomorrow"
"The Shires","All Over Again"
"The Shires","I Just Wanna Love You"
"The Shires","State Lines"
"The Simpsons","Do The Bart Man"
"The Sisters Of Mercy","This Corrosion"
"The Skids","Into The Valley"
"The Small Faces","Itchycoo Park"
"The Small Faces","Tin Soldier"
"The Smiths","Ask"
"The Smiths","Back to The Old House"
"The Smiths","Bigmouth Strikes Again"
"The Smiths","Cemetry Gates"
"The Smiths","Frankly, Mr Shankly"
"The Smiths","Girlfriend In A Coma"
"The Smiths","Hand In Glove"
"The Smiths","Heaven Knows I'm Miserable Now"
"The Smiths","How Soon Is Now"
"The Smiths","I Started Something I Couldn't Finish"
"The Smiths","Panic"
"The Smiths","Shakespeare's Sister"
"The Smiths","Sheila Take A Bow"
"The Smiths","Shoplifters Of The World Unite"
"The Smiths","Still Ill"
"The Smiths","The Boy With The Thorn In His Side"
"The Smiths","The Boy With The Thorn In His Side"
"The Smiths","There Is A Light That Never Goes Out"
"The Smiths","This Charming Man"
"The Smiths","Vicar In A Tutu"
"The Smiths","What Difference Does It Make"
"The Smiths","William, It Was Really Nothing"
"The Snake Oil Willie Band","Don't Look Good Naked Anymore"
"The Soggy Bottom Boys","I Am A Man Of Constant Sorrow"
"The Sound Of Music (Musical)","Climb Every Mountain"
"The Sound Of Music (Musical)","Do Re Mi"
"The Sound Of Music (Musical)","Edelweiss"
"The Sound Of Music (Musical)","Edelweiss (For Solo Male)"
"The Sound Of Music (Musical)","Maria"
"The Sound Of Music (Musical)","My Favourite Things"
"The Sound Of Music (Musical)","The Lonely Goatherd"
"The Sound Of Music (Musical)","The Sound Of Music"
"The Specials","A Message To You Rudy"
"The Specials","Ghost Town"
"The Specials","Too Much Too Young"
"The Specials","Vote for Me"
"The Spin Doctors","Two Princes"
"The Springfields","Island Of Dreams"
"The Stone Roses","Elephant Stone"
"The Stone Roses","Fool's Gold"
"The Stone Roses","I am The Resurrection"
"The Stone Roses","I Wanna Be Adored"
"The Stone Roses","Mersey Paradise"
"The Stone Roses","Sally Cinnamon"
"The Stone Roses","She Bangs The Drums"
"The Stone Roses","Waterfall"
"The Stranglers","Golden Brown"
"The Stranglers","Nice N' Sleazy"
"The Stranglers","No More Heroes"
"The Stranglers","Strange Little Girl"
"The Stray Cats","Rock This Town"
"The Stray Cats","Runaway Boys"
"The Stray Cats","Stray Cat Strut"
"The Streets","Blinded By The Light"
"The Streets","Don't Mug Yourself"
"The Streets","Dry Your Eyes"
"The Streets","Fit But You Know It"
"The Streets","When You Wasn't Famous"
"The Strokes","Falling Out Of Love"
"The Strokes","Going Shopping"
"The Strokes","Juicebox"
"The Strokes","Last Night"
"The Strokes","Reptilia"
"The Strokes","Someday"
"The Strokes","Under Cover Of Darkness"
"The Strokes","You Only Live Once"
"The Style Council","My Ever Changing Moods"
"The Style Council","Shout To The Top"
"The Style Council","Speak Like A Child"
"The Stylistics","Can't Give You Anything (But My Love)"
"The Stylistics","I'm Stone In Love With You"
"The Stylistics","You Make Me Feel Brand New"
"The Sundays","Here's Where The Story Ends"
"The Sundays","Summertime"
"The Supremes","Automatically Sunshine"
"The Supremes","Come See About Me"
"The Supremes","Stop! In The Name Of Love"
"The Supremes","The Happening"
"The Supremes","Where Did Our Love Go"
"The Supremes","You Keep Me Hangin' On"
"The Sweet","Ballroom Blitz"
"The Sweet","Block Buster"
"The Sweet","Fox On The Run"
"The Sweet","Hellraiser"
"The Sweet","Wig Wam Bam"
"The Swinging Blue Jeans","Don't Make Me Over"
"The Tams","Be Young, Be Foolish, Be Happy"
"The Temper Trap","Sweet Disposition"
"The Temptations","Ain't Too Proud To Beg"
"The Temptations","Cloud 9"
"The Temptations","Get Ready"
"The Temptations","I Can't Help Myself"
"The Temptations","My Girl"
"The Temptations","Papa Was A Rollin' Stone"
"The Temptations","You're My Everything"
"The Thompson Twins","Doctor Doctor"
"The Thompson Twins","Hold Me Now"
"The Three Degrees","When Will I See You Again"
"The Three Degrees","Woman In Love"
"The Ting Tings","Hang It Up"
"The Ting Tings","Shut Up And Let Me Go"
"The Ting Tings","That's Not My Name"
"The Trammps","Disco Inferno"
"The Trashmen","Surfin' Bird"
"The Traveling Wilburys","End Of The Line"
"The Traveling Wilburys","Handle With Care"
"The Tremeloes","Even The Bad Times Are Good"
"The Tremeloes","Here Comes My Baby"
"The Tremeloes","Silence Is Golden"
"The Troggs","I Can't Control Myself"
"The Troggs","Love Is All Around"
"The Troggs","Wild Thing"
"The Troggs","With A Girl Like You"
"The Tubes","Don't Touch Me There"
"The Turtles","Elenore"
"The Turtles","Happy Together"
"The Tweenies","I Believe In Christmas"
"The Undertones","My Perfect Cousin"
"The Undertones","Teenage Kicks"
"The Undertones","You've Got My Number (Why Don't You Use It)"
"The Untold Story (Armaan Malik)","Jab Tak"
"The Untold Story (Palak Mucchal)","Kaun Tujhe"
"The Vaccines","Handsome"
"The Vaccines","If You Wanna"
"The Vamps","Can We Dance"
"The Vamps","Last Night"
"The Vamps","Rest Your Love"
"The Vamps","Wake Up"
"The Vamps","Wild Heart"
"The Vamps & Matoma","All Night"
"The Vamps Feat. Demi Lovato","Somebody To You"
"The Vamps Feat. Shawn Mendes","Oh Cecilia (Breaking My Heart)"
"The Vapors","Turning Japanese"
"The Velvet Underground","I'm Waiting For The Man"
"The Velvet Underground","Pale Blue Eyes"
"The Velvet Underground","Sweet Jane"
"The Veronicas","In My Blood"
"The Veronicas","Untouched"
"The Verve","Bitter Sweet Symphony"
"The Verve","Lucky Man"
"The Verve","Sonnet"
"The Verve","The Drugs Don't Work"
"The View","Same Jeans"
"The Vogues","You're The One"
"The Waitresses","Christmas Wrapping"
"The Walker Brothers","Make It Easy On Yourself"
"The Walker Brothers","The Sun Ain't Gonna Shine Anymore"
"The Wannadies","You And Me Song"
"The Wanted","All Time Low"
"The Wanted","Chasing The Sun"
"The Wanted","Glad You Came"
"The Wanted","Glow In The Dark"
"The Wanted","Gold Forever"
"The Wanted","Heart Vacancy"
"The Wanted","I Found You"
"The Wanted","Lightning"
"The Wanted","Lose My Mind"
"The Wanted","Show Me Love (America)"
"The Wanted","Walks Like Rihanna"
"The Wanted","Warzone"
"The Wanted","We Own The Night"
"The Water Boys","The Whole Of The Moon"
"The Weather Girls","It's Raining Men"
"The Weeknd","After Hours"
"The Weeknd","Blinding Lights"
"The Weeknd","Call Out My Name"
"The Weeknd","Dancing In The Flames"
"The Weeknd","Earned It (Fifty Shades Of Grey)"
"The Weeknd","I Can't Feel My Face"
"The Weeknd","In The Night"
"The Weeknd","In Your Eyes"
"The Weeknd","Sacrifice"
"The Weeknd","Save Your Tears"
"The Weeknd","Take My Breath"
"The Weeknd","The Hills"
"The Weeknd & Ariana Grande","Die For You"
"The Weeknd Feat. Daft Punk","I Feel It Coming"
"The Weeknd Feat. Daft Punk","Starboy"
"The Weeknd Feat. Ed Sheeran","Dark Times"
"The Weeknd feat. Playboi Carti","Timeless"
"The Weeknd, Jennie & Lily Rose Depp","One Of The Girls"
"The White Stripes","Blue Orchid"
"The White Stripes","My Doorbell"
"The White Stripes","Seven Nation Army"
"The White Stripes","The Denial Twist"
"The White Stripes","You Don't Know What Love Is (You Just Do As You're  Told)"
"The Who","Baba O'Riley"
"The Who","Happy Jack"
"The Who","I Can't Explain"
"The Who","I'm Free"
"The Who","I'm The One"
"The Who","Magic Bus"
"The Who","My Generation"
"The Who","Old Red Wine"
"The Who","See Me, Feel Me"
"The Who","Squeeze Box"
"The Who","Substitute"
"The Who","Summertime Blues"
"The Who","The Kids Are Alright"
"The Who","The Seeker"
"The Who","Who Are You"
"The Who","Won't Get Fooled Again"
"The Wiz ","Home"
"The Wizard of Oz (Musical)","Ding Dong The Witch Is Dead"
"The Wizard of Oz (Musical)","We're Off To See The Wizard"
"The Wombles","Remember You're A Womble"
"The Wombles","The Wombling Song"
"The Wonder Stuff","The Size Of A Cow"
"The Woolpackers","Hillbilly Rock, Hillbilly Roll"
"The Wreckers","Leave The Pieces"
"The Wreckers","The Good Kind"
"The Wurzels","The Blackbird"
"The xx","Dangerous"
"The xx","Fiction"
"The xx","Missing"
"The xx","Replica"
"The Young Rascals","A Girl Like You"
"The Zombies","She's Not There"
"The Zombies","Time Of The Season"
"The Zutons","Valerie"
"Thelma Houston","Don't Leave Me This Way"
"Them","Baby Please Don't Go"
"Them","Gloria"
"Them","Here Comes The Night"
"Theme from Thomas And Friends","Thomas And Friends"
"They Might Be Giants","Birdhouse In Your Soul"
"Thierry Hazard","Le Jerk"
"Thin Lizzy","Dancin' In The Moonlight"
"Thin Lizzy","Don't Believe A Word"
"Thin Lizzy","Jail Break"
"Thin Lizzy","Sarah"
"Thin Lizzy","Still In Love With You"
"Thin Lizzy","The Boys Are Back In Town"
"Thin Lizzy","Whiskey In The Jar"
"Third Eye Blind","Semi-Charmed Life"
"Third World","Now That We've Found Love"
"Thirsty Merc","20 Good Reasons"
"Thomas Rhett","Crash and Burn"
"Thomas Rhett","Die A Happy Man"
"Three 6 Mafia Feat. Young Buck, 8Ball & MJG","Stay Fly"
"Three Days Grace","Never Too Late"
"Thunder","Dirty Love"
"Thunder","Love Walked In"
"Thunder","Low Life In High Places"
"Thunderclap Newman","Something In The Air"
"Tian Zhen","Gan Bei Peng You"
"Tian Zhen","Zhi Zhuo"
"Tieks Feat. Dan Harkna","Sunshine"
"Tiesto","10:35"
"Tiesto","Red Lights"
"Tiësto & Deorro","Savage"
"Tiesto & Dzeko Feat. Preme & Post Malone","Jackie Chan"
"Tiësto, Ava Max","The Motto"
"Tiesto, Jonas Blue & Rita Ora","Ritual"
"Tiffany","I Think We're Alone Now"
"Tiger Zinda Hai","Dil Diya Gallan"
"Tiger Zinda Hai","Swag Se Swagat"
"Tigger The Movie","Your Heart Will Lead You Home"
"Tim McGraw","All We Ever Find"
"Tim McGraw","Don't Take The Girl"
"Tim McGraw","Home"
"Tim McGraw","If You're Reading This"
"Tim McGraw","Illegal"
"Tim McGraw","Indian Outlaw"
"Tim McGraw","Live Like you Were Dying"
"Tim McGraw","My Little Girl"
"Tim McGraw","Real Good Man"
"Tim McGraw","She's My Kind Of Rain"
"Tim McGraw","That's Why God Made Mexico"
"Tim McGraw","Tim McGraw Medley 1"
"Tim McGraw","Tim McGraw Medley 2"
"Tim McGraw","Tiny Dancer"
"Tim McGraw","Watch The Wind Blow By"
"Tim McGraw","Who Are They"
"Timbaland Feat. Justin Timberlake","Carry Out"
"Timbaland feat. Justin Timberlake & Nelly Furtado","Keep Going Up"
"Timbaland Feat. Katy Perry","If We Ever Meet Again"
"Timbaland Feat. Keri Hilson & D.O.E.","The Way I Are"
"Timbaland Feat. Nelly Furtado & Justin  Timberlake","Give It To Me"
"Timbaland Presents OneRepublic","Apologize"
"Timbuk 3","The Future's So Bright I Gotta Wear Shades"
"Timi Yuro","Hurt"
"Tina Arena","Chains"
"Tina Arena","I Want To Know What Love Is"
"Tina Arena","Sorrento Moon"
"Tina Arena","Wasn't It Good"
"Tina Arena","Whistle Down The Wind"
"Tina Charles","I Love To Love"
"Tina Moore","Never Gonna Let You Go"
"Tina Turner","Addicted To Love"
"Tina Turner","Goldeneye"
"Tina Turner","I Don't Wanna Fight No More"
"Tina Turner","I Don't Wanna lose You"
"Tina Turner","Let's Stay Together"
"Tina Turner","Nutbush City Limits"
"Tina Turner","Open Arms"
"Tina Turner","Private Dancer"
"Tina Turner","River Deep Mountain High"
"Tina Turner","Steamy Windows"
"Tina Turner","The Best"
"Tina Turner","We Don't Need Another Hero"
"Tina Turner","What's Love Got To Do With It"
"Tinashe","Too Easy"
"Tinashe Feat. Schoolboy Q","2 On"
"Tinchy Stryder Feat. N-Dubz","Number 1"
"Tinchy Stryder Feat. Pixie Lott","Bright Lights"
"Tinchy Stryder Feat. Taio Cruz","Take Me Back"
"Tinie Tempah","Frisky"
"Tinie Tempah","Pass Out"
"Tinie Tempah","Written In The Stars"
"Tinie Tempah Feat. Ellie Goulding","Wonderman"
"Tinie Tempah Feat. Jess Glynne","Not Letting Go"
"Tinie Tempah Feat. John Martin","Children Of The Sun"
"Tinie Tempah Feat. Kelly Rowland","Invincible"
"Tinie Tempah Feat. Labrinth","Lover Not A Fighter"
"Tinie Tempah Feat. Wiz Khalifa","Till I'm Gone"
"Tinie Tempah Feat. Zara Larsson","Girls Like"
"Tiziano Ferro","La Differenza Tra Me E Te"
"Tiziano Ferro","Non Me Lo So Spiegare"
"Tiziano Ferro","Sere Nere"
"TLC","Ain't 2 Proud 2 Beg"
"TLC","Baby Baby Baby"
"TLC","Dear Lie"
"TLC","No Scrubs"
"TLC","Unpretty"
"TLC","Waterfalls"
"Toby Keith","A Little Less Talk And A Lot More Action"
"Toby Keith","American Soldier"
"Toby Keith","Does That Blue Moon Ever Shine On You"
"Toby Keith","He Ain't Worth Missing"
"Toby Keith","How Do You Like Me Now"
"Toby Keith","I'm Just Talkin' About Tonight"
"Toby Keith","Pull My Chain"
"Toby Keith","Who's That Man"
"Toby Keith","Who's Your Daddy"
"Toby Keith","You Ain't Much Fun"
"Toby Keith with Sting","I'm So Happy I Can't Stop Crying"
"Tom Grennan","A Little Bit Of Love"
"Tom Grennan","All These Nights"
"Tom Grennan","Boys Don't Cry"
"Tom Grennan","Higher"
"Tom Grennan","How Does It Feel"
"Tom Grennan","It Can't Be Christmas"
"Tom Grennan","Remind Me"
"Tom Jones","A Boy From Nowhere"
"Tom Jones","A Boy From Nowhere (Live 2001) - Full Version"
"Tom Jones","All I Get From You Is Heartaches"
"Tom Jones","At This Moment (Live)"
"Tom Jones","Danny Boy (Live)"
"Tom Jones","Delilah"
"Tom Jones","Delilah (Live)"
"Tom Jones","Do I Ever Cross Your Mind"
"Tom Jones","Don't Fight It"
"Tom Jones","Games People Play (Live)"
"Tom Jones","Green Green Grass Of Home"
"Tom Jones","Hard To Handle (Live)"
"Tom Jones","He Stopped Loving Her Today (Live)"
"Tom Jones","Help Yourself"
"Tom Jones","Hey Jude (Live)"
"Tom Jones","I Can't Stop Loving You (Live)"
"Tom Jones","I Couldn't Say Goodbye"
"Tom Jones","I Feel Like Going Home"
"Tom Jones","I Feel Like Going Home (Cut Down Version)"
"Tom Jones","I Get Carried Away"
"Tom Jones","I Who Have Nothing"
"Tom Jones","If He Should Ever Leave You"
"Tom Jones","If I Only Knew (Live)"
"Tom Jones","If This Is Love"
"Tom Jones","If You Need Me"
"Tom Jones","I'll Never Fall In Love Again"
"Tom Jones","I'll Never Fall In Love Again (Live)"
"Tom Jones","I'm Not Feeling It Anymore"
"Tom Jones","In Style And Rhythm"
"Tom Jones","It's Not Unusual"
"Tom Jones","It's Not Unusual (Live)"
"Tom Jones","It's Up To The Woman"
"Tom Jones","I've Got A Heart"
"Tom Jones","Kiss"
"Tom Jones","Letter To Lucille"
"Tom Jones","Little Green Apples"
"Tom Jones","Lodi"
"Tom Jones","Love Me Tonight"
"Tom Jones","Love Me Tonight (Live '69)"
"Tom Jones","Make This Heart Of Mine Smile Again"
"Tom Jones","Mary's Boy Child (Live)"
"Tom Jones","Not Responsible"
"Tom Jones","Nothin' But A Woman (Live)"
"Tom Jones","Once There Was A Time"
"Tom Jones","One Day Soon"
"Tom Jones","Only Once"
"Tom Jones","She's A Lady"
"Tom Jones","Sing For The Good Times"
"Tom Jones","Take Me To The River (Live)"
"Tom Jones","The Bright Lights And You Girl (Live In Vegas 1969)"
"Tom Jones","The Man Who Knows Too Much"
"Tom Jones","Thunderball"
"Tom Jones","Till"
"Tom Jones","Turn On Your Love Light (Live)"
"Tom Jones","What's New Pussycat"
"Tom Jones","You Can Leave Your Hat On"
"Tom Jones","You'll Never Walk Alone"
"Tom Jones & Cerys Matthews","Baby It's Cold Outside"
"Tom Jones & Mousse T","Sex Bomb"
"Tom Jones & Stereophonics","Mama Told Me Not To Come"
"Tom Odell","Another Love"
"Tom Odell","Best Day Of My Life"
"Tom Odell","Can't Pretend"
"Tom Odell","Concrete"
"Tom Odell","Here I Am"
"Tom Odell","Hold Me"
"Tom Odell","Loving You Will Be The Death Of Me"
"Tom Odell","Magnetised"
"Tom Odell","Real Love"
"Tom Odell","Wrong Crowd"
"Tom Petty","Free Fallin'"
"Tom Petty","I Won't Back Down"
"Tom Petty","Learning To Fly"
"Tom Petty & The Heartbreakers","American Girl"
"Tom Robinson Band","2-4-6-8 Motorway"
"Tom Tom Club","Genius Of Love"
"Tom Waits","Christmas Card From A Hooker In Minneapolis"
"Tom Waits","I Hope That I Don't Fall In Love With You"
"Tom Waits","Martha"
"Tom Walker","Angels"
"Tom Walker","Better Half Of Me"
"Tom Walker","Just You And I"
"Tom Walker","Leave A Light On"
"Tom Walker, Masked Wolf","Something Beautiful"
"Tommy Roe","Dizzy"
"Tommy Steele","Flash Bang Wallop"
"Tommy Steele","Little White Bull"
"Tommy Steele","Singing The Blues"
"Tommy Steele","What A Mouth"
"TOMORROW X TOGETHER","CROWN"
"Tone Loc","Funky Cold Medina"
"Tone Loc","Wild Thing"
"Tones And I","Dance Monkey"
"Tones And I","Fly Away"
"Tones And I","The Greatest"
"Tones And I","Won't Sleep"
"Tong An Ge","Ming Tian Ni Shi Fou Yi Ran Ai Wo"
"Tong An Ge","Qi Shi Ni Bu Dong Wo De Xin"
"Toni Basil","Mickey"
"Toni Braxton","Another Sad Love Song"
"Toni Braxton","Breathe Again"
"Toni Braxton","How Could An Angel Break My Heart"
"Toni Braxton","Unbreak My Heart"
"Toni Braxton","You're Making Me High"
"Tony Bennett","Fly Me To The Moon (In Other Words)"
"Tony Bennett","Jeepers Creepers"
"Tony Bennett","Rags To Riches"
"Tony Bennett","Stranger In Paradise"
"Tony Bennett","The Good Life"
"Tony Bennett","The Shadow Of Your Smile (duet)"
"Tony Bennett & Lady Gaga","The Lady Is A Tramp"
"Tony Christie","Avenues And Alleyways"
"Tony Christie","Drive Safely Darling"
"Tony Christie","I Did What I Did For Maria"
"Tony Christie","Is This The Way To Amarillo"
"Tony Christie","Las Vegas"
"Tony Orlando","Bless You"
"Tony Orlando And Dawn","Tie A Yellow Ribbon 'Round The Old Oak Tree"
"Tony Orlando And Dawn","Tony Orlando And Dawn Medley"
"Tony Rich Project","Nobody Knows"
"Tool","Parabola"
"Tool","Schism"
"Toots & The Maytals","Monkey Man"
"Topic Feat. A7S","Breaking Me"
"Topic Feat. Nico Santos","Home"
"Topic, A7S","Kernkraft 400 (A Better Day)"
"Toploader","Dancing In The Moonlight"
"Toploader","Just Hold On"
"Toploader","Time Of My Life"
"Tori Amos","Cornflake Girl"
"Tori Kelly","Don't You Worry 'Bout a Thing (from SING)"
"Tori Kelly","Nobody Love"
"Tori Kelly","Should've Been Us"
"Toto","Africa"
"Toto","Hold The Line"
"Toto","Rosanna"
"Toto Cutugno","L'Italiano"
"Tough Love feat. Ginuwine","Pony (Jump On It)"
"Tove Lo","Talking Body"
"Tove Lo Feat. Hippie Sabotage","Stay High"
"Toy Dolls","Nellie The Elephant"
"Toy Story 2 (Disney)","I Love To See You Smile"
"T'Pau","China In Your Hand"
"Trace Adkins","Honky Tonk Badonkadonk"
"Tracey Ullman","Breakaway"
"Tracey Ullman","Move Over Darling"
"Tracey Ullman","They Don't Know"
"Tracy Byrd","Drinkin' Bone"
"Tracy Byrd","Watermelon Crawl"
"Tracy Chapman","Baby Can I Hold You"
"Tracy Chapman","Fast Car"
"Tracy Chapman","Give Me One Reason"
"Traditional","Auld Lang Syne"
"Traditional","Flower Of Scotland"
"Traditional","God Save The King"
"Traditional","Happy Birthday (Non Vocal)"
"Traditional","Happy Birthday (Vocal)"
"Traditional","Santa Claus Is Coming To Town"
"Traditional","The Skye Boat Song"
"Traditional","The Sun Has Got His Hat On"
"Traditional","Waltzing Matilda"
"Traditional Christmas","Away In A Manger"
"Traditional Christmas","Deck The Halls"
"Traditional Christmas","Ding Dong Merrily On High"
"Traditional Christmas","Frosty The Snowman"
"Traditional Christmas","God Rest Ye Merry Gentlemen"
"Traditional Christmas","Good King Wenceslas"
"Traditional Christmas","Hark The Herald Angels Sing"
"Traditional Christmas","I Saw Three Ships"
"Traditional Christmas","Jingle Bells"
"Traditional Christmas","Joy To The World"
"Traditional Christmas","Little Drummer Boy"
"Traditional Christmas","O Come All Ye Faithful"
"Traditional Christmas","O Little Town Of Bethlehem"
"Traditional Christmas","Once In Royal David's City"
"Traditional Christmas","Rudolph The Red-Nosed Reindeer"
"Traditional Christmas","Silent Night"
"Traditional Christmas","The First Noel"
"Traditional Christmas","The Holly And The Ivy"
"Traditional Christmas","The Twelve Days Of Christmas"
"Traditional Christmas","We Three Kings"
"Traditional Christmas","We Wish You A Merry Christmas"
"Traditional Christmas","While Shepherds Watched"
"Train","50 Ways To Say Goodbye"
"Train","Bruises"
"Train","Drive By"
"Train","Drops Of Jupiter"
"Train","Get To Me"
"Train","Hey, Soul Sister"
"Train","Marry Me"
"Train","Play That Song"
"Transvision Vamp","Baby I Don't Care"
"Transvision Vamp","I Want Your Love"
"Travie McCoy Feat. Bruno Mars","Billionaire"
"Travis","3 Miles High"
"Travis","Driftwood"
"Travis","Flowers In The Window"
"Travis","Gaslight"
"Travis","Raze The Bar"
"Travis","Sing"
"Travis","Turn"
"Travis","Why Does It Always Rain On Me"
"Travis","Writing To Reach You"
"Travis Scott","Sicko Mode"
"Trent Tomlinson","Drunker Than Me"
"Trey Songz","Na Na"
"Trey Songz","Simply Amazing"
"Trinidad Cardona feat. Davido & Aisha","Hayya Hayya (Better Together)"
"Trio","Da Da Da"
"Troye Sivan","My My My"
"Troye Sivan","Wild"
"T-Spoon","Sex On The Beach"
"Tulisa","Young"
"Tumhari Sulu","Ban Ja Rani"
"Tune Weavers","Happy Happy Birthday Baby"
"TV Theme","Bread"
"TV Theme","Casper The Friendly Ghost"
"TV Theme","Dad's Army"
"TV Theme","Hi-De-Hi"
"TV Theme","Minder"
"TV Theme","One Foot In The Grave"
"TV Theme","Only Fools And Horses"
"TV Theme","Red Dwarf"
"TV Theme","You'll Never See A Nessie In The Zoo"
"Tweet Feat. Missy Elliot","Oops (Oh My)"
"Twenty One Pilots","Chlorine"
"Twenty One Pilots","Drag Path"
"Twenty One Pilots","Heathens"
"Twenty One Pilots","My Blood"
"Twenty One Pilots","Ride"
"Twenty One Pilots","Stressed Out"
"TWICE","Fancy"
"TWICE","Likey"
"TWICE","Strategy (From KPop Demon Hunters)"
"TWICE","The Feels"
"Twin Atlantic","Heart and Soul"
"Twinkle","Terry"
"Twisted Sister","I'll Be Home for Christmas"
"Twisted Sister ","We're Not Gonna Take It"
"Tyla","Chanel"
"Tyla","That Girl"
"Tyla","Water"
"Tyla feat. Zara Larsson","She Did It Again"
"U2","All I Want Is You"
"U2","Beautiful Day"
"U2","Desire"
"U2","Even Better Than The Real Thing"
"U2","Helter Skelter"
"U2","Hold Me, Thrill Me, Kiss Me, Kill Me"
"U2","I Still Haven't Found What I'm Looking For"
"U2","I'll Go Crazy If I Don't Go Crazy  Tonight"
"U2","In A Little While"
"U2","Mysterious Ways"
"U2","New Year's Day"
"U2","One"
"U2","Pride (In The Name Of Love)"
"U2","So Cruel"
"U2","Sometimes You Can't Make It On Your Own"
"U2","Song for Someone"
"U2","Stay (Forever So Close)"
"U2","Stuck In A Moment"
"U2","Sunday Bloody Sunday"
"U2","The Fly"
"U2","The Miracle (Of Joey Ramone)"
"U2","The Sweetest Thing"
"U2","The Unforgettable Fire"
"U2","Vertigo"
"U2","Where The Streets Have No Name"
"U2","Who's Gonna Ride Your Wild Horses"
"U2","With Or Without You"
"U2","You're The Best Thing About Me"
"U2 Feat. B.B. King","When Love Comes To Town"
"UB40","(I Can't Help) Falling In Love With You"
"UB40","Cherry Oh Baby"
"UB40","Don't Break My Heart"
"UB40","Groovin'"
"UB40","Higher Ground"
"UB40","Homely Girl"
"UB40","King"
"UB40","Kingston Town"
"UB40","Many Rivers To Cross"
"UB40","One In Ten"
"UB40","Present Arms"
"UB40","Rat In Mi Kitchen"
"UB40","Red Red Wine"
"UB40","Sweet Cherrie"
"UB40","The Train Is Coming"
"UB40 & Chrissie Hynde","Breakfast In Bed"
"UB40 & Chrissie Hynde","I Got You Babe"
"UB40 & Robert Palmer","I'll Be Your Baby Tonight"
"Ugly Kid Joe","Cat's In The Cradle"
"Ugly Kid Joe","Everything About You"
"Ultrabeat","Pretty Green Eyes"
"Ultravox","Dancing With Tears In My Eyes"
"Ultravox","The Voice"
"Ultravox","Vienna"
"Umberto Tozzi","Gente di mare"
"Umberto Tozzi","Gloria"
"Umberto Tozzi","Rien que des mots (Ti Amo)"
"Umberto Tozzi","Ti Amo"
"Umberto Tozzi & Raf","Gente di mare"
"Uncle Kracker","Drift Away"
"Uncle Kracker","Follow Me"
"Underworld","Born Slippy"
"Union J","Beautiful Life"
"Union J","Carry You"
"Union J","Loving You Is Easy"
"Union J","Tonight (We Live Forever)"
"Unit Four Plus Two","Concrete and Clay"
"Urge Overkill","Girl, You'll be a Woman Soon"
"US Trad","This Is My Country"
"Usher","Burn"
"Usher","Caught Up"
"Usher","Climax"
"Usher","Confessions Pt. 2"
"Usher","Crash"
"Usher","Good Kisser"
"Usher","Lay You Down"
"Usher","Nice & Slow"
"Usher","Pop Ya Collar"
"Usher","Ruin"
"Usher","Superstar"
"Usher","U Don't Have To Call"
"Usher","U Got It Bad"
"Usher","U-Turn"
"Usher","Yeah!"
"Usher","You Make Me Wanna"
"Usher","You Remind Me"
"Usher & Alicia Keys","My Boo"
"Usher Feat. Juicy J","I Don't Mind"
"Usher Feat. Pitbull","DJ Got Us Falling In Love"
"Usher Feat. will.i.am","O.M.G"
"Usher Feat. Young Jeezy","Love In This Club"
"Utada Hikaru","Passion"
"Val Doonican","Paddy McGinty's Goat"
"Val Doonican","What Would I Be Without Your Love"
"Vampire Weekend","A-Punk"
"Vampire Weekend","Cousins"
"Vampire Weekend","Oxford Comma"
"Vampire Weekend","This Life"
"Van Halen","Jump"
"Van Halen","You Really Got Me"
"Van Morrison","Brown Eyed Girl"
"Van Morrison","Have I Told You Lately"
"Van Morrison","Moondance"
"Van Morrison & Michael Buble","Real Real Gone"
"Vance Joy","First Time"
"Vance Joy","Riptide"
"Vanessa Amorosi","Amazing"
"Vanessa Carlton","A Thousand Miles"
"Vanessa Paradis","Joe Le Taxi"
"Vanessa Williams","Colours Of The Wind"
"Vanessa Williams","Save The Best For Last"
"Vanessa Williams & Brian McKnight","Love Is"
"Vanilla Ice","Ice Ice Baby"
"Vanity Fare","Early In The Morning"
"Vanity Fare","Hitchin' A Ride"
"Various Artists","60s Medley 1"
"Various Artists","Thank Abba For The Music"
"Vasco Rossi","Cambia-Menti"
"Vasco Rossi","Eh...Gia"
"Vaughn Monroe","Ghost Riders In The Sky"
"Vengaboys","Boom Boom Boom Boom"
"Vengaboys","Cheeka Bow Bow"
"Vengaboys","Sha La La La La"
"Vengaboys","Uncle John From Jamaica"
"Vengaboys","We Like To Party (The Vengabus)"
"Vengaboys","We're Going To Ibiza"
"Vera Lynn","A Nightingale Sang In Berkeley Square"
"Vera Lynn","Lili Marlene"
"Vera Lynn","Vera Lynn Medley"
"Vera Lynn","We'll Meet Again"
"Vera Lynn","When The Lights Go On Again"
"Vera Lynn","White Cliffs Of Dover"
"Verna Felton","Bibbidi-Bobbidi-Boo"
"Vianney","Je m'en vais"
"Vianney","Moi aimer toi"
"Vianney","Pas là"
"Vic Damone","On The Street Where You Live"
"Vic Reeves & The Wonder Stuff","Dizzy"
"Vicky Leandros","Après Toi"
"Victoria Beckham","A Mind Of Its Own"
"Victoria Beckham","Not Such An Innocent Girl"
"Victoria Monet","On My Mama"
"Victoria Wood","Barry And Freda"
"Village People","In The Navy"
"Village People","Y.M.C.A."
"Vincent Niclo","Adagio"
"Violent Femmes","Blister In The Sun"
"Visage","Fade To Grey"
"Vishal Dadlani & Hamsika Iyer","1 2 3 4 Get on the Dance Floor"
"Vishal Mishra & Rahul Sipligunj","Nacho Nacho"
"Vitamin C","Graduation (Friends Forever)"
"Vonda Shepard","Searchin' My Soul"
"W*A*R*D feat. Right Said Fred","Wunderbar"
"Wael Jassar","Baadak Bethebbo"
"Wael Kfoury","Bel Gharam"
"Wael Kfoury","Hala2 Ta Fe2ti"
"Wael Kfoury","Lail wa ra'ed wa reeh"
"Wafeek Habib","Layky Layky"
"Waitress (Musical)","Bad Idea"
"Waitress (Musical)","Everything Changes"
"Waitress (Musical)","Opening Up"
"Waitress (Musical)","She Used To Be Mine"
"Waitress (Musical)","When He Sees Me"
"Waleed Al Shami","Ahebah Kolesh"
"Walk The Moon","Shut Up and Dance"
"Walking On Cars","Speeding Cars"
"Wanda Jackson","Right Or Wrong"
"Wang Chung","Everybody Have Fun Tonight"
"Wang Fei","Wo Yuan Yi"
"Wang Jie","Yi Chang You Xi Yi Chang Meng"
"Wang Lihong","Long De Chuan Ren"
"Wankelmut & Emma Louise","My Head Is A Jungle (MK Remix)"
"Ward Thomas","Carry You Home"
"Warpaint","Undertow"
"Warren G","Regulate"
"Was Not Was","Walk The Dinosaur"
"Wayne Fontana","Pamela Pamela"
"Wayne Fontana & The Mindbenders","Game Of Love"
"Wayne Wonder","No Letting Go"
"We Are Scientists","After Hours"
"Weezer","Buddy Holly"
"Weezer","Island In The Sun"
"Weezer","Pork And Beans"
"Weezer","Say It Ain't So"
"Wendy Molton","Come In Out Of The Rain"
"West Side Story (Musical)","America"
"West Side Story (Musical)","I Feel Pretty"
"West Side Story (Musical)","Maria"
"West Side Story (Musical)","Something's Coming"
"West Side Story (Musical)","Tonight"
"Westlife","A World Of Our Own"
"Westlife","Angel"
"Westlife","Bop Bop Baby"
"Westlife","Dynamite"
"Westlife","Flying Without Wings"
"Westlife","Fool Again"
"Westlife","Hello My Love"
"Westlife","Home"
"Westlife","I Don't Wanna Fight"
"Westlife","I Have A Dream"
"Westlife","I Lay My Love On You"
"Westlife","If I Let You Go"
"Westlife","Lighthouse"
"Westlife","Mandy"
"Westlife","Miss You Nights"
"Westlife","My Blood"
"Westlife","My Love"
"Westlife","Queen Of My Heart"
"Westlife","Safe"
"Westlife","Seasons In The Sun"
"Westlife","Smile"
"Westlife","Swear It Again"
"Westlife","That's Where You Find Love"
"Westlife","The Rose"
"Westlife","Tonight"
"Westlife","Unbreakable"
"Westlife","Uptown Girl"
"Westlife","Us Against The World"
"Westlife","What About Now"
"Westlife","What Makes A Man"
"Westlife","When You're Looking Like That"
"Westlife","World Of Our Own"
"Westlife","You Raise Me Up"
"Westlife Feat. Diana Ross","When You Tell Me That You Love Me"
"Wet Leg","Chaise Longue"
"Wet Wet Wet","Angel Eyes"
"Wet Wet Wet","Don't Want To Forgive Me Now"
"Wet Wet Wet","Goodnight Girl"
"Wet Wet Wet","If I Never See You Again"
"Wet Wet Wet","Julia Says"
"Wet Wet Wet","Love Is All Around"
"Wet Wet Wet","Somewhere Somehow"
"Wet Wet Wet","Sweet Little Mystery"
"Wet Wet Wet","Temptation"
"Wet Wet Wet","Wishing I Was Lucky"
"Wet Wet Wet","With A Little Help From My Friends"
"Wham!","Bad Boys"
"Wham!","Club Tropicana"
"Wham!","Everything She Wants"
"Wham!","Freedom"
"Wham!","If You Were There"
"Wham!","I'm Your Man"
"Wham!","Last Christmas"
"Wham!","The Edge Of Heaven"
"Wham!","Wake Me Up Before You Go-Go"
"Wham!","Wham Rap! (Enjoy What You Do)"
"Wheatus","A Little Respect"
"Wheatus","Teenage Dirtbag"
"Whigfield","Saturday Night"
"White Lies","Farewell To The Fairground"
"White Lies","To Lose My Life"
"White Lion","Til Death Do Us Part"
"White Plains","My Baby Loves Lovin'"
"Whitesnake","Fool For Your Loving"
"Whitesnake","Here I Go Again"
"Whitesnake","Is This Love"
"Whitney Houston","All At Once"
"Whitney Houston","All The Man That I Need"
"Whitney Houston","Didn't We Almost Have It All"
"Whitney Houston","Exhale (Shoop Shoop)"
"Whitney Houston","Heartbreak Hotel"
"Whitney Houston","How Will I Know"
"Whitney Houston","I Believe In You And Me"
"Whitney Houston","I Have Nothing"
"Whitney Houston","I Learned From The Best"
"Whitney Houston","I Look To You"
"Whitney Houston","I Wanna Dance With Somebody"
"Whitney Houston","I Will Always Love You"
"Whitney Houston","I'm Every Woman"
"Whitney Houston","I'm Your Baby Tonight"
"Whitney Houston","It's Not Right But It's Okay"
"Whitney Houston","Jesus Loves Me"
"Whitney Houston","Love Will Save The Day"
"Whitney Houston","Million Dollar Bill"
"Whitney Houston","Miracle"
"Whitney Houston","My Heart Is Calling"
"Whitney Houston","My Love Is Your Love"
"Whitney Houston","One Moment In Time"
"Whitney Houston","Queen Of The Night"
"Whitney Houston","Run To You"
"Whitney Houston","Saving All My Love For You"
"Whitney Houston","So Emotional"
"Whitney Houston","Star Spangled Banner"
"Whitney Houston","Step By Step"
"Whitney Houston","The Greatest Love Of All"
"Whitney Houston","Where Do Broken Hearts Go"
"Whitney Houston & Ce Ce Winans","Count On Me"
"Whitney Houston & Enrique Inglesias","Could I Have This Kiss Forever"
"Whitney Houston & George Michael","If I Told You That"
"Who Is Fancy Feat. Meghan Trainor and Ariana Grande","Boys Like You"
"Why Don't We & Macklemore","I Don't Belong In This Club"
"Wicked (Musical)","As Long As You're Mine"
"Wicked (Musical)","Defying Gravity"
"Wicked (Musical)","I'm Not That Girl"
"Wicked (Musical)","Popular"
"Wicked (Musical)","The Wizard And I"
"Wicked (Musical)","What Is This Feeling?"
"Wild Cherry","Play That Funky Music"
"Wiley","Heatwave"
"Wiley","Summer Time"
"Wiley","Wot Do You Call It"
"Wiley Feat. Angel & Tinchy Stryder","Lights On"
"Wiley Feat. Emeli Sandé","Never Be Your Woman"
"Wiley Feat. Skepta JME & Ms D","Can You Hear Me (Ayayaya)"
"Wilkinson","Afterglow"
"Wilkinson Feat. Detour City","Too Close"
"Will Ferrell, My Marianne","Jaja Ding Dong"
"Will Fyffe","I Belong To Glasgow"
"Will Smith","Freakin' It"
"Will Smith","Gettin' Jiggy Wit It"
"Will Smith","Just The Two Of Us"
"Will Smith","Miami"
"Will Smith","Switch"
"Will Smith","Wild Wild West"
"Will Young","All Time Love"
"Will Young","Brave Man"
"Will Young","Changes"
"Will Young","Come On"
"Will Young","Don't Let Me Down"
"Will Young","Evergreen"
"Will Young","Grace"
"Will Young","I Just Want A Lover"
"Will Young","Jealousy"
"Will Young","Joy"
"Will Young","Leave Right Now"
"Will Young","Light My Fire"
"Will Young","Losing Myself"
"Will Young","Midnight"
"Will Young","Thank you"
"Will Young","Who Am I"
"Will Young","You And I"
"Will Young","Your Game"
"Will Young & Gareth Gates","The Long And Winding Road"
"will.i.am","Bang Bang"
"will.i.am & Britney Spears","Mind Your Business"
"will.i.am Feat. Britney Spears","Scream And Shout"
"will.i.am Feat. Cody Wise","It's My Birthday"
"will.i.am Feat. Eva Simons","This Is Love"
"will.i.am Feat. Jennifer Lopez and Mick Jagger","T.H.E. (The Hardest Ever)"
"will.i.am Feat. Miley Cyrus, French Montana & Wiz Khalifa","Feelin' Myself"
"will.i.am Feat. Pia Mia","Boys And Girls"
"Willow Smith","21st Century Girl"
"Willow Smith","Whip My Hair"
"Willow Smith Feat. Nicki Minaj","Fireball"
"Wilson Phillips","Hold On"
"Wilson Pickett","In The Midnight Hour"
"Wilson Pickett","Land Of 1000 Dances"
"Wilson Pickett","Stagger Lee"
"Windsor Davies & Don Estelle","Whispering Grass"
"Wings","C Moon"
"Wings","Mull Of Kintyre"
"Winnie The Pooh (Disney)","Winnie The Pooh"
"Wisin & Yandel","Algo Me Gusta De Ti"
"Wisin Feat. Jennifer Lopez & Ricky Martin","Adrenalina"
"Wiz Khalifa","Black And Yellow"
"Wiz Khalifa","No Sleep"
"Wiz Khalifa","Roll Up"
"Wiz Khalifa Feat. Charlie Puth","See You Again"
"Wizkid feat. Asake","Jogodo"
"Wizkid feat. Burna Boy","Ginger"
"WizTheMc","Show Me Love"
"Wizzard","I Wish It Could Be Christmas Every Day"
"Wolf Alice","Beautifully Unconventional"
"Wolf Alice","Bros"
"Wolfmother","Back Round"
"Womack & Womack","Teardrops"
"Wombats","Let's Dance To Joy Division"
"Wombats","Moving To New York"
"Wretch 32 Feat. Jacob Banks","Doing OK"
"Wretch 32 Feat. Josh Kumra","Don't Go"
"WSTRN","In2"
"Wu Bai","Bai Ge"
"Wu Bai","Lei Qiao"
"Wurzels","Combine Harvester (Brand New Key)"
"Wurzels","I'm A Cider Drinker"
"Wyclef Jean","Gone Till November"
"Wyclef Jean","Perfect Gentleman"
"Wyclef Jean","Pussycat"
"X Ambassadors","Renegades"
"X Ambassadors","Unsteady (Erich Lee Gravity Remix)"
"X pose","Dard Dilo Ke"
"Xavi","La Diabla"
"X-Factor Finalists 2008","Hero"
"X-Factor Finalists 2009","You Are Not Alone"
"X-Factor Finalists 2010","Heroes"
"X-Factor Finalists 2011","Wishing On A Star"
"Xiao Hu Dui","Ai"
"X-Ray Spex","Germ Free Adolescent"
"XTC","Senses Working Overtime"
"XXXTENTACION","Moonlight"
"Yandel","Encantadora"
"Yang Yu Ying","Qing Qing De Gao Su Ni"
"Yang Yu Ying","Wo Bu Xiang Shuo"
"Yannick","Ces soirées là"
"Yara","Ma Baaref"
"Yariyaan","Sunny Sunny"
"Yasmin","Finish Line"
"Yazoo","Don't Go"
"Yazoo","Nobody's Diary"
"Yazoo","Only You"
"Yazoo","Situation"
"Yazz & The Plastic Population","The Only Way Is Up"
"Ye Jawani Hai Deewani","Balam Pichkari"
"Ye Qian Wen","Zhen Xin Zhen Yi Guo Yi Sheng"
"Yeah Yeah Yeahs","Gold Lion"
"Yeah Yeah Yeahs","Heads Will Roll"
"Yeah Yeah Yeahs","Sacrilege"
"Yeah Yeah Yeahs","Zero"
"Years & Years","Crave"
"Years & Years","Desire"
"Years & Years","Eyes Shut"
"Years & Years","If You're Over Me"
"Years & Years","King"
"Years & Years","Meteorite"
"Years & Years","Sanctify"
"Years & Years","Shine"
"Years & Years","Starstruck"
"Yeh Jawaani Hai Deewani","Dilliwali Girlfriend"
"Yeh Jawaani Hai Deewani","Ghagra"
"Yeh Jawaani Hai Deewani","Ilahi"
"Yeh Jawaani Hai Deewani","Kabira"
"Yello","The Race"
"Yes","I've Seen All Good People"
"Yes","Love Will Find A Way"
"Yes","Owner Of A Lonely Heart"
"Yin Yi Lian","Ai Shang Yi Ge Bu Hui Jia De Ren"
"Yin Yi Lian","Zhi Shao Hai You Ni"
"Ylvis","The Fox"
"Yo Yo Honey Singh","Blue Eyes"
"Yo Yo Honey Singh","Dheere Dheere Se Meri Zindagi"
"Yo Yo Honey Singh","High Heels"
"Yo Yo Honey Singh & Gippy Grewal","Angreji Beat"
"Yo Yo Honey Singh, Neha Kakkar","Aao Raja"
"Yolanda Be Cool Feat. D Cup","We No Speak Americano"
"You Me At Six","Lived A Lie"
"You Me At Six Feat. Chiddy Bang","Rescue Me"
"You+Me","Capsized"
"Young MC","Bust A Move"
"Young Money","Every Girl"
"Young Money Feat. Lloyd","Bedrock"
"Youth Group","Forever Young"
"Yungblud","Breakdown"
"Yungblud","Die A Little"
"Yungen Feat. Yxng Bane","Bestie"
"Yuri Buenaventura","Ne me quitte pas"
"Yvonne Elliman","If I Can't Have You"
"Yvonne Fair","It Should Have Been Me"
"Zac Brown Band","Beautiful Drug"
"Zac Brown Band","Chicken Fried"
"Zac Brown Band","Homegrown"
"Zac Brown Band Feat. Alan Jackson","As She's Walking Away"
"Zac Efron & Zendaya","Rewrite The Stars (The Greatest Showman)"
"Zach Bryan","This World's A Giant"
"Zack Knight","Angel"
"Zager & Evans","In The Year 2525"
"Zara Larsson","Ain't My Fault"
"Zara Larsson","All The Time"
"Zara Larsson","Blue Moon"
"Zara Larsson","Look What You've Done"
"Zara Larsson","Lush Life"
"Zara Larsson","Memory Lane"
"Zara Larsson","Midnight Sun"
"Zara Larsson","Pretty Ugly"
"Zara Larsson","Ruin My Life"
"Zara Larsson","Venus"
"Zara Larsson & Shakira","Eurosummer (Girls Trip)"
"Zara Larsson,  David Guetta","On My Love"
"ZAYN","It's You"
"ZAYN","Let Me"
"ZAYN","Like I Would"
"Zayn","Love Like This"
"ZAYN","Pillowtalk"
"ZAYN","Sideways"
"ZAYN","Sour Diesel"
"ZAYN","There You Are"
"Zayn","What I Am"
"ZAYN & Taylor Swift","I Don't Wanna Live Forever"
"ZAYN Feat. PARTYNEXTDOOR","Still Got Time"
"ZAYN Feat. Sia","Dusk Till Dawn"
"Zaz","Je veux"
"Zaz","La vie en rose"
"Zedd & Alessia Cara","Stay"
"Zedd & Elley Duhe","Happy Now"
"Zedd & Grey Feat. Maren Morris","The Middle"
"Zedd & Liam Payne ","Get Low"
"Zedd feat Foxes","Clarity"
"Zedd Feat. Hayley Williams","Stay The Night"
"Zedd Feat. Selena Gomez","I Want You To Know"
"Zero","Mere Naam Tu"
"Zero 7","Destiny"
"Zhang Guo Rong","Dang Ai Yi Cheng Wang Shi"
"Zhang Hao Zhe","Zai Hui Dao Cong Qian"
"Zhang Xìn Zhe","Ai Ru Chao Shui"
"Zhang Xue You","Ni Hao Du"
"Zhang Xue You","Wen Bie"
"Zhang Yu","Yue Liang Re De Huo"
"Zhang Yu Sheng","Wo De Wei lai Bu Shi Meng"
"Zhang Yu Sheng","Yi Tian Dao Wan You Yong De Yu"
"Zhang Zhen Yue","Zai Jian"
"Zhao Yong Hua","Zui Lang Man De Shi"
"Zheng Zhi Hua","Shui Shou"
"Ziad Bourji","7ata El Ward"
"Ziad Bourji","Shou Helou"
"Zoe","Sunshine On A Rainy Day"
"Zombies 2 Cast","Call to The Wild"
"Zombies 2 Cast","Flesh & Bone"
"Zombies 2 Cast","Like The Zombies Do"
"Zombies 2 Cast","One for All"
"Zombies 2 Cast","We Got This"
"Zombies 2 Cast","We Own the Night"
"Zombies 3 Cast","Exceptional Zed"
"Zombies 3 Cast","I'm Finally Me"
"Zombies 3 Cast","Nothing But Love"
"Zouhair Bahaoui","Décapotable"
"Zucchero","Baila Morena"
"Zucchero","Così celeste"
"Zucchero","Diamante"
"Zucchero","Diavolo In Me"
"Zucchero","Guantanamera (Guajira)"
"Zucchero","Il Volo"
"Zucchero","Senza una donna"
"ZZ Top","Gimme All Your Lovin'"
"ZZ Top","Legs"
"ZZ Top","Sharp Dressed Man"
"ZZ Top ","Tush"
"Агата Кристи","Как на войне"
"Агата Кристи","Опиум для никого"
"Агата Кристи","Сказочная тайга"
"Александр Розенбаум","Валь-бостон"
"Александр Розенбаум","Гоп-стоп"
"Александр Серов","Я люблю тебя до слёз"
"Алёна Свиридова","Розовый фламинго"
"Алла Пугачёва","Куда уходит детство"
"Алла Пугачёва","Любовь похожая на сон"
"Алла Пугачёва","Нравиться"
"Алла Пугачёва","Позови меня с собой"
"Аллегрова Ирина","Верьте в любовь, девчонки"
"Аллегрова Ирина","Миражи"
"Аллегрова Ирина","Первая любовь - любовь последняя"
"Аллегрова Ирина","Странник"
"Аллегрова Ирина","Фотография 9х12"
"Аллегрова Ирина","Я тебе не верю"
"Алсу","Зимний сон"
"Андрей Губин","Такие девушки как звезды"
"Андрей Губин","Такие девушки как звёзды"
"Анжелика Варум","Городок"
"Анжелика Варум","Зимняя Вишня"
"Апина Алена","Электричка"
"Ария","Беспечный ангел"
"Ария","Возьми мое сердце"
"Ария","Закат"
"Ария","Осколок льда"
"Ария","Там высоко"
"Ария","Улица Роз"
"Ах, Водевиль, Водевиль","Ах, этот вечер"
"Белый Орел","Потому что нельзя быть красивой такой"
"Билан Дима","Невозможное возможно"
"Божья коровка","Гранитный камушек"
"Бока","Доля воровская"
"Бока","Фергана"
"Боярский Михаил","Автомобиль"
"Боярский Михаил","Большая медведица"
"Боярский Михаил","Городские цветы"
"Боярский Михаил","Зеленоглазое такси"
"Боярский Михаил","Сяду в скорый поезд"
"Браво","Вася"
"Брежнева Вера","Любовь спасёт мир"
"Бременские музыканты","Баюшки-баю"
"Бременские музыканты","Песенка друзей"
"Бриллиантовая рука","Песня про зайцев"
"Бублик Михаил","Сам тебя выдумал"
"Буланова Татьяна","Мама"
"Буланова Татьяна","Ясный мой свет"
"Бурито Feat. Елка","Ты знаешь"
"Бутусов Вячеслав","Девушка по городу"
"Бутусов Вячеслав","Песня идущего домой"
"Бутырка","Запахло весной"
"Ваенга Елена","Аэропорт"
"Валерий Меладзе","Красиво"
"Валерий Меладзе","Текила любовь"
"Валерий Сюткин","Семь тысяч над землей"
"Валерия","Нежность моя"
"Валерия","Ты где то там"
"Валерия","Часики"
"Вахтанг Кикабидзе","Мои года"
"Верка Сердючка","Гуляночка"
"Верка Сердючка","Дольче Габбана"
"Верка Сердючка","Чита дрита"
"Веселая карусель","Два веселых гуся"
"Виа Гра","Бриллианты"
"Виа Гра","Не оставляй меня, любимый!"
"Виа Гра","Океан и три реки"
"Виа Гра","Перемирие"
"Виа Гра","Попытка No.5"
"Виа Гра","Пошёл вон"
"Виа Гра","Притяженья больше нет"
"Виа Гра Feat. Вахтанг","У меня появился другой"
"ВиаГра","Good morning, папа!"
"ВиаГра","Алло, мам!"
"ВиаГра","Антигейша"
"ВиаГра","Биология"
"ВиаГра","День без тебя"
"ВиаГра","ЛМЛ"
"ВиаГра","Мир, о котором я не знала до тебя"
"ВиаГра","Обмани, но останься"
"ВиаГра","Стоп!Стоп!Стоп!"
"ВиаГра","Убей мою подругу"
"ВиаГра","Цветок и нож"
"ВиаГра","Я не вернусь"
"ВиаГра","Я не поняла"
"Владимир Высоцкий","Охота на волков"
"Владимир Кузьмин","Две звезды"
"Владимир Кузьмин","Сказка в моей жизни"
"Владимир Кузьмин","Я не забуду тебя"
"Власова Наталья","Я у твоих ног"
"Военные песни","Смуглянка"
"Воробьев Алексей","Сумасшедшая"
"Гагарина Полина","Нет"
"Газманов Олег","Офицеры"
"Гарик Кричевский","Плановая"
"Гарик Сукачев","Моя бабушка курит трубку"
"Глюкоза","Невеста"
"Город 312","Останусь"
"Гости из будущего","Беги от меня"
"Гости из будущего","Осень-осень"
"Гости из будущего","Почему ты, почему навсегда"
"Гостья из будущего","Прекрасное далеко"
"Градусы","Градус 100"
"Губин Андрей","Зима, холода"
"Губин Андрей","Лиза"
"Губин Андрей","Те, кто любит"
"Гурцкая Диана","Ты здесь"
"ДДТ","В последнюю осень"
"ДДТ","Что такое осень"
"Дед Мороз и лето","Песенка о лете"
"Джиган","Крик моей души"
"Диана Гурская","Ты знаешь Мама"
"Дима Билан","Ночной хулиган"
"Дима Билан","Я просто люблю тебя"
"Дискотека Авария","Если хочешь остаться"
"Дискотека Авария","Малинки"
"Дискотека Авария","Новогодняя"
"Дмитрий Маликов","Звезда моя далёкая"
"Днепров Анатолий","Радовать"
"Дорн Иван","Целовать другого"
"Дубцова Ирина","Спи, мое солнышко"
"Ева Польна","Весь мир на ладони моей"
"Егор Крид","Невеста"
"Егор Крид","Самая самая"
"Елена Ваенга","Желаю"
"Елена Ваенга","Курю"
"Елена Темникова","Наверно"
"Елка","Прованс"
"Жестокий Романс","Мохнатый шмель"
"Зара","Недолюбила"
"Земля Санникова","Есть только миг"
"Земфира","Лондон"
"Земфира","Я искала тебя"
"Иван Дорн","Бигуди"
"Иван Дорн","Невоспитанный"
"Иван Дорн","Северное сияние"
"Иван Дорн","Стыцамэн"
"Иван Кучин","Человек в телогрейке"
"Иванов Александр","Я буду помнить"
"Игорь Корнелюк","Город которого нет"
"Игорь Саруханов","Желаю тебе"
"Из к/ф ""Ах, Водевиль, Водевиль...""","Гадалка"
"Из к/ф ""Мэри Поппинс, до свидания""","Непогода"
"Из к/ф ""Оттепель""","Оттепель"
"Из к/ф ""Чародеи""","Снежинка"
"Из к/ф ""Чародеи""","Три белых коня"
"Из к/ф Бриллиантовая рука","Остров невезения"
"Из к/ф Бриллиантовая рука","Помоги мне!"
"Из к/ф Жестокий романс","Под лаской плюшевого пледа"
"Из к/ф Иван Васильевич меняет профессию","Кап-кап-кап"
"Из м/ф Летучий корабль","Песня царевны Забавы"
"Инь-Ян","Не отпускай моей руки"
"Инь-Ян","Пофиг"
"Иракли","Вова чума"
"Ираклий Пирцхалава","Лондон-Париж"
"Ирина Аллегрова","Бабы-стервы"
"Ирина Аллегрова","Гарем"
"Ирина Аллегрова","Императрица"
"Ирина Аллегрова","Младший лейтенант"
"Ирина Аллегрова","Незаконченный роман"
"Ирина Аллегрова","Привет, Андрей"
"Ирина Аллегрова","Угонщица"
"Ирина Аллегрова","Я тучи разведу руками"
"Ирина Дубцова","О нем"
"Ирина Круг","Пой, гитара звонкая"
"Кабаре дуэт Академия","Ту ту ту на на на"
"Каникулы в Простоквашино","Кабы не было зимы"
"Караулова Юлианна","Ты не такой"
"Катя Лель","Мой мармеладный"
"Катя Лель","Я по тебе скучаю"
"Кино","Звезда по имени солнце"
"Кино","Пачка сигарет"
"Кино","Хочу перемен"
"Кипелов","Я здесь"
"Кипелов","Я свободен"
"Комбинация","Бухгалтер"
"Королева Наташа","Желтые тюльпаны"
"Крид Егор","Мне нравится"
"Кузьмин Владимир","5 минут от твоего дома"
"Леонид Агутин","Парень чернокожий"
"Лепс Григорий","Лабиринт"
"Лепс Григорий","Обернитесь"
"Лепс Григорий","Она не твоя"
"Лепс Григорий","Рюмка водки на столе"
"Лепс Григорий","Самый лучший день"
"Лепс Григорий и Лорак Ани","Зеркала"
"ЛеРа","Последний звонок"
"Лесоповал","Я куплю тебе дом"
"Летучий корабль","А мне летать охота!"
"Лещенко Лев","Прощай!"
"Лицей","Осень"
"Лобода Светлана","40 градусов"
"Лобода Светлана","Пора Домой"
"Лобода Светлана","Революция"
"Лобода Светлана","Твои глаза"
"Лолита","На Титанике"
"Лолита","Пошлю его на..."
"Лорак Ани","Верни мою любовь"
"Любе","Там за туманами"
"Любовь Успенская","Гитара"
"Любовь Успенская","К единственному нежному"
"Любовь Успенская","Пропадаю я"
"Любэ","Комбат"
"Любэ","Не валяй дурака, Америка"
"Любэ","Ты неси меня река"
"Ляпис Трубецкой","Яблони"
"МакSим","Мой рай"
"МакSим","Научусь летать"
"Маша Распутина","Отпусти меня в гималаи"
"Меладзе Валерий","Актриса"
"Меладзе Валерий","Вопреки"
"Меладзе Валерий","Девушки из высшего общества"
"Меладзе Валерий","Иностранец"
"Меладзе Валерий","Как ты красива сегодня"
"Меладзе Валерий","Не тревожь мне душу, скрипка"
"Меладзе Валерий","Небеса"
"Меладзе Валерий","Самбо белого мотылька"
"Меладзе Валерий","Се ля ви"
"Меладзе Валерий","Сэра"
"Меладзе Валерий","Я не могу без тебя"
"Митя Фомин","Всё будет хорошо"
"Михаил Боярский","Рыжий конь"
"Михаил Круг","Владимирский Централ 2"
"Михаил Круг","Водочку пьём"
"Михаил Круг","Роза"
"Михаил Шуфутинский","Еврейский портной"
"Михаил Шуфутинский","Третье сентября"
"Михальчик Юлия","Лебедь белая"
"Монатик","Кружит"
"Монгол Шуудан","Москва"
"Мот","День и ночь"
"Мот","Капкан"
"Мэри Поппинс, до свидания","33 коровы"
"Мэри Поппинс, до свидания","Ветер перемен"
"Мэри Поппинс, до свидания","Леди Совершенство"
"Мэри Поппинс, до свидания","Цветные сны"
"Найк Борзов","Лошадка"
"Наргиз","Ты моя нежность"
"Наргиз","Я не твоя"
"Народная","Ах, Самара-городок"
"Народная","Виновата ли я"
"Народная","Выйду на улицу"
"Народная","Калина"
"Народная","Крутится, вертится шар голубой"
"Народная","Напилася я пьяна"
"Народная","Однажды морем я плыла"
"Народная","У церкви стояла карета"
"Народная","Цыганочка"
"Народная песня","Мурка"
"Натали","Ветер с моря дул"
"Натали","Николай"
"Натали","О, боже, какой мужчина"
"Наутилус Помпилиус","Дыхание"
"Наутилус Помпилиус","Крылья"
"Наутилус Помпилиус","Прогулки по воде"
"Наутилус Помпилиус","Скованные одной цепью"
"Наутилус Помпилиус","Я хочу быть с тобой"
"Не Ангелы","Роман"
"Не Ангелы","Юра, прости"
"Непоседы","Мы - дети солнца"
"Несчастный случай","Генералы песчаных карьеров"
"Николаев Игорь","Выпьем за любовь"
"Николаев Игорь","Дельфин и русалка"
"Николаев Игорь","Пять причин"
"Николаев Игорь","Такси, такси"
"Нэнси","Дым сигарет с ментолом"
"Нюша","Ангел"
"Нюша","Воспоминание"
"Нюша","Выше"
"Нюша","Не перебивай"
"Нюша","Только"
"Нюша","Цунами"
"Нюша","Чудо"
"Нюша","Это Новый Год"
"Океан Ельзи","Без бою"
"Океан Ельзи","Друг"
"Олег Газманов","Мои ясные дни"
"Олег Газманов","Морячка"
"Орбакайте Кристина","Губки бантиком"
"Орбакайте Кристина","Свет твоей любви"
"Отпетые мошенники","Люби меня, люби"
"Пелагея","Шел казак на побывку"
"Пицца","Оружие"
"Полина Гагарина","Спектакль окончен"
"Полина Гагарина","Я тебя не прощу никогда"
"Пресняков Владимир Мл.","Замок из дождя"
"Приключения Электроника","До чего дошел прогресс"
"Приключения Электроника","Колокола"
"Приключения Электроника","Крылатые качели"
"Приключения Электроника","Мы - маленькие дети"
"Приключения Электроника","Ты - человек"
"Приходько Анастасия","Безответно"
"Пропаганда","Мелом"
"Пугачева Алла","Айсберг"
"Пугачева Алла","Белый снег"
"Пугачева Алла","Бессонница"
"Пугачева Алла","Мадам Брошкина"
"Пугачева Алла","Настоящий полковник"
"Пугачева Алла","Озеро надежды"
"Пугачева Алла","Опять метель"
"Рок-опера Юнона и Авось","Я тебя никогда не забуду"
"Ротару София","Он меня не нашел"
"Руки Вверх","18 мне уже"
"Руки Вверх","Ай-яй-яй"
"Руки Вверх","Алешка"
"Руки Вверх","Он тебя целует"
"Руки Верх","Крошка моя"
"Савичева Юлия","Высоко"
"Самоцветы","Все, что в жизни есть у меня"
"Сектор Газа","Вальпургиева ночь"
"Серебро","Мало тебя"
"Серебро","Мама Люба"
"Серебро","Перепутала"
"Скляр Игорь","Комарово"
"Слава","Одиночество"
"Сличенко Николай","Очи черные"
"Смысловые Галлюцинации","Вечно молодой"
"Смысловые Галлюцинации","Зачем топтать мою любовь"
"Согдиана","Сердце-магнит"
"София Ротару","Одна калина"
"София Ротару","Червона рута"
"Сплин","Выхода нет"
"Стас Михайлов","Белая берёза"
"Стас Михайлов","Всё для тебя"
"Стас Михайлов и Эмин","Берега"
"Сукачев Гарик","Я милого узнаю по походке"
"Танцы Минус","Город"
"Татьяна Буланова","Мой ненаглядный"
"Татьяна Овсиенко","Школьная пора"
"Татьяна Овсиенко","Шофер-дальнобойщик"
"Тимати","Плачут небеса"
"Тимати","Сколько стоит любовь"
"Тимати Feat. Рекорд Оркестр","Баклажан"
"Тина Кароль","Выше облаков"
"Успенская Любовь","Карусель"
"Фабрика","Не виноватая я"
"Фабрика","Понимаешь"
"Филипп Киркоров","Жестокая любовь"
"Филипп Киркоров","Немного жаль"
"Фриске Жанна","Ла-ла-ла"
"Фристайл","Ах какая женщина"
"Ханна","Омар Хайям"
"Ханна","Потеряла голову"
"Хворостян Алексей","Я служу России"
"Чай вдвоем","Белое платье"
"Чай вдвоем","День рождения"
"Чиж и Со","Фантом"
"Чичерина","Ту лу ла"
"Шура","Отшумели летние дожди"
"Шуфутинский Михаил","Таганка"
"Эльбрус Джанмирзоев и Alexandros Tsopozidis","Бродяга"
"Юлия Савичева","Прости за любовь"
"Юрий Лоза","Плот"
"Ялла","Чайхана"
